{"type":"FeatureCollection", "features": [
{"type":"Feature","geometry":{"type":"Polygon","coordinates":[[[52.09906431500926,30.39519151650506],[52.09651616152215,30.39682809550316],[52.09542359103499,30.39686207734843],[52.09221038400003,30.39516103267232],[52.09116873160293,30.39573594854755],[52.08842207604846,30.39591226123184],[52.0862587678281,30.39471889668431],[52.08475129128409,30.39558863557064],[52.08410837436907,30.39398331921974],[52.08297858100467,30.39264596741639],[52.08183217456432,30.39387135393734],[52.08008409835237,30.39179693084862],[52.07969971935959,30.39044436013616],[52.07692116913086,30.38829493949729],[52.07680564607384,30.38742965570171],[52.0782371751225,30.38675689184942],[52.07710545340662,30.38576238634624],[52.0752750046304,30.38523155583025],[52.07445236105106,30.38370661895366],[52.07325845489904,30.38266972919704],[52.07547632759145,30.38062801498914],[52.07567179937661,30.37953007426907],[52.07434019534011,30.37672350213399],[52.07277543019219,30.3762039831727],[52.07110098699294,30.37343853790155],[52.06948331819054,30.37301190084828],[52.07044247547173,30.37048653985496],[52.06893707523316,30.366564690723],[52.06786504189108,30.36588542553968],[52.06434744768751,30.36248299445948],[52.06392155625892,30.36098858654298],[52.06462318411513,30.35725848620533],[52.06219072319056,30.35370130123486],[52.06117812986679,30.35276763701064],[52.06163532835961,30.35126656456221],[52.06150491944666,30.3495046015219],[52.06046349144333,30.34847456033622],[52.05902003655283,30.34889682804512],[52.0586621984636,30.34720749840211],[52.05650109438946,30.34560077237149],[52.05557569968423,30.34425699578461],[52.05484474767322,30.34430801201107],[52.0545209806258,30.34200740484094],[52.05319315186289,30.33956825689632],[52.05293166242281,30.33731000284531],[52.05032660600266,30.33592781475851],[52.05161285946083,30.33388044468258],[52.05026997457951,30.33403335529548],[52.05225083034689,30.32921472504315],[52.05300099810638,30.32695960309847],[52.05487690260821,30.32365545437425],[52.05739500392699,30.32059874485876],[52.0595003909195,30.31961620391036],[52.06142084099343,30.31812530778697],[52.06283785643976,30.31582862435491],[52.06484287255666,30.31092839874911],[52.06573654747686,30.3106210935337],[52.06794964099985,30.30707038177779],[52.0692082233963,30.30313942942117],[52.06932550844999,30.30190903038642],[52.07185975261702,30.29767887194294],[52.07388037403651,30.29738483606767],[52.07506408213214,30.29633291254497],[52.0788872457796,30.29512615024239],[52.08141368234869,30.29509401878818],[52.08282153510418,30.29416424599791],[52.08501937184085,30.2921496141808],[52.08691567646486,30.29079164776272],[52.08894722439817,30.29056271079602],[52.09236171252928,30.28951686903783],[52.09751201066658,30.28754954436332],[52.09874761498288,30.28745571153161],[52.10353646883542,30.28323308286524],[52.10757386735303,30.28347419708958],[52.11361369691156,30.28184611780538],[52.1165884251351,30.28046275952799],[52.1184340483894,30.28002290542452],[52.11995788759783,30.28020162401556],[52.12228235183991,30.28112917035992],[52.12350201879376,30.28061565552738],[52.12488070882512,30.27843595220622],[52.12557957507536,30.27573421426094],[52.12726394781208,30.27410228331612],[52.12851700343686,30.27418848951806],[52.12993887967622,30.27261969506926],[52.13126105182868,30.27204882899143],[52.13233736554598,30.27043787764322],[52.1339069033797,30.26912041831172],[52.13882938831614,30.26891527636018],[52.14041683550892,30.26994365716133],[52.14219051109044,30.26920858428091],[52.14476146483126,30.26887482619557],[52.14572943057139,30.26987246286695],[52.14913652196945,30.26897636405857],[52.15089804416755,30.26960154945143],[52.1515403155248,30.26874094112724],[52.15322774761501,30.26836290054101],[52.15505102553259,30.26677000165724],[52.15798360570837,30.2654830894549],[52.16037676112589,30.26523632084838],[52.16173355272897,30.26233231369383],[52.16413947190884,30.26064163196159],[52.16764048910366,30.25850126059272],[52.16921367452129,30.25815110596357],[52.17289585607441,30.25667670496726],[52.17852262974578,30.2574112203003],[52.18227480789986,30.25626302318971],[52.18403012910908,30.25518241582989],[52.18629130521723,30.25457543958976],[52.18809515329514,30.25623742184025],[52.18845252181747,30.25699890366921],[52.19032625872877,30.25787744849822],[52.19351450979917,30.25695061451561],[52.19518764665564,30.25579842225451],[52.19685958914653,30.25599745668903],[52.1983212382325,30.25519455402021],[52.20161684016703,30.25189342074399],[52.20629351951883,30.24968033499458],[52.21007746230249,30.24889650058973],[52.21329266332219,30.2486163625478],[52.21595291061865,30.25032416003294],[52.21795377025514,30.25028301178035],[52.22032186033876,30.24983913320737],[52.22200616910813,30.2504121971468],[52.22493051152939,30.25061497405092],[52.22725651704884,30.25185645387378],[52.23111919293065,30.25062236946939],[52.23339724749181,30.25363499758036],[52.23464136568609,30.25426843588881],[52.23612500505285,30.2535370954035],[52.23801238569065,30.25355987303793],[52.23982173257807,30.25414505721805],[52.24087325082979,30.25500809455261],[52.24340480369421,30.25583452173127],[52.24660199263157,30.25957131312227],[52.24795122588063,30.26074726803181],[52.25016394102983,30.26433769245671],[52.24998164023091,30.26651176373142],[52.24728331976058,30.26896473121384],[52.24646177084286,30.27022452134824],[52.24403851957563,30.27240185373279],[52.24331009161584,30.27476607954603],[52.241453456234,30.27726958529474],[52.23968370058953,30.27795632758098],[52.2379284092158,30.27953846052945],[52.23637896933443,30.28158106462231],[52.23592060187381,30.28316670599908],[52.23424131050967,30.28636773454168],[52.23431970021213,30.28723096478441],[52.23262875827007,30.28935381299645],[52.22953286219624,30.29164098500736],[52.22776258779954,30.29492174047284],[52.22650135371446,30.29634569492276],[52.22297400385503,30.29866834034287],[52.22068463874185,30.3007334680145],[52.21999464038462,30.30237761097433],[52.21857372580825,30.3034668663704],[52.21734327781885,30.3058762312013],[52.21523044472072,30.30799601861082],[52.21422796798456,30.30860987956294],[52.20959390214914,30.31005591176845],[52.20593850719003,30.31245147849101],[52.20468011589694,30.31362029716414],[52.20123818164777,30.31568442309684],[52.19843020753042,30.3168674034577],[52.19632290080557,30.31708745892266],[52.19543714088722,30.31764146043392],[52.19370652321678,30.31976643884094],[52.19017884946645,30.32144306423685],[52.189447125063,30.32210841449022],[52.18732676546377,30.32729346544737],[52.18400023047847,30.33048174545016],[52.18273343451156,30.33364230684326],[52.17173238574687,30.34138851751756],[52.17100057020727,30.34343431917722],[52.16811704570829,30.34601819388032],[52.168262440916,30.3465988916978],[52.16701802402579,30.34825223005472],[52.1651251117943,30.34846536885281],[52.16423829145133,30.34968237987011],[52.16191517778613,30.35041588228634],[52.16009482405824,30.35160281139142],[52.15727102889229,30.35405734176522],[52.15505874722399,30.35460702300314],[52.15317843708269,30.35618464181429],[52.15192229622733,30.35681380845031],[52.14866975218595,30.35733419769842],[52.14788948788663,30.35778770199839],[52.14332713079151,30.36277693071339],[52.14218953206736,30.36315457401976],[52.14057124771752,30.36184454766542],[52.13797638599201,30.35734652407551],[52.1341991487398,30.35726430825042],[52.13117902600128,30.35804392114855],[52.12761215072835,30.35929513642407],[52.12633896440901,30.36072502120074],[52.1247453099255,30.36103425671931],[52.1231548620307,30.36367370164556],[52.12064366768008,30.36388249080158],[52.12025479770307,30.36468438309517],[52.12215369245897,30.36643890623673],[52.12325526449791,30.36699565190864],[52.12259778255567,30.36870669586528],[52.1225331782658,30.37005397078418],[52.12161586110151,30.37139728823804],[52.12002663476215,30.37239670939976],[52.11874706115575,30.37488906431388],[52.11598315289953,30.37721137244529],[52.11553180206656,30.37836117930634],[52.11408074721219,30.3795150012206],[52.1121162640348,30.3827778514905],[52.10753705570076,30.38768930699738],[52.10566317711664,30.39030838791938],[52.1036322019601,30.39221367767293],[52.10153377821823,30.3933908780944],[52.09906431500926,30.39519151650506]]]},"properties":{"Name":"منطقه حفاظت شده تنگ بستانک","description":"<html xmlns:fo=\"http://www.w3.org/1999/XSL/Format\" xmlns:msxsl=\"urn:schemas-microsoft-com:xslt\">\n\n<head>\n\n<META http-equiv=\"Content-Type\" content=\"text/html\">\n\n<meta http-equiv=\"content-type\" content=\"text/html; charset=UTF-8\">\n\n</head>\n\n<body style=\"margin:0px 0px 0px 0px;overflow:auto;background:#FFFFFF;\">\n\n<table style=\"font-family:Arial,Verdana,Times;font-size:12px;text-align:left;width:100%;border-collapse:collapse;padding:3px 3px 3px 3px\">\n\n<tr style=\"text-align:center;font-weight:bold;background:#9CBCE2\">\n\n<td>منطقه حفاظت شده تنگ بستانک</td>\n\n</tr>\n\n<tr>\n\n<td>\n\n<table style=\"font-family:Arial,Verdana,Times;font-size:12px;text-align:left;width:100%;border-spacing:0px; padding:3px 3px 3px 3px\">\n\n<tr>\n\n<td>FID</td>\n\n<td>0</td>\n\n</tr>\n\n<tr bgcolor=\"#D4E4F3\">\n\n<td>OBJECTID_1</td>\n\n<td>1</td>\n\n</tr>\n\n<tr>\n\n<td>cod</td>\n\n<td>8</td>\n\n</tr>\n\n<tr bgcolor=\"#D4E4F3\">\n\n<td>tafkik_id</td>\n\n<td>3</td>\n\n</tr>\n\n<tr>\n\n<td>tafkik_nam</td>\n\n<td>منطقه حفاظت شده</td>\n\n</tr>\n\n<tr bgcolor=\"#D4E4F3\">\n\n<td>shahrestan</td>\n\n<td>مرودشت - سپیدان</td>\n\n</tr>\n\n<tr>\n\n<td>NAME1</td>\n\n<td>منطقه حفاظت شده تنگ بستانک</td>\n\n</tr>\n\n<tr bgcolor=\"#D4E4F3\">\n\n<td>sal_mosava</td>\n\n<td>1378</td>\n\n</tr>\n\n<tr>\n\n<td>AREA_ha</td>\n\n<td>15301</td>\n\n</tr>\n\n<tr bgcolor=\"#D4E4F3\">\n\n<td>F_AREA</td>\n\n<td>153013510.181</td>\n\n</tr>\n\n<tr>\n\n<td>Shape_Leng</td>\n\n<td>61791.743235</td>\n\n</tr>\n\n</table>\n\n</td>\n\n</tr>\n\n</table>\n\n</body>\n\n</html>\n\n","timestamp":null,"begin":null,"end":null,"altitudeMode":"clampToGround","tessellate":-1,"extrude":0,"visibility":-1,"drawOrder":null,"icon":null,"snippet":""}},
{"type":"Feature","geometry":{"type":"Polygon","coordinates":[[[53.29362138390696,29.21182839734319],[53.27971056809242,29.21551952669907],[53.27515005091962,29.21699267480826],[53.27368582396681,29.21678954150836],[53.2684176779523,29.20991962690744],[53.26363979927251,29.20121316766194],[53.25934628311669,29.19580037312438],[53.25972554768826,29.19340313758484],[53.27155411178781,29.16514448690321],[53.27315547307528,29.15898235086357],[53.28023929934952,29.14046607616833],[53.28757363359841,29.12037537656222],[53.29543060652917,29.10080768304917],[53.30396441064307,29.07854843974354],[53.31654430173881,29.04543768612645],[53.32372271506244,29.02673737272212],[53.32440627876669,29.0215108381332],[53.32536164043476,29.01879672700606],[53.32436758141112,29.01428489740761],[53.32307634386564,29.01299904733583],[53.32444060636275,29.01204617996345],[53.32409553575931,29.01130332553771],[53.32270201443026,29.01094850541478],[53.31977611920951,29.00356492847515],[53.31812223489582,28.99338053969763],[53.32134135188342,28.98313909703851],[53.31863583576109,28.96662867813721],[53.31903779311629,28.96578162589442],[53.31927049868744,28.96300390151693],[53.31992398213382,28.96005387882258],[53.32272381950276,28.95320615993896],[53.32353583534849,28.95153408180957],[53.32382578328789,28.94918694935656],[53.325200318402,28.94690583253071],[53.32691684135825,28.94464547167278],[53.32881804509699,28.94057087161787],[53.32926208848613,28.93885176045378],[53.33016460164932,28.93717262809204],[53.33315519856679,28.93364525447373],[53.33461219755515,28.93233102173471],[53.33839479371461,28.9311239554516],[53.34069938136965,28.93158735697176],[53.34175391821235,28.93227987692275],[53.34769851892379,28.94166742633914],[53.34775368661953,28.9427491023777],[53.34910841649526,28.94551324493787],[53.35249807266302,28.94663588437551],[53.35535254794842,28.94812868606596],[53.35912416702032,28.95251942705898],[53.36221759026714,28.96090965087179],[53.3628257966409,28.96465208171506],[53.36372655883193,28.97905963162398],[53.36392759980058,28.98339191030783],[53.36642219242527,28.98569963405201],[53.36683750227692,28.98657906272289],[53.36940857901764,28.98761933101997],[53.37202424906877,28.98902917911355],[53.37304838400611,28.9925327803771],[53.37379138969433,28.99296443920593],[53.3740820602958,28.99438460431247],[53.37398062869252,28.99733651714925],[53.3745548297663,28.99895116150005],[53.37542827943496,28.99947163915046],[53.37705735046712,29.0013544835629],[53.37951523737856,29.00255460677459],[53.38268716018251,29.00254506537495],[53.38684036635597,29.0037160197652],[53.38809139029824,29.00300209240926],[53.39035927833942,29.00249682204917],[53.3922209296996,29.00255372161135],[53.39559205588683,29.00133971672052],[53.39622143572251,28.99981372705684],[53.39887163859986,28.99732240371952],[53.40155149826655,28.99440638922601],[53.40187779039282,28.99318447011805],[53.40424074605915,28.9917231951676],[53.40541255415559,28.99065538980918],[53.40697101872925,28.9900805855878],[53.40942666760406,28.99013850298281],[53.41397112248868,28.99153813280555],[53.41497714556163,28.99220431084366],[53.41677505679802,28.99422915233124],[53.41870795704666,28.99472618728574],[53.42047837498129,28.99681474398402],[53.42146020776386,28.99716472910517],[53.42629498692677,28.99724936560458],[53.42909736664419,28.99762705740422],[53.43343056775508,28.99625632674605],[53.43689695509887,28.99686587339225],[53.43849893801821,28.99755893479404],[53.44191324055167,28.99778187498501],[53.44329746146334,28.99742062721743],[53.44674166502691,28.99766029855762],[53.450257338833,28.99587071097983],[53.45106121165303,28.9948777986977],[53.45389385873266,28.99277407956847],[53.45662254450929,28.99145307942019],[53.45957335052767,28.98972535298793],[53.4612732319516,28.98806868451949],[53.46218722994359,28.98580772834425],[53.46291568273944,28.98684489898186],[53.46203321344241,28.98852329005929],[53.46327806029767,28.98972328859283],[53.46452469450288,28.99175604618377],[53.46839672556958,28.99168170511156],[53.46979502752377,28.99193629107517],[53.47010951394915,28.99277982152305],[53.47339810031487,28.99427923657813],[53.48061085020278,28.99312739967958],[53.48321223937403,28.9954168042037],[53.48607804052695,28.9951829760684],[53.48825132043602,28.99635314062925],[53.48989689525489,28.99569976950935],[53.49198612965871,28.99658382682884],[53.49405465842411,28.99836788080696],[53.49478040477455,28.99974929755928],[53.49350553731784,29.00024509562482],[53.4921228298925,29.00155819720449],[53.49214002734693,29.00226802021423],[53.49410330869066,29.00421497427766],[53.49482812402044,29.00423654143097],[53.49753018137704,29.00675627228653],[53.49702372398914,29.00771463421962],[53.49776486659029,29.00862605964168],[53.49775751094021,29.01157005282898],[53.4982743825128,29.01170224580375],[53.49881646631431,29.01439375655103],[53.49992942911647,29.01636662953041],[53.50094309371828,29.02330609428458],[53.50250715168102,29.02399508600801],[53.50611649195415,29.02420357226585],[53.51054201131402,29.02623973555429],[53.51273062771055,29.02706673219843],[53.51297267942053,29.02815740223896],[53.51256605480362,29.03100072472435],[53.51443481876779,29.03400883823586],[53.51504007579032,29.03580546537745],[53.51861169211585,29.039282829203],[53.51989284628587,29.04089796198372],[53.5215847157467,29.04209718008327],[53.52271374015385,29.0442095497382],[53.52276442464385,29.04626437253306],[53.52371014126005,29.04830278406753],[53.52450202623947,29.04907945626019],[53.52688119760371,29.04880516932309],[53.52969510847722,29.04765057388061],[53.53230873806229,29.04512858985597],[53.53441724354161,29.04109239327326],[53.5382886579124,29.03862861852853],[53.54415255003326,29.03537823257819],[53.54823320620736,29.03267567162372],[53.55377380516666,29.03049552177576],[53.55469770675229,29.02966604045177],[53.55608823301738,29.02569733200322],[53.55769130426669,29.02327620065509],[53.55935257069907,29.01988868121309],[53.56068865170193,29.01538872387799],[53.56189252499082,29.0130202672182],[53.56410029337749,29.00933359621845],[53.56643388754549,29.00783662472108],[53.57171286771468,29.003035654507],[53.57419281851691,29.00331291360564],[53.57690282208603,29.00045539280689],[53.5827426121685,28.99595900141057],[53.58675276769452,28.99122327371536],[53.59781566044794,28.9964932641252],[53.6013321899088,28.99825686706468],[53.605658154705,29.00785014472516],[53.60758203097675,29.01247067026226],[53.61013656965129,29.01767329384476],[53.61326386091365,29.02493596071677],[53.61842844411047,29.03631089512657],[53.62289062874228,29.04881225183393],[53.62114207375618,29.06701354169146],[53.61588506230896,29.08246610360463],[53.61619724786527,29.09123796239345],[53.60925779980963,29.10931278183706],[53.59970804387558,29.11355992185329],[53.59702361419249,29.1158478126688],[53.59595457115889,29.11707244212349],[53.56308174998832,29.11543421142808],[53.54428708140099,29.11855282819242],[53.53285379013418,29.12110590406899],[53.51524631018007,29.12201494026462],[53.49729247274838,29.13071347030813],[53.48569920542982,29.13228227558168],[53.44142346092426,29.13790493514555],[53.4306479249908,29.14198916031307],[53.4057427195533,29.15363456840502],[53.4042175376186,29.15478063415418],[53.38106104224914,29.17565545233707],[53.36997548156633,29.18531591051492],[53.3650295896985,29.18796556398401],[53.36230674325071,29.19027809887887],[53.35674423850119,29.19610495507004],[53.35524478497075,29.19977611845907],[53.34725972209343,29.20357025196472],[53.33972391454834,29.20546482773296],[53.33892363236341,29.20507258615124],[53.33534452450571,29.20442847527156],[53.33154788241141,29.20493206977281],[53.32648240856444,29.20517082909548],[53.32303210654969,29.20504941555234],[53.31767176763344,29.20689311119858],[53.31628052590502,29.20702270578234],[53.31138144746927,29.20933373246264],[53.30687471543365,29.20981355007223],[53.30474421018504,29.21036259102094],[53.29881803607492,29.21095079440398],[53.29712976796888,29.21067140943965],[53.29362138390696,29.21182839734319]]]},"properties":{"Name":"منطقه حفاظت شده میانجنگل فسا","description":"<html xmlns:fo=\"http://www.w3.org/1999/XSL/Format\" xmlns:msxsl=\"urn:schemas-microsoft-com:xslt\">\n\n<head>\n\n<META http-equiv=\"Content-Type\" content=\"text/html\">\n\n<meta http-equiv=\"content-type\" content=\"text/html; charset=UTF-8\">\n\n</head>\n\n<body style=\"margin:0px 0px 0px 0px;overflow:auto;background:#FFFFFF;\">\n\n<table style=\"font-family:Arial,Verdana,Times;font-size:12px;text-align:left;width:100%;border-collapse:collapse;padding:3px 3px 3px 3px\">\n\n<tr style=\"text-align:center;font-weight:bold;background:#9CBCE2\">\n\n<td>منطقه حفاظت شده میانجنگل فسا</td>\n\n</tr>\n\n<tr>\n\n<td>\n\n<table style=\"font-family:Arial,Verdana,Times;font-size:12px;text-align:left;width:100%;border-spacing:0px; padding:3px 3px 3px 3px\">\n\n<tr>\n\n<td>FID</td>\n\n<td>1</td>\n\n</tr>\n\n<tr bgcolor=\"#D4E4F3\">\n\n<td>OBJECTID_1</td>\n\n<td>2</td>\n\n</tr>\n\n<tr>\n\n<td>cod</td>\n\n<td>12</td>\n\n</tr>\n\n<tr bgcolor=\"#D4E4F3\">\n\n<td>tafkik_id</td>\n\n<td>3</td>\n\n</tr>\n\n<tr>\n\n<td>tafkik_nam</td>\n\n<td>منطقه حفاظت شده</td>\n\n</tr>\n\n<tr bgcolor=\"#D4E4F3\">\n\n<td>shahrestan</td>\n\n<td>فسا- جهرم - سروستان</td>\n\n</tr>\n\n<tr>\n\n<td>NAME1</td>\n\n<td>منطقه حفاظت شده میانجنگل فسا</td>\n\n</tr>\n\n<tr bgcolor=\"#D4E4F3\">\n\n<td>sal_mosava</td>\n\n<td>1375.1396</td>\n\n</tr>\n\n<tr>\n\n<td>AREA_ha</td>\n\n<td>53273</td>\n\n</tr>\n\n<tr bgcolor=\"#D4E4F3\">\n\n<td>F_AREA</td>\n\n<td>532730644.594</td>\n\n</tr>\n\n<tr>\n\n<td>Shape_Leng</td>\n\n<td>126011.877343</td>\n\n</tr>\n\n</table>\n\n</td>\n\n</tr>\n\n</table>\n\n</body>\n\n</html>\n\n","timestamp":null,"begin":null,"end":null,"altitudeMode":"clampToGround","tessellate":-1,"extrude":0,"visibility":-1,"drawOrder":null,"icon":null,"snippet":""}},
{"type":"Feature","geometry":{"type":"Polygon","coordinates":[[[55.00620412511319,27.77052257688283],[55.00234141124063,27.77036977941855],[54.99922322853984,27.7706111959539],[54.99692680640354,27.7703771779813],[54.99220037468969,27.76871683811832],[54.98675132553532,27.76817414400578],[54.98325838096252,27.76875699118144],[54.97745478164943,27.76905345581412],[54.97378601874158,27.76742049802024],[54.97079680928876,27.76493866018286],[54.9679426669956,27.76372810842276],[54.96712861185003,27.76121771427402],[54.96646540365919,27.76034156914477],[54.96398566449696,27.76006820495193],[54.95890185828222,27.76209589970875],[54.95558329202966,27.7615685641801],[54.95081403744714,27.7582514391783],[54.9455909042764,27.75626301289996],[54.93914939856178,27.75626188674169],[54.93621549257875,27.75812900614706],[54.93549743398095,27.75945938482209],[54.93490532731938,27.76202952846883],[54.93312533566135,27.7625724057582],[54.9300884609987,27.76522150040895],[54.92860363017722,27.76588429582543],[54.92622447220506,27.76592920971309],[54.92000709194108,27.7692520623338],[54.91907402713758,27.76912603699961],[54.91761669097843,27.76714970835052],[54.91524250546299,27.76693258007177],[54.90753937752253,27.76992339277584],[54.9037658045263,27.77072575217009],[54.90216151915006,27.76989788042197],[54.90048153120318,27.76773667053026],[54.89835388981913,27.76739485873983],[54.8951337936463,27.76734585050543],[54.89139922570322,27.76614285531077],[54.88883424975317,27.76553066552108],[54.88434908485057,27.762151425974],[54.88353079373468,27.76113149922726],[54.88324615282728,27.7594548584057],[54.88218860338604,27.75909614285869],[54.87555484726565,27.76014277413978],[54.8721663656329,27.76136085487246],[54.86996802187456,27.76092314901796],[54.86806031507461,27.76002737866663],[54.86704077756361,27.75888336888633],[54.863861864809,27.75779459889326],[54.85657856696037,27.75691706514706],[54.85157942745839,27.7550374681347],[54.85027053736356,27.75364707296825],[54.84948384169952,27.75193616896462],[54.84954013389378,27.74907192521249],[54.84917615530627,27.74595375961252],[54.8471382659914,27.74594219079929],[54.84258428677975,27.74375569825621],[54.84194326395836,27.74295993429919],[54.84080417834392,27.74024567796892],[54.8386789149688,27.73916118355973],[54.83428519843179,27.73880593228453],[54.8314408476513,27.73814151958605],[54.82872241911763,27.73819960170868],[54.82865144547808,27.73721125387863],[54.82954158806069,27.73571415527619],[54.82994408753532,27.73368556084668],[54.82950613994725,27.73293322584225],[54.82739995096529,27.7318121843235],[54.82263687652905,27.73222082539227],[54.81778428124966,27.73143918169895],[54.81540556105377,27.73150236773201],[54.81484771548936,27.73109060504051],[54.81573730256321,27.72735721400357],[54.81845929100295,27.72596969321794],[54.81856346595706,27.72528631824165],[54.81578053594255,27.72405369897392],[54.81416549883554,27.72443113967064],[54.81159188056252,27.72632461085434],[54.80773560511373,27.72668664521759],[54.80741815097856,27.72331698402423],[54.80982250806998,27.72218442966762],[54.81070768874008,27.72086290405667],[54.81061595236878,27.7185120779601],[54.80724674170939,27.7149127588175],[54.80503080506997,27.71364862598899],[54.80351651498212,27.71352385907401],[54.80078861828336,27.71408495265397],[54.79849517620469,27.71330302599609],[54.79798278013357,27.71176366652571],[54.79772506179435,27.70768978019311],[54.79614788071537,27.70619390875572],[54.7945383286788,27.70630929940764],[54.79163431949015,27.70775389839836],[54.79162367575284,27.70940581551439],[54.79106664495946,27.71121019132425],[54.78958345961476,27.71179092777916],[54.78847820492984,27.71159194127356],[54.7881507904942,27.70874592781503],[54.7871173969796,27.70611024808343],[54.78639853482709,27.70583683576084],[54.78407729000247,27.70644440356211],[54.78279228725474,27.70618205336723],[54.78133724430629,27.70313663380989],[54.78054339095533,27.69986003704823],[54.77928751772012,27.69849067012026],[54.77411933425672,27.69936192325496],[54.77145548051836,27.69845954361904],[54.76754506202052,27.69553148092192],[54.76343015525479,27.69212400783594],[54.76046402473224,27.69026002438846],[54.75087269143174,27.68189294327245],[54.74814493969625,27.67888657188793],[54.74187292698804,27.67611116593705],[54.73550181796781,27.67295036169741],[54.7341707122393,27.66987407278394],[54.73133469842548,27.66696263259954],[54.72759770821317,27.66613662130015],[54.72117412921668,27.66555284191221],[54.71982173638091,27.66352508249883],[54.71869392807439,27.66102501331015],[54.71301939825594,27.65539094853473],[54.7078076607017,27.65329932940726],[54.70557247349956,27.64734284961644],[54.70353380613712,27.64740382898043],[54.69936678452359,27.64666696876523],[54.69739580444487,27.64348274778419],[54.69427590125601,27.63884690296139],[54.69415326231729,27.63687207886069],[54.69582286461628,27.63600214364615],[54.71349686769667,27.62970526407647],[54.71962282480652,27.62799164376037],[54.72481732746208,27.62672086810413],[54.729854016971,27.62477879902298],[54.73570217163161,27.62195207715752],[54.74328921126671,27.61796917886679],[54.74900299719066,27.61538798149445],[54.76263283287565,27.60943905736762],[54.76717438013662,27.60752577736998],[54.76924226359059,27.60702214967068],[54.78321818005386,27.60617863238745],[54.79339603779658,27.6054431619107],[54.79655795747649,27.60493949680066],[54.81302235384859,27.60181916143213],[54.82270223611179,27.60010983275706],[54.82461710818326,27.59988123332283],[54.82419692400628,27.59836737412766],[54.82571007716098,27.59492691805871],[54.82565406844559,27.59253483963142],[54.82393912821281,27.5905152914276],[54.82297249628471,27.58893665354025],[54.82292804556868,27.58596228397507],[54.82450196262037,27.58292131751381],[54.82511094542784,27.57995718357086],[54.82568422236464,27.57880121744162],[54.82733636194467,27.57701835064583],[54.82952907489231,27.57398699614506],[54.82976197183953,27.57264174805039],[54.82918093579206,27.57070130163892],[54.83044916715114,27.56918829569983],[54.83289632870176,27.5689506017669],[54.83431168079694,27.56694934623535],[54.83648907981687,27.56643146851328],[54.83639750014211,27.56375020080746],[54.83598236564971,27.56097076040919],[54.83625407395324,27.56038490239252],[54.835893985007,27.55692577721197],[54.83684397093045,27.55466838046599],[54.83862635805822,27.55371351412469],[54.84136304709119,27.55472373598149],[54.84253924340895,27.55461494608869],[54.84191045482145,27.55331959143679],[54.84351607370884,27.54883002146597],[54.84493546531966,27.54871750879847],[54.84511379129577,27.54731509625258],[54.84799356115366,27.54627595201501],[54.84964025367265,27.54525503720454],[54.84985533145081,27.54411478713213],[54.85125809323831,27.54356096182035],[54.85318616611161,27.54208802444436],[54.85701661246948,27.54391308554898],[54.8572920912754,27.54476744501842],[54.85928193224373,27.54490001627577],[54.8600583010108,27.54444615784615],[54.86581137252233,27.54421439858953],[54.86960046656272,27.54363571127145],[54.87260989933239,27.54409121715919],[54.87781408644138,27.54300912423521],[54.88253256691861,27.54245117805052],[54.88944710568964,27.53951674835636],[54.89284203504046,27.53624817843793],[54.89780115584735,27.53317792787644],[54.89976745556549,27.5328581726632],[54.90354385087942,27.53011930913048],[54.90720858110497,27.52291795972775],[54.90862546378173,27.51795910454901],[54.90966901715228,27.51718845409984],[54.91047768073825,27.51523474730348],[54.90998242268611,27.5122681082724],[54.90901238279888,27.50997494277155],[54.90621025103375,27.50671133743235],[54.90041091496087,27.50120246194855],[54.89499059449489,27.49664195740811],[54.88937732860816,27.49298190192814],[54.88461744281508,27.49078817929223],[54.88776704214187,27.48855718887176],[54.88935462453197,27.48819178718647],[54.89011485175848,27.48649695494201],[54.89138805891808,27.48625659223153],[54.89485568107587,27.48752561524364],[54.89918794402706,27.48730195600028],[54.90135939665628,27.48685249136061],[54.90307817519709,27.48599977541102],[54.90476192763219,27.48399181079335],[54.90710583271019,27.48211668800732],[54.90951040593949,27.48142947811712],[54.91077533348038,27.48052109613896],[54.912696085374,27.48012332591159],[54.91442708810024,27.47875820868928],[54.91428801845916,27.47730941112697],[54.91651909911472,27.47478325758614],[54.91842860897763,27.47165873011781],[54.92276720221738,27.4720574057711],[54.92420441617885,27.47193046618965],[54.92787821226906,27.47007479297505],[54.93008666639008,27.46762225471515],[54.93372871428098,27.46634092524075],[54.93671762916516,27.46551351214383],[54.93836039833837,27.46327501915308],[54.94358845561285,27.4605516180376],[54.94550914420165,27.45789053401435],[54.9460427372321,27.45602507116063],[54.94732958642879,27.45502391418434],[54.95198692352857,27.45277400180382],[54.95566888180075,27.45041687131186],[54.96142954714779,27.44580867479237],[54.9624176645689,27.44521104995577],[54.96599564044948,27.44509641555334],[54.96840385644398,27.44414851634685],[54.97663909105979,27.44059586723945],[54.97773659632168,27.43855296342799],[54.97894185953964,27.4351575973314],[54.97935614928878,27.43295637678751],[54.97748157163934,27.42745747457304],[54.97690141494429,27.42507488893905],[54.97677829002876,27.42156749955822],[54.97649668031857,27.41991262475722],[54.97532020644832,27.41831894465344],[54.9741933113139,27.41514938353486],[54.97533164715288,27.4119941868688],[54.97586296322544,27.40907129099921],[54.97614070273048,27.40523584858075],[54.97527636441814,27.4036281535907],[54.97718813659439,27.39907449653551],[54.97712090427976,27.39820175463427],[54.97571677622066,27.39656768357484],[54.9710754735146,27.39365974856443],[54.96873892452932,27.39177352718137],[54.96407103961887,27.38909017270908],[54.96183383714765,27.38531077262079],[54.96061260792087,27.38278892338619],[54.96077670403326,27.38063973788294],[54.96046303791494,27.37848356699045],[54.96165553256991,27.37803729171904],[54.96564100610147,27.37824385164828],[54.96795017312566,27.37922346418125],[54.97129906153691,27.38357539038272],[54.97498077154761,27.38450065436323],[54.97870254567867,27.38436915303274],[54.98306987859068,27.38530414110139],[54.98570709668726,27.38539789453539],[54.98793724530834,27.38502201880041],[54.996272233174,27.38026377684037],[54.99707562593274,27.37949628166132],[54.99919918141838,27.37579852348511],[54.99951067211175,27.37465298858882],[55.00094637509494,27.37222517336669],[55.00129615855035,27.36894711002066],[55.0040780898367,27.36906112264943],[55.00491723177364,27.36860941075568],[55.00496527594721,27.36708912311989],[55.00606660559525,27.36591776148022],[55.00616763414372,27.36491758628561],[55.01033989981821,27.3604698431575],[55.01224976908082,27.35938414372272],[55.01815451372563,27.35677856630849],[55.02129320411009,27.35667470577686],[55.02553789202506,27.35628964564888],[55.02803899105052,27.35582418796858],[55.0292349452761,27.35515477731878],[55.03302036551264,27.35489284117097],[55.03724665464748,27.35554588849448],[55.04346745180041,27.35618968147739],[55.04691832142803,27.35605252060638],[55.04869598239226,27.35655965008868],[55.05108016631489,27.35802121488259],[55.05261611152368,27.35928542182306],[55.05483001408886,27.3597985619527],[55.05721819160421,27.35985037238376],[55.0605699408322,27.36063893918608],[55.06336300224648,27.36249551065076],[55.06426644335823,27.36191447972496],[55.06430257697664,27.35983750746725],[55.06550399531994,27.3600396534298],[55.06698732490567,27.3619521900731],[55.06855040126859,27.3628641770706],[55.07007081630128,27.36264407342099],[55.07248648292266,27.36351215739024],[55.0744171749995,27.36359445539124],[55.07539980469659,27.36323703088446],[55.07769635477685,27.36378805175926],[55.07944620655182,27.36351535930173],[55.08368116994819,27.36370341494999],[55.08493317612863,27.36459240288849],[55.0874128757878,27.36416268190567],[55.08854730301597,27.36464194892636],[55.08888286041047,27.36590200960107],[55.09055093932795,27.36531859284677],[55.09325953321139,27.36244342491797],[55.09580736347084,27.3604563605798],[55.09690993199644,27.35915441364009],[55.09717914608437,27.3575684357968],[55.09807398196075,27.35668470150402],[55.09893454022261,27.35495280879038],[55.10105216455139,27.35381303759312],[55.10186120654195,27.35387968711427],[55.10347866831732,27.35293862718879],[55.10510983855208,27.35097450683191],[55.10677709292701,27.34821475165422],[55.1092498207659,27.3432770773277],[55.1088854805629,27.34149142060139],[55.11240794030528,27.33955431251198],[55.11376180880939,27.3381072162286],[55.11331368090525,27.33513328574954],[55.1136691708986,27.33376544322275],[55.11711709701962,27.33253206768954],[55.11908969444137,27.33133439286982],[55.11946116927378,27.33024498679458],[55.11866762378492,27.32926973849009],[55.11705260681741,27.33040200089792],[55.10862918050888,27.33212060020491],[55.10516015902262,27.33214777900517],[55.1061795784945,27.33082606269727],[55.11377305257653,27.32640279186465],[55.11565913228923,27.32663228870405],[55.11790729674095,27.32632870826582],[55.12122929666688,27.32392491685328],[55.12501507600835,27.31968282781106],[55.1272355670242,27.3174947363606],[55.13716071391046,27.31137625209371],[55.14479537232897,27.30682189066609],[55.14671923178656,27.30601268568437],[55.15222875557255,27.30309915500091],[55.16083183913604,27.29892765794814],[55.16573133912715,27.2964507301047],[55.16698054179641,27.29624451870159],[55.17006527919133,27.29426301483313],[55.17544095364273,27.29158367611136],[55.18202430122481,27.28792661682613],[55.18633625054832,27.28577518444151],[55.19849107298093,27.27877204619793],[55.20171410930431,27.2771625806231],[55.20377998403066,27.276502778461],[55.21134284358045,27.27611739643174],[55.21369388102979,27.2770934906843],[55.21734872449856,27.27702881949484],[55.21962828698518,27.27598195277848],[55.228966074612,27.27363333494434],[55.23511759590991,27.27452728771525],[55.24107832118051,27.27436121593203],[55.245758369716,27.2751063430495],[55.24846930747844,27.27378686185725],[55.25097062238565,27.27368759717505],[55.25351779064891,27.27409042711912],[55.25777210828424,27.27551619712044],[55.26172327674717,27.27641866617313],[55.26450090046211,27.2780299316335],[55.26599798168289,27.27788154664971],[55.27151544663084,27.28088078816295],[55.2738470956405,27.28315417444177],[55.27922945238444,27.28552074627206],[55.28125083346215,27.28773454619931],[55.28182677497211,27.2907838809852],[55.28533188876669,27.29373931418719],[55.28588089696623,27.29855058893288],[55.28784887367208,27.30156131204301],[55.28981865597475,27.30310655379339],[55.29151401595407,27.30359104502051],[55.29423466893775,27.303568619833],[55.29566327055208,27.30384575145239],[55.29721069509523,27.3031411445536],[55.30250073212667,27.30348374233446],[55.30505473301792,27.30349618337041],[55.30904248230721,27.30207899256801],[55.31665221207368,27.30144736673253],[55.31940485911149,27.30205555375331],[55.32232726165294,27.30242456669361],[55.32508860211281,27.30245768016676],[55.32783622494047,27.30063551646984],[55.33160463201371,27.29997561961287],[55.32863473742074,27.30277838277781],[55.32787210815148,27.30655357833817],[55.3272087118241,27.30786273061556],[55.32536156693206,27.31470431039916],[55.32471411573348,27.31909302453035],[55.322128014137,27.3225680389353],[55.32005627737948,27.3236005212336],[55.31955943746259,27.32624726443967],[55.32033709786307,27.32701718566963],[55.32413625643703,27.32713701389994],[55.3277401797632,27.32781091714478],[55.32946520980094,27.32773880256327],[55.33687932709642,27.32582253649911],[55.33815732209805,27.32567205507296],[55.3439278996898,27.32401269312494],[55.34609070036161,27.32292795314722],[55.34842309176795,27.32251032743835],[55.35075555876243,27.32068281398308],[55.35458848760623,27.31991177304762],[55.35607319014298,27.32204402669319],[55.35908424078041,27.32066956786624],[55.36125919034706,27.32106610715297],[55.36454454800253,27.32080778921821],[55.36711054447888,27.3214499735747],[55.37011971346288,27.32161496356848],[55.37458792927195,27.32142585393547],[55.37902269531121,27.32210809957822],[55.38186551299819,27.32228945845195],[55.38516742747267,27.32375607295119],[55.38589998222805,27.32480338475855],[55.3857317791873,27.32637826169391],[55.38624808729217,27.32801669985379],[55.38784808672847,27.32940793505025],[55.38781363307092,27.33035362953695],[55.38918174931723,27.33198333494306],[55.39292714397003,27.33297256747199],[55.3936214090339,27.33524375770897],[55.39267905279149,27.3357708911183],[55.39385815096399,27.33899375134494],[55.39528743175552,27.34071685784602],[55.39584948571522,27.34207752669436],[55.39684431453104,27.34223735706845],[55.39647226093193,27.34355019580231],[55.39699568078424,27.34615332337579],[55.39934833691904,27.34868467567868],[55.40019889655513,27.3487686266042],[55.40234236417073,27.35140884007719],[55.40244304911133,27.35452653531002],[55.4040263076857,27.35567624494466],[55.40605698848383,27.35605191138836],[55.40633559414491,27.35940556583198],[55.405514158545,27.36212206673193],[55.40571781476086,27.36429065594757],[55.40451064651543,27.36658302816324],[55.40250434327235,27.3676241251066],[55.40261674112114,27.3684787486343],[55.40430196316031,27.37122499762812],[55.40593477359152,27.37328424885268],[55.40518878692883,27.37748675957126],[55.40466596697271,27.38206283018435],[55.40434738146043,27.38254150775374],[55.40488096910885,27.38445834054529],[55.40382955153633,27.38676516251747],[55.40239768505555,27.38806587669952],[55.39962840012085,27.39131761582855],[55.39953566618954,27.39198437931391],[55.39619924630381,27.39563764941694],[55.39222821875242,27.39716873875968],[55.38911999318352,27.40082445540059],[55.38792799596349,27.40275849944306],[55.38668823206373,27.40654704369001],[55.38831515406516,27.40615774428202],[55.39047083700276,27.40657220847468],[55.39087304197474,27.40750438409151],[55.39286840920797,27.40750884666769],[55.39431673393634,27.40797074943106],[55.39486043377662,27.40918280369849],[55.39664924089907,27.41053903476533],[55.3981629141566,27.41079759342512],[55.39811180565061,27.41434018675793],[55.39611152153285,27.41754500335537],[55.39672716845562,27.41953700675421],[55.39865531898392,27.41989308341225],[55.40032744853953,27.41926300971752],[55.40548472337851,27.41873093620591],[55.40656868613119,27.41892638004609],[55.40904922850204,27.41845384426636],[55.41559967067909,27.41975280304056],[55.42259674588683,27.42181709559051],[55.42460317731371,27.42252616734564],[55.42653597064461,27.42403206463688],[55.42789918598679,27.42612513796905],[55.43132530197182,27.42788897012869],[55.43261389058915,27.42938753423418],[55.43208722439546,27.43134799630496],[55.43389711858131,27.43274110911991],[55.43822028381993,27.43431079916378],[55.4394438923016,27.43452856756264],[55.44022566743166,27.43659646497422],[55.44154099859671,27.43768713259995],[55.44435339845852,27.43877596111941],[55.44486986653319,27.44012362977264],[55.44221773697559,27.446062241928],[55.42332992405069,27.45636690649321],[55.42157802706356,27.45811033138632],[55.41989989445779,27.45920163688587],[55.41775601036717,27.46008274137593],[55.41406083908187,27.4606100347732],[55.4116328424611,27.46035265386886],[55.40941737202112,27.45967080138773],[55.40740628074141,27.45859106335722],[55.40199547198719,27.45729144028319],[55.3923658658915,27.44966172726687],[55.39606085014221,27.44985385392442],[55.40691483394149,27.45064143443101],[55.40548293540369,27.44433264132278],[55.39604609422972,27.43459222476264],[55.38205266138983,27.43455669288494],[55.34981283609809,27.44026240121727],[55.34646276608994,27.453320122906],[55.3660630725021,27.46050284129737],[55.38014491649906,27.46260884878238],[55.38566049421149,27.46630194501054],[55.39275139547737,27.46841959073476],[55.40530845610996,27.46603562040758],[55.40521554131262,27.46648577118025],[55.41483658697211,27.46960342129555],[55.39945246593352,27.48735080391093],[55.41393364797938,27.49482954889934],[55.42433822983554,27.49862709361747],[55.42446375707003,27.49973058722302],[55.42693127493688,27.50242479434971],[55.43092815878299,27.50428641500903],[55.43279411803536,27.50685729268703],[55.43333506659565,27.50830754531246],[55.43299581881816,27.51139738129811],[55.43188374062345,27.51356913481278],[55.43495311618485,27.51729308249279],[55.43473620668868,27.52119437794339],[55.43373974730401,27.52245807637409],[55.4339387280263,27.52386611294093],[55.4328609071822,27.52510857832657],[55.43118403868624,27.52546650125236],[55.43048324244457,27.5284732626771],[55.43172743758571,27.5313620723101],[55.4314345980583,27.53291123359201],[55.43320025425203,27.53315002587338],[55.43312151603373,27.53642556124909],[55.43251759763125,27.53755376561296],[55.43094097319262,27.53814748428078],[55.42701021433643,27.53889056707257],[55.42131938463326,27.53934954753595],[55.419549329887,27.53976718747465],[55.41777021757659,27.54079395099398],[55.41686466383656,27.54244440560965],[55.41717651561952,27.54803950673845],[55.41821194435957,27.55102081993001],[55.41855516183129,27.55443200392128],[55.41732816621674,27.55818634294561],[55.41445496173911,27.56180792398999],[55.41394542884636,27.56422034045801],[55.41315439068144,27.56520824699611],[55.41123961255568,27.56525746839878],[55.40739152725644,27.56396398168226],[55.40055369437647,27.56301888172474],[55.39885183739121,27.56187077060883],[55.39793421863283,27.56172702081493],[55.39468467533693,27.56012431761458],[55.39382021523516,27.56112751877579],[55.39416551888407,27.56226001341208],[55.39541311126165,27.56354399685763],[55.39382489617283,27.56765996891199],[55.38907565421079,27.56989752002195],[55.38445441231546,27.56916022227282],[55.37814397098168,27.56977028797908],[55.37754343756065,27.57010739580971],[55.37613613448056,27.57353688836821],[55.37394151736503,27.57667502157156],[55.37125707025321,27.5777519011225],[55.36859286230142,27.57777933814138],[55.36699433370824,27.57697637433425],[55.36580500465025,27.57482630903897],[55.36480307463513,27.57376663004812],[55.36435187157468,27.57216933723567],[55.36611626140879,27.56755522800703],[55.36597829617564,27.56618329248073],[55.36057679072214,27.56142430962342],[55.35669889766194,27.56218455214136],[55.35579317612144,27.56378596268477],[55.35466945805325,27.56484069007399],[55.35248256355511,27.56545630972117],[55.34924801118813,27.56749682396606],[55.34775762302903,27.5688695582186],[55.3474060760348,27.57120295349622],[55.34519048731105,27.57282033027948],[55.34300986498327,27.5718155686997],[55.34223034497832,27.57102035719485],[55.34201355319417,27.5673904973785],[55.34060782673455,27.56463310299666],[55.33962520602651,27.56381529998405],[55.33822777123133,27.56351646735316],[55.33705583595987,27.56448392875345],[55.3369347052752,27.56529447414994],[55.33486946268822,27.56579366820509],[55.3327274750108,27.56538509394796],[55.33021123311467,27.56430699040904],[55.32801857233599,27.56276925492306],[55.32543278358496,27.56181113911484],[55.32363951202495,27.56078193754022],[55.32191923535707,27.56090222633527],[55.32156655426743,27.56145784283466],[55.3171162103155,27.56512932382302],[55.31660524441511,27.56537198778446],[55.31432171882027,27.56387324286197],[55.31333111177162,27.56507029846504],[55.31349225923724,27.56636194172264],[55.31286489278487,27.56746264599861],[55.31112282444524,27.56752207880632],[55.30779597207818,27.56623220107228],[55.30553332245145,27.56632552283929],[55.30206738069512,27.56790656004428],[55.29509932421474,27.56988550910829],[55.29187237629768,27.57091387023866],[55.29066830548246,27.57273281416188],[55.2877593091444,27.5735770832479],[55.28684713654857,27.5741567608201],[55.28496836986026,27.57427462739656],[55.28433276294783,27.57297710148883],[55.28323495686902,27.57231869715367],[55.28013597028637,27.57238110660975],[55.27646231512242,27.57304084839015],[55.27370826108801,27.57185534904322],[55.26372048373546,27.57306885583165],[55.26002317783132,27.57442776617305],[55.25823419998055,27.57458669692025],[55.25789863942556,27.575191380947],[55.25589240128227,27.57538349254295],[55.2536936137488,27.57428785625277],[55.24795671397333,27.57385287209224],[55.24582746964573,27.57265723765704],[55.24115455649352,27.56790296901474],[55.24010550717028,27.56704334190646],[55.23767615315181,27.5662468027995],[55.23385417970987,27.56647344583167],[55.23135779991666,27.566851613246],[55.22939741525679,27.56783417594485],[55.22652614550466,27.57061865290926],[55.2227679171921,27.58251648451217],[55.22014524733962,27.58768530028046],[55.21818504191565,27.58862738650616],[55.21475360596448,27.59174184585201],[55.21054940203032,27.59366757791044],[55.20493427918161,27.59542877304795],[55.19827590459593,27.60011817430451],[55.19765564221178,27.60208487333975],[55.19600549914353,27.60478375143006],[55.1950449516788,27.60680646160786],[55.19272996688858,27.60728008889857],[55.1893311000026,27.60763878325582],[55.18680021298971,27.60748482830211],[55.18321508080277,27.60679311489865],[55.18017804774019,27.60715632223287],[55.17823351161422,27.60711065277986],[55.1740355447665,27.61064223437285],[55.1728771443024,27.61092923841165],[55.16851739291164,27.61056949565734],[55.16617642802696,27.61131587096432],[55.16099406470556,27.61344489026721],[55.15431984152771,27.61344424522959],[55.15146031792235,27.615698546589],[55.14942845579934,27.6189250012442],[55.14682006735264,27.62099302028442],[55.14326121764095,27.62218636999255],[55.14000940199774,27.62424338122796],[55.1391011912613,27.62636336693633],[55.13929505194557,27.62843721726959],[55.13849270567954,27.631483684067],[55.13608554278193,27.63431679625516],[55.12615098688237,27.63828926484588],[55.11784411147688,27.64113693013913],[55.11386676390246,27.64165595751004],[55.11213165434877,27.64277850810927],[55.11048546117127,27.64495365399977],[55.10819087350059,27.64740647105112],[55.10419350407605,27.64907110221734],[55.09988419612,27.65139689822896],[55.09747148085482,27.65351982275635],[55.09571481615305,27.65656511082522],[55.09663690306362,27.660399819844],[55.09859822574843,27.66356289718108],[55.10108765037393,27.66564794632776],[55.104743266253,27.66693892706873],[55.11267029152858,27.66762022571089],[55.11770289031248,27.6681670159327],[55.12413490080851,27.66844378207477],[55.1252510137621,27.67218394326135],[55.12475692583056,27.67599932470357],[55.12845565342774,27.67929608114578],[55.13725443083143,27.68011418919265],[55.13778488691865,27.68086687098345],[55.13702204570471,27.68180365874666],[55.1354307882283,27.6822053928171],[55.13291695006208,27.68193517921348],[55.12838726325172,27.68330675049352],[55.12812885240044,27.68588213833059],[55.12886216112619,27.68910880902487],[55.13312228490691,27.69017380637974],[55.13351200955292,27.69111256685376],[55.13209940317446,27.69214492496471],[55.12999739459745,27.69289217157928],[55.12914180978581,27.69394855574626],[55.13034471034292,27.69509319723955],[55.13533261300049,27.69763281460277],[55.13522377578305,27.69971287495231],[55.13380028825215,27.70088253490649],[55.13405270453353,27.70334422223053],[55.1334515315195,27.7080713330325],[55.13199019445553,27.71114998517258],[55.13363755070858,27.71694816967942],[55.1354427803121,27.72267852037191],[55.13702979533741,27.72492454514317],[55.13848109961323,27.72773729743906],[55.13831021917748,27.73081701183973],[55.13656706930826,27.73232100890956],[55.13234098215901,27.73465110196852],[55.12733882678833,27.73840550984151],[55.12462489657313,27.74018273677651],[55.12360333978379,27.74341557864555],[55.12166485986962,27.74377281899649],[55.1193847362603,27.74526928641946],[55.11805082391518,27.74792475124298],[55.11590453943125,27.75410461235036],[55.11229156286441,27.7581616222461],[55.10480690384172,27.76200536445607],[55.1037223532666,27.76184944351504],[55.10305457334367,27.7598656281367],[55.10201848462567,27.75952901466135],[55.09956215204972,27.76161742869239],[55.0954482668774,27.76356656066728],[55.09349127770395,27.76273632936775],[55.08994337517461,27.7596649337497],[55.08798100350231,27.7591945171712],[55.08595280479797,27.76009172964141],[55.08035280341167,27.76106545478883],[55.0719980240418,27.76601202701012],[55.06621957013494,27.76656867279613],[55.0647452429989,27.76539953027536],[55.06339540691445,27.76487689219006],[55.06160426692063,27.76481527306601],[55.05610763417594,27.76597896352407],[55.05376800221934,27.76470515010098],[55.0501318267369,27.7638890629516],[55.04422131186809,27.76418909996538],[55.04035696047859,27.7641343649434],[55.03808702811671,27.76496175438826],[55.03037378851485,27.76399246024416],[55.02695962062853,27.76279764613705],[55.01972796749001,27.76488944413115],[55.01347804257909,27.76613763854408],[55.00620412511319,27.77052257688283]]]},"properties":{"Name":"منطقه حفاظت شده هرمود","description":"<html xmlns:fo=\"http://www.w3.org/1999/XSL/Format\" xmlns:msxsl=\"urn:schemas-microsoft-com:xslt\">\n\n<head>\n\n<META http-equiv=\"Content-Type\" content=\"text/html\">\n\n<meta http-equiv=\"content-type\" content=\"text/html; charset=UTF-8\">\n\n</head>\n\n<body style=\"margin:0px 0px 0px 0px;overflow:auto;background:#FFFFFF;\">\n\n<table style=\"font-family:Arial,Verdana,Times;font-size:12px;text-align:left;width:100%;border-collapse:collapse;padding:3px 3px 3px 3px\">\n\n<tr style=\"text-align:center;font-weight:bold;background:#9CBCE2\">\n\n<td>منطقه حفاظت شده هرمود</td>\n\n</tr>\n\n<tr>\n\n<td>\n\n<table style=\"font-family:Arial,Verdana,Times;font-size:12px;text-align:left;width:100%;border-spacing:0px; padding:3px 3px 3px 3px\">\n\n<tr>\n\n<td>FID</td>\n\n<td>2</td>\n\n</tr>\n\n<tr bgcolor=\"#D4E4F3\">\n\n<td>OBJECTID_1</td>\n\n<td>3</td>\n\n</tr>\n\n<tr>\n\n<td>cod</td>\n\n<td>10</td>\n\n</tr>\n\n<tr bgcolor=\"#D4E4F3\">\n\n<td>tafkik_id</td>\n\n<td>3</td>\n\n</tr>\n\n<tr>\n\n<td>tafkik_nam</td>\n\n<td>منطقه حفاظت شده</td>\n\n</tr>\n\n<tr bgcolor=\"#D4E4F3\">\n\n<td>shahrestan</td>\n\n<td>لارستان</td>\n\n</tr>\n\n<tr>\n\n<td>NAME1</td>\n\n<td>منطقه حفاظت شده هرمود</td>\n\n</tr>\n\n<tr bgcolor=\"#D4E4F3\">\n\n<td>sal_mosava</td>\n\n<td>1353.1396</td>\n\n</tr>\n\n<tr>\n\n<td>AREA_ha</td>\n\n<td>206555</td>\n\n</tr>\n\n<tr bgcolor=\"#D4E4F3\">\n\n<td>F_AREA</td>\n\n<td>2065547346.49</td>\n\n</tr>\n\n<tr>\n\n<td>Shape_Leng</td>\n\n<td>286470.457325</td>\n\n</tr>\n\n</table>\n\n</td>\n\n</tr>\n\n</table>\n\n</body>\n\n</html>\n\n","timestamp":null,"begin":null,"end":null,"altitudeMode":"clampToGround","tessellate":-1,"extrude":0,"visibility":-1,"drawOrder":null,"icon":null,"snippet":""}},
{"type":"Feature","geometry":{"type":"Polygon","coordinates":[[[51.95192043714655,30.4652627021122],[51.95117947172286,30.46764606657407],[51.94902367660836,30.46879371208597],[51.94797364207203,30.47078948256278],[51.94795117439175,30.47242266132188],[51.9484657610667,30.47432735940467],[51.94762323274657,30.47694800000059],[51.94346488778865,30.4779261830412],[51.94285864424333,30.47879848426321],[51.94069611694366,30.48034130438907],[51.94091473818975,30.48128168668054],[51.94234478429718,30.48360115111922],[51.94165101079529,30.48448632924548],[51.93647614822053,30.48605947214136],[51.93575146139002,30.48697156779571],[51.9324784994714,30.48808327564443],[51.92951409676669,30.48959653579768],[51.92825899827443,30.49141186050656],[51.92893046242084,30.49244701949807],[51.93002181998535,30.49271219522795],[51.93149047714042,30.49204526157908],[51.93258569965777,30.49092219471207],[51.93358690443608,30.49076699764572],[51.93617184425219,30.49154702828109],[51.93681227019881,30.49300420960552],[51.93905097105074,30.49278056701581],[51.9419667243051,30.49030518506681],[51.94456829212186,30.49037434071938],[51.94743720551142,30.49142053333042],[51.94794152739863,30.49258369578943],[51.94610089594715,30.49388105694652],[51.94146761552024,30.49651866566098],[51.93701353720221,30.49995991465148],[51.9348968409971,30.50134318901443],[51.93161028880584,30.5000431633306],[51.93060310924358,30.50195775322236],[51.92934128601113,30.50285246935745],[51.92566029535492,30.50442304813488],[51.9265379738442,30.50571646796327],[51.9275660943072,30.50615213353539],[51.92766509369284,30.5071807776018],[51.9261510757114,30.50770418028193],[51.92301045442849,30.50802712513032],[51.92034753371728,30.50791323556481],[51.91939950655366,30.50873588933645],[51.9172661612773,30.5085740543843],[51.91467554358551,30.50937478371444],[51.91398712512719,30.50891602971602],[51.91173649973197,30.50891537979462],[51.91079575868101,30.50981945596741],[51.90954095990909,30.50951743656724],[51.90847695593549,30.51146126012841],[51.91035358433669,30.51162590701269],[51.90813655914902,30.51330253821511],[51.90676981384527,30.5117613215711],[51.90690394720191,30.508956358031],[51.90462698798139,30.5060188456176],[51.90273413517848,30.50470841450797],[51.90252119493849,30.50176435518285],[51.90310644037721,30.5003207120164],[51.90166107572516,30.4987598524542],[51.90210326356868,30.49733246474601],[51.90117325255112,30.49637709946716],[51.8990520917467,30.49674383489552],[51.89956490811697,30.49862754918525],[51.8991667247287,30.49953762422745],[51.89949855339168,30.50187445962132],[51.89935052646533,30.50319579297151],[51.89858610481945,30.5047404597788],[51.89940359570048,30.50591779353705],[51.89912025339924,30.50773250182586],[51.8979766157676,30.50795264016848],[51.89799815120421,30.50652900911362],[51.89681168509346,30.50620625583094],[51.89706382196749,30.50795627840942],[51.89610836208283,30.50955631874206],[51.89659648906898,30.51142239588748],[51.89791741836109,30.512140131025],[51.89746545302418,30.51448720974486],[51.89857719090795,30.51598112597192],[51.89876031266586,30.51724371960109],[51.89733382700507,30.51973914186824],[51.89851615645617,30.52292915877261],[51.89959265018788,30.52355697460006],[51.89959742574512,30.52456754731308],[51.90110582804908,30.52589595340157],[51.900422563193,30.52713620717983],[51.89846020105046,30.52727131683288],[51.89602774661064,30.52791870989991],[51.89197080396317,30.52740956841513],[51.89164695355053,30.53028251120188],[51.89055402232795,30.53048244391373],[51.89066883157646,30.53198872036442],[51.88894733552689,30.53148973897059],[51.88692914501846,30.5293464982539],[51.88717766153401,30.5246350652449],[51.88791016912568,30.52206862317314],[51.88757123257454,30.52129439976215],[51.88872884691425,30.51841893834823],[51.8883907525943,30.51627317683474],[51.8886231417778,30.5153563790313],[51.88812529928671,30.51325732702249],[51.88860075417586,30.50945750057468],[51.88808168834721,30.50845944335477],[51.88527915627557,30.50955229186047],[51.88312760051959,30.50945860790743],[51.88233868594756,30.50756678400993],[51.87975663426483,30.50559006823333],[51.87502573419651,30.50226746433224],[51.87459499456239,30.5003483696113],[51.87351374601927,30.49814713991938],[51.87046450709877,30.49698138219312],[51.86833952188553,30.49549387529453],[51.86715138591043,30.49339483942549],[51.86371978559522,30.49150274041568],[51.86327965203503,30.48954196582566],[51.86222327327318,30.48710435406794],[51.88564819548426,30.47918673737111],[51.88672634830623,30.48029472096913],[51.88842801552718,30.47826704080599],[51.89012637663431,30.47707441575098],[51.89015459231371,30.47704336938238],[51.89116764453155,30.47344337652722],[51.89082430065338,30.47206062630379],[51.89219558688432,30.47067377297656],[51.8936443266007,30.46994113267019],[51.89490293940101,30.46995385990697],[51.8978608525963,30.4692923653807],[51.899565470942,30.46881646896513],[51.9014820605264,30.46836490161622],[51.90301293730301,30.46821629905019],[51.90537618560637,30.46853213986448],[51.90581237687461,30.46839378098725],[51.9064878322765,30.46778764915754],[51.907150794881,30.46741271383962],[51.90787928177045,30.46720436597607],[51.90806534110894,30.46708191256648],[51.9081046020917,30.46700748032509],[51.908366233344,30.46651146886274],[51.91136767118316,30.46537746347644],[51.91229577237705,30.46527679934368],[51.91376124229348,30.46367456888211],[51.91478104064216,30.46344610419294],[51.91518760812399,30.46335501884501],[51.91610670268205,30.46305433849673],[51.91676827728556,30.46283790053839],[51.92060791280013,30.46231359629582],[51.92165633174297,30.46230979895319],[51.92201802489932,30.46228982694355],[51.92356437380046,30.46143193200304],[51.92402491389134,30.46048484822391],[51.9250324140692,30.45948206331156],[51.92559161063377,30.45916150827299],[51.92580236933328,30.45908974755374],[51.92592160733975,30.45910765555579],[51.92814236515395,30.45977090630639],[51.92905537250552,30.46012943718522],[51.93178294570382,30.46217129901688],[51.931808762682,30.46217603686677],[51.93238442850355,30.46217192359301],[51.93251993292438,30.462122113213],[51.93272770011581,30.46197339229367],[51.93392391810659,30.46136238550666],[51.93544455659866,30.46122789595108],[51.93599258725347,30.46143477563679],[51.93727233768993,30.46251998722798],[51.93810897292141,30.46239095307208],[51.93847983988337,30.46229165592042],[51.94138925533098,30.46216143478721],[51.94141746730986,30.46215045457295],[51.94281453134403,30.46155241794553],[51.94752082070254,30.45956036833425],[51.94781665556081,30.45963149541213],[51.94784937363631,30.45964123213369],[51.94968015433528,30.46032424006324],[51.94979105560444,30.46033828063091],[51.94979124643184,30.46033830270231],[51.95016352533194,30.46036628292066],[51.95200271069798,30.46021955939718],[51.95319613851911,30.46050744098383],[51.95420796094405,30.46252804449926],[51.95325429011795,30.463668493672],[51.95159662588534,30.46448863255346],[51.95151729531876,30.4645320514653],[51.95088896499149,30.46564394140973],[51.950910361128,30.4656399144123],[51.95165924732903,30.46524576534801],[51.95192043714655,30.4652627021122]]]},"properties":{"Name":"منطقه حفاظت شده مارگون","description":"<html xmlns:fo=\"http://www.w3.org/1999/XSL/Format\" xmlns:msxsl=\"urn:schemas-microsoft-com:xslt\">\n\n<head>\n\n<META http-equiv=\"Content-Type\" content=\"text/html\">\n\n<meta http-equiv=\"content-type\" content=\"text/html; charset=UTF-8\">\n\n</head>\n\n<body style=\"margin:0px 0px 0px 0px;overflow:auto;background:#FFFFFF;\">\n\n<table style=\"font-family:Arial,Verdana,Times;font-size:12px;text-align:left;width:100%;border-collapse:collapse;padding:3px 3px 3px 3px\">\n\n<tr style=\"text-align:center;font-weight:bold;background:#9CBCE2\">\n\n<td>منطقه حفاظت شده مارگون</td>\n\n</tr>\n\n<tr>\n\n<td>\n\n<table style=\"font-family:Arial,Verdana,Times;font-size:12px;text-align:left;width:100%;border-spacing:0px; padding:3px 3px 3px 3px\">\n\n<tr>\n\n<td>FID</td>\n\n<td>3</td>\n\n</tr>\n\n<tr bgcolor=\"#D4E4F3\">\n\n<td>OBJECTID_1</td>\n\n<td>4</td>\n\n</tr>\n\n<tr>\n\n<td>cod</td>\n\n<td>9</td>\n\n</tr>\n\n<tr bgcolor=\"#D4E4F3\">\n\n<td>tafkik_id</td>\n\n<td>3</td>\n\n</tr>\n\n<tr>\n\n<td>tafkik_nam</td>\n\n<td>منطقه حفاظت شده</td>\n\n</tr>\n\n<tr bgcolor=\"#D4E4F3\">\n\n<td>shahrestan</td>\n\n<td>سپيدان</td>\n\n</tr>\n\n<tr>\n\n<td>NAME1</td>\n\n<td>منطقه حفاظت شده مارگون</td>\n\n</tr>\n\n<tr bgcolor=\"#D4E4F3\">\n\n<td>sal_mosava</td>\n\n<td>1378.1396</td>\n\n</tr>\n\n<tr>\n\n<td>AREA_ha</td>\n\n<td>3135</td>\n\n</tr>\n\n<tr bgcolor=\"#D4E4F3\">\n\n<td>F_AREA</td>\n\n<td>31346245.0483</td>\n\n</tr>\n\n<tr>\n\n<td>Shape_Leng</td>\n\n<td>40698.406328</td>\n\n</tr>\n\n</table>\n\n</td>\n\n</tr>\n\n</table>\n\n</body>\n\n</html>\n\n","timestamp":null,"begin":null,"end":null,"altitudeMode":"clampToGround","tessellate":-1,"extrude":0,"visibility":-1,"drawOrder":null,"icon":null,"snippet":""}},
{"type":"Feature","geometry":{"type":"Polygon","coordinates":[[[54.68391401961757,29.17039246793138],[54.68612395103925,29.16782331311912],[54.68825771544139,29.16661271655703],[54.69080550552696,29.16362309286991],[54.69104881442062,29.16265891022943],[54.69902081372098,29.15296510480693],[54.70176725275502,29.15013031173198],[54.70438838502242,29.14892178257701],[54.71076281094394,29.14789697092612],[54.71471111679995,29.1478106709736],[54.71671933745868,29.14812455143715],[54.73502907108636,29.15283520814146],[54.75961562050983,29.1565121032555],[54.78479570099839,29.12359860344377],[54.80297746960705,29.09863235969646],[54.87367719825633,29.04642485118209],[54.90319769320877,29.02848372090981],[54.94143595237657,29.0074528239393],[54.95170217578763,29.00673651433386],[55.01228536399951,29.00532117742219],[55.02296430263635,29.01783678064733],[55.03046304175942,29.02465184370229],[55.03647722646438,29.03091894058559],[55.03733429317754,29.03289990042757],[55.04449339136239,29.03257572827625],[55.04835165485391,29.0305602064356],[55.04939516077764,29.02977494949197],[55.05417727605978,29.02832250852503],[55.05693721928105,29.0268489574753],[55.06075375985964,29.02440682744686],[55.06350099544438,29.02284978965893],[55.07069193966111,29.01676018536762],[55.07393187479279,29.01441176399396],[55.07467813632153,29.01413642154484],[55.07678306541843,29.0147262739574],[55.07819071246227,29.01463669620321],[55.08035799758359,29.012964491708],[55.08199235356469,29.01301981802344],[55.08481478054028,29.01476177740355],[55.08692159055507,29.01512576449752],[55.08907775844609,29.01482047655023],[55.09261398507456,29.01599957961971],[55.10321747838559,29.01683997329255],[55.10414163506624,29.01712442132087],[55.10551420073956,29.01876211468443],[55.11038147067666,29.02069551118233],[55.11173405253587,29.02065904062852],[55.1154628264471,29.02368709428423],[55.11979406107505,29.02758011078078],[55.12136641147592,29.02781071940484],[55.12494704880478,29.02785773804807],[55.12751175680314,29.02761775956589],[55.12959304411002,29.02651198142804],[55.13133004673111,29.02621059430842],[55.1320453098697,29.02705192214426],[55.13526994962486,29.02542832831687],[55.13832448047395,29.02508833363656],[55.13953684057749,29.02571092391412],[55.14035113139707,29.025344512834],[55.1425951265888,29.02538467487777],[55.14405352976546,29.02579355125991],[55.15129737863251,29.02897845844445],[55.15560905288812,29.03051599000393],[55.15947669085582,29.03239274045626],[55.16295653649515,29.03372169196154],[55.17699173429187,29.04453950408491],[55.19412371188223,29.05861238239108],[55.2022116565835,29.06704626453774],[55.20343065261907,29.06745511282719],[55.2045244615244,29.06864280953293],[55.20989988387876,29.07361214510594],[55.21089934613175,29.07382173769467],[55.21242921875702,29.07560397276485],[55.21350628615572,29.07777268603048],[55.21747100640876,29.08056632039158],[55.22042453762956,29.08383821551986],[55.22385907881958,29.08505679496072],[55.22673178771,29.086563383822],[55.22970054837205,29.08895323473513],[55.23127223199469,29.09145770346773],[55.2328525412254,29.09312307786417],[55.23365288329694,29.09624674960908],[55.23432919343378,29.09779868423525],[55.23444633929321,29.09977638518313],[55.2363803032343,29.10255401942428],[55.23838677406881,29.10360682377502],[55.24578359350664,29.11145956088905],[55.24703466445587,29.11376791199388],[55.25164923023826,29.11761356370464],[55.25210942602214,29.11953030820818],[55.25521335704613,29.12047084945881],[55.25645252066872,29.12002000267293],[55.25784360986606,29.1202907491975],[55.26556310998613,29.12017429088729],[55.26757531382168,29.12000404838561],[55.27085448671396,29.12042312538967],[55.274481755709,29.12130681014341],[55.28289965098624,29.12183902024743],[55.29416442688255,29.12331610159725],[55.29937243595242,29.12367103903576],[55.30453492325174,29.12470874409964],[55.31000065912944,29.12643587956612],[55.31274493414776,29.12683140458542],[55.31537990676165,29.1265848138529],[55.31956908418267,29.12729839114653],[55.32214699315222,29.12955729760992],[55.32519248724751,29.13162799004495],[55.32856441228071,29.13435465338592],[55.33164231828385,29.13741822272112],[55.3374497313869,29.14530723722944],[55.33924351828561,29.14943529584901],[55.34237057892182,29.15186532386855],[55.34677393028689,29.15741521506407],[55.3443712841389,29.16043556890805],[55.34329995893845,29.16441081974544],[55.33927291110385,29.17571279693798],[55.3375733959429,29.17878684169725],[55.33977666266971,29.1833801838432],[55.34554506649273,29.193007725289],[55.35563159471799,29.20472753141409],[55.35721970902827,29.20510798762136],[55.36405967998017,29.20249368871071],[55.36249675446015,29.20570507383961],[55.35766081456931,29.2142093202346],[55.35131526268809,29.21993350964156],[55.34890763913307,29.22830486690627],[55.34628191886626,29.23229698390483],[55.3399751562332,29.23805714773633],[55.33639283388399,29.24008806212341],[55.33406481455986,29.24280225858272],[55.33174982030601,29.24660843238739],[55.33206327382938,29.25229947816587],[55.33338781956348,29.25410041894588],[55.33421615511201,29.26140182425286],[55.33410893725772,29.26611080963545],[55.33301425229511,29.27395670784147],[55.33323746474657,29.27732529090649],[55.3329006030353,29.28095759184506],[55.33073406701403,29.28253673272114],[55.33054245058124,29.28532036576511],[55.32952831978231,29.28715526156932],[55.32750737489396,29.28853313615203],[55.32679520833578,29.2905454926747],[55.32285261633785,29.29559434354917],[55.31453514839055,29.30435974062798],[55.30959639078172,29.31057314448473],[55.30647409687307,29.31225931393022],[55.30475493268643,29.31343845010976],[55.30271265583119,29.31531433974137],[55.300496944452,29.31806932664884],[55.30265583951289,29.31874620605218],[55.30561238172125,29.31920124694139],[55.30591058438199,29.32726044540576],[55.30557056852,29.33412297555389],[55.30544551961091,29.33919256423638],[55.30575290229635,29.34613549108428],[55.30508196395607,29.35742429647493],[55.30454325775479,29.36072001993599],[55.30368217251794,29.36233328301027],[55.30117514521312,29.37001637441493],[55.29899882681571,29.37575457103],[55.29304601941421,29.38552297238727],[55.29330293385655,29.38864834304013],[55.29122105220373,29.39484777342241],[55.28874735263066,29.39981495623934],[55.28788812426971,29.40251091501009],[55.28484982622872,29.4091671354002],[55.28449526774369,29.41371031401262],[55.27675312895021,29.40835883526746],[55.27398692301636,29.40678906734716],[55.26568631646077,29.39919196438998],[55.25652810267012,29.39120417482324],[55.25250342942655,29.38795723360711],[55.24408722435693,29.38067314960712],[55.23383933761199,29.37270786896581],[55.2270355640367,29.36707505842184],[55.22507062612571,29.36574055196352],[55.2162774956787,29.36552396115552],[55.20882675857572,29.36629933259119],[55.2052243702876,29.36613359211877],[55.19905108928354,29.36513901915666],[55.18701763711051,29.3623412016064],[55.18248913094174,29.36215323328829],[55.17733520021542,29.36120764869241],[55.17292651723659,29.35948707043586],[55.16808289624123,29.35887698330871],[55.16165562240137,29.35914365290723],[55.14194421605019,29.35944310329379],[55.13745349288367,29.36004301900025],[55.12877442570566,29.36208702813315],[55.11714092744422,29.36345716847537],[55.11064362087372,29.36389761804564],[55.10693576607984,29.36444054021626],[55.10331979160866,29.36447035999899],[55.09603497029185,29.36571094708315],[55.09060401961454,29.36529944016887],[55.08551699581533,29.36522649699932],[55.0814746327481,29.36437438530784],[55.07663384966244,29.36380839146991],[55.07371059464401,29.36206088209624],[55.06952244546932,29.36239731804025],[55.06742652896711,29.36140151873329],[55.06420498145962,29.36061492243206],[55.06277949781096,29.36157995995235],[55.0606390534179,29.36210600430647],[55.05404849543569,29.36194682768877],[55.04984004221537,29.36126954454783],[55.04617530362123,29.3615858289206],[55.04165743153506,29.36238122455593],[55.04101311838701,29.363957504241],[55.03838899953909,29.36544376255561],[55.03556459518529,29.36535436773775],[55.03548910203718,29.36656976353289],[55.02483457927349,29.37858526165145],[55.02357292101002,29.40328735526292],[55.0263581734167,29.40604517932776],[55.02762760434688,29.41348841146379],[55.02717458038568,29.41982124086621],[55.02012832868055,29.43580502408318],[55.01853191381043,29.44521642275878],[55.02186119421553,29.45578380908573],[55.02310683421219,29.46782879282664],[55.01673265244712,29.47411368276836],[54.99762578595725,29.48667464643836],[54.99663361865685,29.48943445504643],[54.99529899675918,29.49436385918093],[54.99720060766892,29.49655792831279],[54.99447316259586,29.50038362365003],[54.98711057035716,29.49717892274487],[54.97884017422054,29.49519740427101],[54.9636543347607,29.49783215358398],[54.95866016776233,29.50525204649808],[54.94846629631757,29.51097257397726],[54.94207921004381,29.51672645786522],[54.92605765903708,29.5086141364639],[54.90657705639558,29.50150339367324],[54.9008017723172,29.49862831318529],[54.89152090602216,29.49430544293473],[54.87416959712171,29.48706918132893],[54.85818859992864,29.47420246944971],[54.84663391966458,29.46837567152145],[54.84385277908282,29.46616531314266],[54.84157064926472,29.46572359924497],[54.84340108021601,29.47325057336765],[54.84392002386619,29.47747226109301],[54.84516856407235,29.48376278594356],[54.84401692649763,29.4909120935447],[54.84640124546656,29.5010418251278],[54.84693947463657,29.50582317023341],[54.8462150506768,29.51129679525339],[54.84606303296583,29.51409114164615],[54.84538724201379,29.51580338297202],[54.84477247955675,29.51950143942466],[54.84599034320333,29.52287735371339],[54.84625708760172,29.52489357347929],[54.84900611211555,29.53196620692108],[54.85099599722007,29.53446140505871],[54.85114940905834,29.53647578158839],[54.85075302018708,29.542044936053],[54.84908807073798,29.54758452170102],[54.84832131632434,29.55114478772126],[54.84815853433136,29.55346980777617],[54.84949280188162,29.55624310951669],[54.8500460132167,29.55838124213461],[54.84982383899555,29.56010083207859],[54.84857672477924,29.56294960121082],[54.84768324626558,29.56609053437325],[54.84622730312708,29.56813519441949],[54.8453444535397,29.56999516993167],[54.8420765029764,29.5711758313582],[54.83717101488629,29.57420403454961],[54.83283904164846,29.57794060200104],[54.82693365237004,29.58091147168736],[54.82411625720814,29.581857713744],[54.8188535080467,29.5832418814973],[54.81402966323822,29.58580589776163],[54.8132320928003,29.58832787861401],[54.81066938091472,29.59276042068526],[54.81010512257799,29.59451035247923],[54.81094500799906,29.59815998191066],[54.81277603226924,29.60132975396185],[54.81572967307644,29.6098949646137],[54.81216412537305,29.61627772876447],[54.80983599477179,29.61650995393743],[54.8062997157644,29.61627107349368],[54.80444615976449,29.61652007377641],[54.80270755008475,29.61622965009756],[54.80018685707081,29.6152405845897],[54.79740856023735,29.6151944733856],[54.79581475119936,29.61474623006541],[54.78697230733405,29.61425841031538],[54.77981630677993,29.61486505592429],[54.77781484898616,29.61479544802459],[54.77061349063285,29.61502643492677],[54.76740964360935,29.61564013946426],[54.76411091804337,29.61587325859265],[54.76115848572302,29.61258470126862],[54.75798393079092,29.60954493370562],[54.75468232750791,29.60665631053381],[54.75254173865453,29.60449096956602],[54.75085529200214,29.60233329778975],[54.74819330862798,29.59948243276625],[54.7451421693406,29.59588965053202],[54.74057713288745,29.59568117526727],[54.73552910917041,29.59569435003736],[54.72455597538107,29.59800556167569],[54.72218993773355,29.5981002816683],[54.71538994275997,29.59935461897147],[54.71076621038837,29.60114234992766],[54.70413111517033,29.60285001245856],[54.70213154889883,29.6031672257563],[54.70075293143645,29.60432514073652],[54.69890635303067,29.60517721782379],[54.69503427265848,29.60612038534801],[54.6894105629201,29.60781779350171],[54.6857668195364,29.60960364519838],[54.67875479537724,29.61059975704257],[54.67415396701159,29.61179116045793],[54.66983758483631,29.61362790877852],[54.66712012138964,29.61641281710971],[54.65677047105908,29.6233029999771],[54.65373089242434,29.62570302327851],[54.64992521158177,29.62907270295047],[54.64689541148659,29.6314817496434],[54.64119429730398,29.63552115262717],[54.63836526528353,29.63727501332379],[54.63195523000745,29.64157199257529],[54.62969009556964,29.64260501637539],[54.62655089817839,29.64523713079203],[54.62143211749595,29.64991751922114],[54.61733579569589,29.65545503894029],[54.61499274257044,29.65801997184431],[54.61107098749177,29.66138633830333],[54.60754965310702,29.66571603704155],[54.60504641633609,29.66630227616218],[54.59769048474778,29.6698406284455],[54.59196826284467,29.67242497633638],[54.58852731929424,29.67333663966201],[54.58663297762988,29.67479961374459],[54.58584829139996,29.67824033246338],[54.58457478433566,29.68138345960153],[54.58159477277449,29.68632665933056],[54.57840732039365,29.69086004520219],[54.57432540477458,29.6951965383366],[54.56993112262953,29.69961736282472],[54.56812592984449,29.70206494702539],[54.56458890507595,29.70605027532669],[54.56172220578578,29.70836997389174],[54.55944749014785,29.71226171536512],[54.55754459845227,29.71353950079371],[54.55544510938577,29.71171333082157],[54.55148708210365,29.7095697882184],[54.54697742069843,29.70664714308263],[54.53679111880658,29.70220631770592],[54.53268637882866,29.70010331829086],[54.52774531616679,29.69806902068422],[54.5152077762533,29.69265990886277],[54.51165372249562,29.69301279043228],[54.50791787344039,29.69263262740006],[54.5031132293761,29.69047607844628],[54.50181592465735,29.68930741053217],[54.49979762201848,29.6893322857012],[54.49621972193742,29.69144725473816],[54.49080358174192,29.69250703639864],[54.48478842494851,29.69439599593387],[54.48377400830942,29.69545408377108],[54.48123635429977,29.69716794892425],[54.48028137192733,29.6972004089697],[54.47614245738915,29.69914601318473],[54.46857600894162,29.70200716141868],[54.45757922586219,29.70663057741008],[54.45231838876781,29.70850398553136],[54.44948623566759,29.70905345254017],[54.44535499056271,29.71047250404695],[54.43832532848623,29.7134071433319],[54.42829097645422,29.71738909765695],[54.42321829800176,29.71880002037348],[54.41626644460394,29.72154367232298],[54.41340562947352,29.72328735143569],[54.40765148660908,29.72536912889525],[54.39763125244037,29.72870091243713],[54.39312262357227,29.72999721490807],[54.38910158998799,29.73138699674958],[54.38540007147345,29.72885814562595],[54.3816880686162,29.72683897758888],[54.37569950262364,29.72222923103623],[54.37167155268186,29.71998213326403],[54.37377678210741,29.71639128521593],[54.37340658621616,29.71606087034731],[54.36794485167323,29.71368224040792],[54.36246320416381,29.71214481862184],[54.35928961107361,29.71077764256292],[54.35650636821654,29.71065814611433],[54.35335506016879,29.7088084397685],[54.3502427213731,29.7079766351411],[54.34660948371638,29.70668668357985],[54.34474714732794,29.70625413635477],[54.34468447383399,29.70551177100331],[54.34758538323418,29.70124023077752],[54.34853157804761,29.69901665585484],[54.34885431936168,29.69432349665938],[54.34966777262328,29.69266539760169],[54.35109755019558,29.68558321938811],[54.35188978143201,29.68417912313935],[54.35266471849527,29.68172411529919],[54.35343936293393,29.68102485315439],[54.35759433964898,29.68087488798329],[54.36230375131855,29.6753381147206],[54.36561367976071,29.67039476918214],[54.37064280502343,29.66095731351029],[54.37497983333634,29.65415321392263],[54.37751830976737,29.6504902789898],[54.38214655150514,29.64222145909198],[54.38576552984177,29.63634533225972],[54.38973559406728,29.63015136099311],[54.39280369961568,29.62578161039688],[54.39709856582706,29.61873073788925],[54.39929485276577,29.61546694007021],[54.40123050456671,29.61221153492626],[54.40286703549035,29.6111294064916],[54.40518871394072,29.60896722449246],[54.40615829195873,29.60743763159774],[54.40514699080634,29.60640951491707],[54.40619390549382,29.60564933570599],[54.40797793743103,29.60334281775087],[54.40861076803278,29.60184413949277],[54.41279240715832,29.59856115916329],[54.41498649643145,29.59716620105169],[54.416376172765,29.59571693378692],[54.42243606649708,29.58837468535857],[54.4265431314397,29.58366844520857],[54.42926961393374,29.58172456220672],[54.43147159781375,29.57885360145111],[54.43243226878437,29.57532312729601],[54.43385752974109,29.57203660586065],[54.43758452452758,29.56673090007313],[54.43862940202891,29.56226557751557],[54.43806897287541,29.55748355014612],[54.43808711553445,29.5558167207607],[54.43978324064791,29.55156467375898],[54.44128605090001,29.54842742238693],[54.44365779188111,29.54487986168247],[54.44523808370376,29.54293578792988],[54.44625853792851,29.53979775174439],[54.44873064287967,29.53653662187276],[54.44970221581136,29.53494097282866],[54.4522421652505,29.53314044431836],[54.45725994394776,29.52672695394113],[54.46514364339308,29.51696168032008],[54.46973973200171,29.51172023454951],[54.4700151746656,29.50923696963935],[54.47135769609612,29.50852159847534],[54.47202317709174,29.50606141515565],[54.47498645483038,29.50251661114996],[54.47656354025253,29.49608908278661],[54.47571368585936,29.49218684235743],[54.47621584905807,29.48741627049843],[54.47560004715406,29.48389283774058],[54.47896729913451,29.47656467499423],[54.47889490782974,29.47559882644647],[54.48157647658004,29.46915648678064],[54.48480291390918,29.4536140203724],[54.48414901775013,29.44919207331568],[54.48446204812612,29.4474787303088],[54.48298486161779,29.44180807330579],[54.48243003199906,29.4411653524391],[54.48122651099966,29.43803307306347],[54.47714052492444,29.43254109955831],[54.47729552302063,29.42994202473428],[54.47883277401196,29.42501039839763],[54.47834168661484,29.4237079517638],[54.47956475739422,29.42147198141963],[54.47904460729085,29.41931713899166],[54.4778275911103,29.41696721688526],[54.47825625601966,29.41524969502532],[54.47816422605914,29.41374129743765],[54.4756147451354,29.41160390712189],[54.47541006281715,29.40917063486521],[54.47652710260564,29.40739959218643],[54.47607073855351,29.40353673945531],[54.47650665980221,29.4020323238049],[54.47565619368573,29.39970833857461],[54.47246616060337,29.39638960050798],[54.47074059694987,29.3933951994394],[54.4684491646508,29.39046883480381],[54.46595871015538,29.38765424765721],[54.46396106910164,29.3850045313141],[54.46352863857004,29.38302505259137],[54.46378929138739,29.38193489096131],[54.46614931698696,29.38265879764754],[54.46704043733095,29.38152581184372],[54.46614768855952,29.38037926498737],[54.46608462787741,29.37721051559577],[54.46568465980307,29.37580208596459],[54.46860019247043,29.37024292987384],[54.46864193022159,29.36799881456651],[54.46276173132981,29.35849914256255],[54.46248739330742,29.35784272757476],[54.4647838210157,29.33140415182886],[54.46502110818502,29.3292981396742],[54.46641396102897,29.31242789142436],[54.46627846834279,29.30757509846277],[54.46545571502891,29.2965417528805],[54.47408140514623,29.28181480904823],[54.48783974712682,29.27046105472819],[54.48987058214887,29.2668095140017],[54.48690930312333,29.26590073866247],[54.48177682856289,29.25755055794456],[54.48111084864681,29.24711473067283],[54.4800091108434,29.23862770381169],[54.480063250771,29.23245983834181],[54.48030539629492,29.22059460188362],[54.48374240181841,29.21887247115015],[54.49510708660527,29.21023661447655],[54.49911586952549,29.20890766885991],[54.50039883824891,29.20799567381683],[54.50069384414492,29.20583141510921],[54.50149825787705,29.20465519585813],[54.50162408788088,29.20346629847743],[54.50266565964347,29.20050762710666],[54.50050531241642,29.19761679154985],[54.50028878491221,29.19654913089758],[54.50096421688174,29.19535714372196],[54.50267644270055,29.19401046144842],[54.5042641518537,29.1910926167265],[54.50538288480975,29.18963974222583],[54.50696710507209,29.18909879104831],[54.50704310388411,29.18819694789767],[54.50846598830994,29.1876054303583],[54.5081801515206,29.18598374819638],[54.5048034859289,29.18431672458784],[54.50400026883542,29.18345085050463],[54.50404388442491,29.18229362408397],[54.50330537611566,29.18147166860264],[54.50355764986134,29.18000263749001],[54.50295043528167,29.17599795304233],[54.50173849300366,29.17459667803541],[54.50039955757442,29.17236476815988],[54.50362947306142,29.17062647496493],[54.50444775159442,29.16817702250675],[54.50785149440641,29.1659303430508],[54.51291232760725,29.16041286253784],[54.51376885756756,29.15836386949701],[54.51426615198204,29.1556835841006],[54.51524900375505,29.15502089631224],[54.51554845988429,29.15354208230246],[54.51820598691702,29.15101527670364],[54.52093250871729,29.14878726287521],[54.52139689245185,29.14728793817196],[54.52376224316892,29.1467811650497],[54.52685278898031,29.14346692557051],[54.52904360525659,29.14254036971847],[54.53023457383669,29.14124410621412],[54.53193041606174,29.14076293716166],[54.53489583004148,29.141003117286],[54.54089020851578,29.13979797067229],[54.54275954127898,29.13910542497304],[54.54551476923962,29.13968554676318],[54.5471712065915,29.13964864030228],[54.54883499230633,29.13890954205875],[54.55265510412706,29.14096078924407],[54.55483017734293,29.14138032768298],[54.55527546805381,29.14308187449527],[54.55451503151334,29.14500081664416],[54.55522762199382,29.14564673973303],[54.5570984108942,29.14543539211854],[54.55897251985782,29.14638772711085],[54.55758220047725,29.1482512104023],[54.56059887862046,29.14837626347402],[54.56282761998382,29.14946457843289],[54.56508298248541,29.14919115129695],[54.566580922002,29.14991093535575],[54.57158200364051,29.15076354195518],[54.57397702203573,29.15186338594742],[54.57572063253522,29.15371765628123],[54.57805038353759,29.1539948164901],[54.57962184815639,29.15364567686387],[54.58150377804843,29.15417720927491],[54.58469861882618,29.15391385844599],[54.58865770262155,29.1543411343473],[54.59296214006579,29.15315882817467],[54.59462455764292,29.15330814171616],[54.59906402409145,29.15429913853394],[54.60639368309374,29.15998635916316],[54.60477435577732,29.16867118289905],[54.59391159134059,29.18302141774077],[54.59715303314402,29.18562407842443],[54.59609389503807,29.18806573693936],[54.59166312935749,29.19261685506958],[54.59044724896505,29.19446014199081],[54.58862210661029,29.20040868504179],[54.58827782623344,29.20258923485537],[54.5918274750325,29.20114575010014],[54.60023872136087,29.19855106577196],[54.6037151262102,29.19703670001767],[54.61604731355699,29.18986156070049],[54.62338074714193,29.18485811771452],[54.62429292789737,29.18423506501872],[54.62492392174687,29.1838931194183],[54.62857784997273,29.18292042513272],[54.63858370053839,29.18141398384279],[54.64494904436319,29.18046529413191],[54.6484478683865,29.17940706722293],[54.66287282558585,29.17516995153705],[54.66433088728799,29.1749493133518],[54.66625127047847,29.17457139560934],[54.67447356582957,29.1726897357005],[54.68193942104305,29.17090854040771],[54.68377488543176,29.17044281481385],[54.68391401961757,29.17039246793138]]]},"properties":{"Name":"منطقه حفاظت شده بهرام گور","description":"<html xmlns:fo=\"http://www.w3.org/1999/XSL/Format\" xmlns:msxsl=\"urn:schemas-microsoft-com:xslt\">\n\n<head>\n\n<META http-equiv=\"Content-Type\" content=\"text/html\">\n\n<meta http-equiv=\"content-type\" content=\"text/html; charset=UTF-8\">\n\n</head>\n\n<body style=\"margin:0px 0px 0px 0px;overflow:auto;background:#FFFFFF;\">\n\n<table style=\"font-family:Arial,Verdana,Times;font-size:12px;text-align:left;width:100%;border-collapse:collapse;padding:3px 3px 3px 3px\">\n\n<tr style=\"text-align:center;font-weight:bold;background:#9CBCE2\">\n\n<td>منطقه حفاظت شده بهرام گور</td>\n\n</tr>\n\n<tr>\n\n<td>\n\n<table style=\"font-family:Arial,Verdana,Times;font-size:12px;text-align:left;width:100%;border-spacing:0px; padding:3px 3px 3px 3px\">\n\n<tr>\n\n<td>FID</td>\n\n<td>4</td>\n\n</tr>\n\n<tr bgcolor=\"#D4E4F3\">\n\n<td>OBJECTID_1</td>\n\n<td>5</td>\n\n</tr>\n\n<tr>\n\n<td>cod</td>\n\n<td>7</td>\n\n</tr>\n\n<tr bgcolor=\"#D4E4F3\">\n\n<td>tafkik_id</td>\n\n<td>3</td>\n\n</tr>\n\n<tr>\n\n<td>tafkik_nam</td>\n\n<td>منطقه حفاظت شده</td>\n\n</tr>\n\n<tr bgcolor=\"#D4E4F3\">\n\n<td>shahrestan</td>\n\n<td>ني ريز</td>\n\n</tr>\n\n<tr>\n\n<td>NAME1</td>\n\n<td>منطقه حفاظت شده بهرام گور</td>\n\n</tr>\n\n<tr bgcolor=\"#D4E4F3\">\n\n<td>sal_mosava</td>\n\n<td>1351</td>\n\n</tr>\n\n<tr>\n\n<td>AREA_ha</td>\n\n<td>372028</td>\n\n</tr>\n\n<tr bgcolor=\"#D4E4F3\">\n\n<td>F_AREA</td>\n\n<td>4038438487.69</td>\n\n</tr>\n\n<tr>\n\n<td>Shape_Leng</td>\n\n<td>348694.886781</td>\n\n</tr>\n\n</table>\n\n</td>\n\n</tr>\n\n</table>\n\n</body>\n\n</html>\n\n","timestamp":null,"begin":null,"end":null,"altitudeMode":"clampToGround","tessellate":-1,"extrude":0,"visibility":-1,"drawOrder":null,"icon":null,"snippet":""}},
{"type":"Feature","geometry":{"type":"Polygon","coordinates":[[[54.68391401961757,29.17039246793138],[54.68580646913279,29.17249639445942],[54.68866946869554,29.17421532798567],[54.69107227107013,29.17640867590192],[54.6962765643689,29.18154568525059],[54.69842805809566,29.18302615817903],[54.69923691522292,29.18466251091122],[54.70173189400666,29.18818674701816],[54.7033354147327,29.19249674055471],[54.70438321134725,29.19474083142468],[54.70488579356497,29.19702858865677],[54.70458045748465,29.19926512260533],[54.70694356611656,29.20214522582216],[54.70834101063817,29.20441094566679],[54.71075066196079,29.21095335038823],[54.71405295611224,29.22333958878525],[54.71490062119135,29.22544639840373],[54.71715538690552,29.22940801772992],[54.71988852289007,29.23677778731508],[54.72070706456393,29.23828626187371],[54.72253606483741,29.24033503390224],[54.72708169553149,29.2447565109029],[54.730648334054,29.2476168132779],[54.73408947059746,29.24999170800279],[54.73594691662794,29.25077044959009],[54.74329653523412,29.25310622611356],[54.74628952521332,29.2549377807315],[54.74610441653802,29.2577422445927],[54.74785350566385,29.25997616367022],[54.75070512486165,29.26219628707207],[54.75078686615769,29.2647485518361],[54.75210720446178,29.26947306511775],[54.75482823272907,29.27227395774978],[54.75931705220555,29.27747556669962],[54.76291072848533,29.28074904756051],[54.76682986078625,29.28474525727276],[54.76947859157703,29.28837640358844],[54.77178032138503,29.29229314523613],[54.77273640968239,29.29537289033786],[54.77599055910623,29.3017714339431],[54.77773110693877,29.30800273500497],[54.780084652149,29.31349694654189],[54.78346208850582,29.3189707698359],[54.78798430161233,29.32278214693741],[54.79170270860931,29.32433827429265],[54.79807358576885,29.32945027008975],[54.79585555950223,29.32948837240453],[54.79336650908651,29.33023186084594],[54.79035772657106,29.33530084555998],[54.7889316176995,29.33815419354962],[54.78492755087864,29.3418988177139],[54.78215242140141,29.34401976919587],[54.77613948795318,29.34991269223356],[54.77238540830177,29.35388524755059],[54.76994588113969,29.35623570453897],[54.76784080049499,29.35889061465688],[54.75819258276967,29.36709801204426],[54.75391945093541,29.36825798806336],[54.75221622131424,29.3694274261379],[54.75033081981969,29.37183712434264],[54.74933042091727,29.37507557285886],[54.74915631341013,29.37946733428471],[54.74797185662256,29.38050982908401],[54.74642256091462,29.38287992366201],[54.7455480481101,29.38508056399418],[54.74568967492505,29.38802179656983],[54.74547941842294,29.39053207384387],[54.74429814644585,29.39259187004723],[54.73998023212173,29.39640699319466],[54.73872256365729,29.3972446937093],[54.72226316165807,29.40892709676283],[54.70710389641965,29.41902410048835],[54.68956427934601,29.43140017894095],[54.68754745589462,29.43189628986253],[54.68583911894977,29.43365178586413],[54.67650287841174,29.4358349643549],[54.67422913421507,29.43576574929476],[54.67157125532747,29.43480456714256],[54.66923082494361,29.43544226823333],[54.66658513211112,29.43468775038427],[54.66544957476308,29.43260825738809],[54.66264642829741,29.42990344810629],[54.66204575406137,29.42890441977543],[54.66185201718397,29.42706273780576],[54.66089512873101,29.42322478661734],[54.6594630085119,29.42247670025376],[54.65777715438164,29.42094816178935],[54.65761851070376,29.41774380901441],[54.657198650708,29.41580532128658],[54.65559016486012,29.41255004150562],[54.65434479752838,29.40738782685437],[54.65289728788729,29.40488005311159],[54.65246919346135,29.40354354696053],[54.65312218281714,29.40195009047263],[54.65279276147725,29.39934509785144],[54.65052745874777,29.39628698239856],[54.64971853273902,29.39478847839164],[54.64692578157304,29.39140143021475],[54.64686153228609,29.38996577153636],[54.64546176630942,29.38750803593297],[54.6413989752294,29.3816853128707],[54.64054157286739,29.37667629328739],[54.63865918374536,29.36971179963112],[54.63670138210235,29.36602120199798],[54.63582781741061,29.36242650790469],[54.63435487025738,29.35811101624606],[54.63136951604739,29.35400158499491],[54.63147202883771,29.34957201220429],[54.63112636401652,29.34349258525481],[54.6305960334696,29.33979033222165],[54.63060086207877,29.33677933838689],[54.62949220600819,29.3350950246544],[54.62805106154786,29.33433083952838],[54.62472425772838,29.33170370721882],[54.62372915112789,29.32988218067797],[54.62338607566669,29.32846143181171],[54.62074277612803,29.326425872631],[54.61755307027067,29.32489182294528],[54.6157234196596,29.32467449725945],[54.61405876033349,29.32363631581103],[54.61124286937018,29.32137024306219],[54.61016274920797,29.31695361205334],[54.61095490728583,29.31564690412167],[54.61203455510675,29.31173763737931],[54.61205640881037,29.30662489126587],[54.61245494495896,29.30342778679113],[54.61422800034662,29.29965303628366],[54.61533457954689,29.29666173055421],[54.61756508477331,29.29131853626889],[54.61830786910908,29.28793721760284],[54.61622359226429,29.27792367725331],[54.61846915807169,29.26771750951911],[54.61954070831793,29.26341881350869],[54.61944206905025,29.25649153436463],[54.6202794498077,29.25460320879127],[54.61991818648553,29.25341790035903],[54.62064659084617,29.25063850330906],[54.62071931253907,29.24819682853231],[54.62045132590733,29.24508153183998],[54.6200001878582,29.24358215009651],[54.6162098921298,29.2338336279449],[54.61201192505108,29.22772514218083],[54.61376131506444,29.22071721345575],[54.61540254138016,29.2169684050968],[54.6172617370504,29.21079183843394],[54.61699007073551,29.20854002671012],[54.61806434312756,29.20549123481174],[54.61811849226389,29.20385028883584],[54.61888125136398,29.20166802580123],[54.61847216378054,29.19975748956215],[54.61941168722779,29.19762949989435],[54.61941307946552,29.19630860948843],[54.62032584883963,29.19323418773479],[54.62151099178239,29.1902782247337],[54.62166181921379,29.18795154491465],[54.62288189614758,29.18628301662403],[54.62338074714193,29.18485811771452],[54.62429292789737,29.18423506501872],[54.62492392174687,29.1838931194183],[54.62857784997273,29.18292042513272],[54.63858370053839,29.18141398384279],[54.6452779145462,29.18027886797531],[54.6484478683865,29.17940706722293],[54.66326956685306,29.17515917960778],[54.66433088728799,29.1749493133518],[54.66625127047847,29.17457139560934],[54.67083627314258,29.17420448069601],[54.67447356582957,29.1726897357005],[54.67755014835698,29.17112174540419],[54.67957816989417,29.17075352877343],[54.68193942104305,29.17090854040771],[54.68377488543176,29.17044281481385],[54.68391401961757,29.17039246793138]]]},"properties":{"Name":"پارک ملي قطرويه","description":"<html xmlns:fo=\"http://www.w3.org/1999/XSL/Format\" xmlns:msxsl=\"urn:schemas-microsoft-com:xslt\">\n\n<head>\n\n<META http-equiv=\"Content-Type\" content=\"text/html\">\n\n<meta http-equiv=\"content-type\" content=\"text/html; charset=UTF-8\">\n\n</head>\n\n<body style=\"margin:0px 0px 0px 0px;overflow:auto;background:#FFFFFF;\">\n\n<table style=\"font-family:Arial,Verdana,Times;font-size:12px;text-align:left;width:100%;border-collapse:collapse;padding:3px 3px 3px 3px\">\n\n<tr style=\"text-align:center;font-weight:bold;background:#9CBCE2\">\n\n<td>پارک ملي قطرويه</td>\n\n</tr>\n\n<tr>\n\n<td>\n\n<table style=\"font-family:Arial,Verdana,Times;font-size:12px;text-align:left;width:100%;border-spacing:0px; padding:3px 3px 3px 3px\">\n\n<tr>\n\n<td>FID</td>\n\n<td>5</td>\n\n</tr>\n\n<tr bgcolor=\"#D4E4F3\">\n\n<td>OBJECTID_1</td>\n\n<td>6</td>\n\n</tr>\n\n<tr>\n\n<td>cod</td>\n\n<td>3</td>\n\n</tr>\n\n<tr bgcolor=\"#D4E4F3\">\n\n<td>tafkik_id</td>\n\n<td>1</td>\n\n</tr>\n\n<tr>\n\n<td>tafkik_nam</td>\n\n<td>پارک ملي</td>\n\n</tr>\n\n<tr bgcolor=\"#D4E4F3\">\n\n<td>shahrestan</td>\n\n<td>ني ريز</td>\n\n</tr>\n\n<tr>\n\n<td>NAME1</td>\n\n<td>پارک ملي قطرويه</td>\n\n</tr>\n\n<tr bgcolor=\"#D4E4F3\">\n\n<td>sal_mosava</td>\n\n<td>1386</td>\n\n</tr>\n\n<tr>\n\n<td>AREA_ha</td>\n\n<td>31816</td>\n\n</tr>\n\n<tr bgcolor=\"#D4E4F3\">\n\n<td>F_AREA</td>\n\n<td>318158800.022</td>\n\n</tr>\n\n<tr>\n\n<td>Shape_Leng</td>\n\n<td>76748.878502</td>\n\n</tr>\n\n</table>\n\n</td>\n\n</tr>\n\n</table>\n\n</body>\n\n</html>\n\n","timestamp":null,"begin":null,"end":null,"altitudeMode":"clampToGround","tessellate":-1,"extrude":0,"visibility":-1,"drawOrder":null,"icon":null,"snippet":""}},
{"type":"Feature","geometry":{"type":"Polygon","coordinates":[[[51.86136436428261,29.72415733365946],[51.8615474702449,29.72551155177427],[51.86043357781794,29.72649955823055],[51.85993003813887,29.72831153938341],[51.85843849120185,29.72880744971853],[51.85736656180715,29.73126792922918],[51.85465049753551,29.73056221060965],[51.84961509647858,29.72731208873171],[51.8475284573399,29.72637748768669],[51.84681510917147,29.7250270847916],[51.84550666823171,29.72426033076016],[51.84324073792497,29.72472953832363],[51.8391818997979,29.72234535273233],[51.83831596301027,29.72139930774274],[51.83584785466775,29.72125434932605],[51.83484840379012,29.71947670002075],[51.83499336173521,29.71853065494552],[51.83264732368198,29.71661949230923],[51.83242225606611,29.71554374725402],[51.83069801293237,29.71469306983158],[51.82846260003699,29.71283912722198],[51.82730674667526,29.71103096016944],[51.8256092068445,29.7091007238882],[51.82351112341255,29.70847511378774],[51.82173728894692,29.70837593153215],[51.81813240044106,29.70726966912035],[51.8158740993301,29.70498085101383],[51.81492042466708,29.70340156640069],[51.81384849569069,29.70262718225734],[51.81223869284388,29.70002174428603],[51.81002235427405,29.69873237676839],[51.8098468781392,29.69811058090734],[51.80697059656254,29.69653511132267],[51.80600166336516,29.69648170492936],[51.8047733306195,29.69735145577968],[51.80313682550431,29.69725990381397],[51.80174827531104,29.69766807642856],[51.80005454974525,29.69710350108319],[51.79817771846621,29.69865226780928],[51.79803657484161,29.69936561649489],[51.79529380742399,29.7015666970352],[51.79437446554588,29.70309257507544],[51.79269981377339,29.70363807756966],[51.79182624776347,29.70527076779623],[51.79016685428078,29.70554924029405],[51.78849983236617,29.70476722801986],[51.78275871213346,29.70335960424241],[51.78207969680772,29.70261192360838],[51.7791500085288,29.69782066425177],[51.77763557359366,29.69566154485075],[51.77662467902218,29.69301414558733],[51.7765026085017,29.69095039391979],[51.77702140734793,29.67646217403193],[51.77942466736113,29.67348671024359],[51.78078651404207,29.67087364242089],[51.78193855215366,29.66924095208351],[51.78199195853894,29.66716575659851],[51.78380775397388,29.66350364740373],[51.78514671279871,29.66129112320986],[51.78777122444743,29.65761375433719],[51.78948020905268,29.65656089793606],[51.79106330875923,29.65703392048941],[51.79215812702042,29.65671348613838],[51.79459190338418,29.6571445471878],[51.79623985259772,29.65680503906757],[51.79566383355074,29.65520668103665],[51.79627418468235,29.65350532550588],[51.79903984014285,29.65219306943217],[51.80043220491093,29.65032386842893],[51.80237007081837,29.64856910729253],[51.80602836564226,29.64450264032175],[51.80915641739169,29.64271736156439],[51.80894660890453,29.64065742520186],[51.81040382333851,29.63797569329831],[51.81073951658084,29.63681602547946],[51.81277275104119,29.63316535981964],[51.81273460327068,29.63236427366353],[51.81159400905202,29.63020896928673],[51.81002616856978,29.62865257299998],[51.80948829586855,29.6271343231144],[51.80721473651116,29.62502098168934],[51.80707740772479,29.62313652086455],[51.8087863923579,29.62133979861377],[51.81146812440441,29.62088203505284],[51.81251335147021,29.62030220066967],[51.81692695582573,29.61685752892529],[51.81959342938975,29.61544609070991],[51.82227516183089,29.61286735564101],[51.82505989042908,29.61093330464219],[51.82676887524905,29.60902595561105],[51.82832527089129,29.60469245987491],[51.82923698358019,29.6033878326302],[51.83386039689802,29.59870338523655],[51.83464241040042,29.59825706533293],[51.83524513270461,29.59582328840397],[51.83533668513218,29.59159660410494],[51.83377647343358,29.589761734791],[51.83027839620872,29.58456230209912],[51.82813453613742,29.58241081253696],[51.82426261849178,29.57808113135285],[51.82344245851068,29.57696723948001],[51.82011222774821,29.57342720111777],[51.81772041271861,29.57185935978618],[51.81179237321722,29.56860160858917],[51.80994224566941,29.56703376817907],[51.80779457035457,29.56667137206762],[51.80618858299556,29.56566047705487],[51.80525398259355,29.56456565859152],[51.80371284484817,29.564374924484],[51.80154609684077,29.56333351212989],[51.80026817268288,29.56426429832365],[51.80137824936748,29.56536674512673],[51.80042457559527,29.56614875872728],[51.79914283684759,29.56616401723405],[51.79934120201685,29.56741905230871],[51.80173301701458,29.57006645279352],[51.80088615364865,29.57345008870161],[51.79734229984759,29.57525444049736],[51.79502677897449,29.57396125860356],[51.79491233794683,29.57255744969945],[51.79345512414882,29.57259178205584],[51.79214286794123,29.57149696412533],[51.79190254210837,29.56963920644649],[51.78922080947716,29.56804847723946],[51.77221488955207,29.56175041231491],[51.76762199330797,29.5594577791373],[51.76679801900438,29.55882072449845],[51.76170158315041,29.55927085881389],[51.75964546218344,29.55875968995312],[51.75974845912275,29.55709648195491],[51.75958061226401,29.55193901071625],[51.75647544867238,29.55031013540273],[51.75747108463028,29.5488834383735],[51.76074409486491,29.5450687410395],[51.76557350181488,29.53911781344592],[51.76705741879071,29.53411293106266],[51.77210807817836,29.5275936126572],[51.77274894679645,29.52573204110375],[51.77153587326278,29.52486228959986],[51.76749229380702,29.52355003437347],[51.76662635758225,29.52358055147418],[51.76229286165341,29.5257015231835],[51.75938224813932,29.52640724232437],[51.75664329480769,29.52613639895096],[51.75431632940584,29.52657890380712],[51.74678230291098,29.52927589464869],[51.74559211714845,29.52920723036498],[51.7428112025667,29.52995872550586],[51.74183464003272,29.5296573639882],[51.73484992933766,29.53019142187118],[51.73255348208038,29.52986335802625],[51.73026466393707,29.52904701274055],[51.72529411334763,29.52650260999089],[51.72350120555755,29.52612876977575],[51.72239494346358,29.52542305039392],[51.71885871863837,29.52386665414078],[51.71687126173582,29.5225925447958],[51.71451759354767,29.52186775285663],[51.70752143882322,29.5178432471659],[51.7097606654508,29.5170497898016],[51.71316719040153,29.51704216042575],[51.71761512686443,29.51611900367835],[51.72212028472337,29.51421165488438],[51.72358131332739,29.51339530995012],[51.72650718698139,29.51121711811458],[51.73822593640295,29.50412941058339],[51.73941230714071,29.50321006851519],[51.74693489074021,29.49522972131773],[51.7491817468398,29.49398994504547],[51.75472831649808,29.49199485796449],[51.75779151924957,29.49006462168198],[51.75974082933298,29.48814964348471],[51.76235389637976,29.4865818025759],[51.76302146848169,29.48532676734547],[51.76509284981313,29.48320579529236],[51.76979637091274,29.47894096373697],[51.7777118679945,29.4847660066781],[51.7930850985184,29.48616218599814],[51.80758094775485,29.48401832635997],[51.80829811073926,29.48405265890855],[51.81767463710069,29.48573494036875],[51.82911109896985,29.48630332947031],[51.83578300435256,29.48599433941402],[51.84021949731667,29.48438453693947],[51.84813499394425,29.47857856765005],[51.85203742993714,29.4764728546118],[51.86434364323819,29.46872520482514],[51.86720466540671,29.46569633511735],[51.87217521610602,29.462129593242],[51.87426948481172,29.46159172137168],[51.88199043270896,29.45631217958021],[51.88800239538249,29.45202827456001],[51.89369010899347,29.4509449008084],[51.89559364253489,29.44938087462661],[51.90165138209419,29.44600486799644],[51.90288734449036,29.44553947471997],[51.91054725672104,29.44593620315116],[51.91436576822391,29.44817924569791],[51.91797447165786,29.46172904996039],[51.91895103384309,29.46661949175006],[51.91895484851577,29.46934700067518],[51.91867256102897,29.47044181842421],[51.92375373867025,29.47129631094281],[51.92678642221149,29.47147560150169],[51.93172264104841,29.47137260480409],[51.93538093571291,29.47178077764208],[51.94010353114253,29.47180748029882],[51.94408226021212,29.471529007598],[51.94711494376383,29.47105979987411],[51.95128822297704,29.47091865542106],[51.95698356641287,29.47174263018382],[51.96646308896054,29.47386741696595],[51.97096061700166,29.47704124499409],[51.97265815705494,29.47891044701324],[51.97748756394505,29.47974205019994],[51.97781181284542,29.48036766058996],[51.97943305965715,29.48073387153804],[51.97887611403897,29.48215293916428],[51.97673988281174,29.48544502300452],[51.97476005580377,29.48592567464833],[51.97261619561351,29.49025535586292],[51.97125816340366,29.49195671117748],[51.96642494175374,29.49526786803778],[51.96299934356415,29.49600410462523],[51.95925712602692,29.49645805378323],[51.95591545070331,29.49854087876068],[51.95473289414971,29.49953270008174],[51.95207405016804,29.50240898217158],[51.94710731514357,29.50514411980013],[51.9535045616506,29.50870704708515],[51.95656394888164,29.50987815935249],[51.95730781578879,29.51074409566657],[51.95934867794945,29.51194191025913],[51.96153449973714,29.51438331662639],[51.96197700511661,29.51694679314257],[51.96321678087014,29.51759147718987],[51.96798133786882,29.51820945780864],[51.97387504572362,29.51852607777265],[51.97597312945008,29.51910972676898],[51.97948265073918,29.52185249325922],[51.9804668422083,29.52311134378455],[51.98286628654086,29.52888679548689],[51.98210334738715,29.53166389537469],[51.98269081138321,29.53323936487505],[51.98422813351817,29.53315162666029],[51.98865318268115,29.53387260523387],[51.9895420072887,29.53507042015876],[51.98765373254078,29.53689765952018],[51.98480415335416,29.53791999815099],[51.98641395581723,29.53975486831651],[51.98713493361319,29.54122352678493],[51.98922538757107,29.54324531580175],[51.98916053714381,29.54413795538677],[51.98792839018596,29.54743766797978],[51.98908424328965,29.54839897186768],[51.98949623041477,29.54956245468888],[51.99110984776271,29.55030250572635],[51.99370765609942,29.5530338294606],[51.99363136237213,29.55434227034392],[51.99421882593405,29.5553760535112],[51.99581336999628,29.55557441713821],[51.9953975675613,29.55717659045638],[51.99613761882459,29.5587482455139],[51.99935340903686,29.56082344061171],[52.00255012472972,29.56017112743372],[52.00354194580247,29.55898475684725],[52.0075740808288,29.55702400273093],[52.01064491294996,29.55475044294222],[52.01206398017398,29.55496406571096],[52.01230430623273,29.55600929281681],[52.01448249800237,29.55900001558538],[52.01686668332134,29.55903434815549],[52.0187854767497,29.55831718444501],[52.02411460829835,29.55462837243678],[52.02487373307556,29.55375099211295],[52.02596855171421,29.55423927341928],[52.02837181022308,29.55423545851985],[52.029241562134,29.55369758678085],[52.03462028462908,29.55233955403471],[52.03607368449645,29.55224800134798],[52.03773689255954,29.55521965051788],[52.03854560824372,29.55460166929876],[52.03864097566056,29.55310630818012],[52.03948020882726,29.55176734932263],[52.0393123622308,29.55058479381553],[52.04208564697296,29.55029869164758],[52.04457282957442,29.55134773329259],[52.04508399894583,29.55243492206524],[52.04713630674859,29.5533351904621],[52.04999732969893,29.5557727818076],[52.05267143186954,29.55751609851274],[52.05481910683245,29.55985832248468],[52.05658531152056,29.56068229759843],[52.05828285240917,29.56225395219944],[52.06043052640385,29.56370735177935],[52.06300163234214,29.56680870108659],[52.06613731353711,29.56899833694682],[52.06910514838803,29.57032585169931],[52.07415199256675,29.57117652901819],[52.08046913074542,29.57397651717859],[52.08300590441883,29.57496833862701],[52.08839988681216,29.57654380873013],[52.08956718375536,29.57736778335651],[52.08987617435816,29.57879447970581],[52.08761405962424,29.5793094638268],[52.08579063346766,29.58079338132834],[52.08479118274261,29.58283805931511],[52.08537483235578,29.58860206650548],[52.08239173912408,29.5900707251871],[52.07786750718795,29.59159660389162],[52.07597923290137,29.59347724978193],[52.07421684192158,29.59871101407418],[52.07240104680221,29.60063362143443],[52.07123374864398,29.60075950697082],[52.06879234302148,29.60033989033321],[52.06652641283963,29.60047340441671],[52.06631278923992,29.60156059325067],[52.0644359587819,29.6033267982827],[52.06371879500832,29.60542869570461],[52.06202507028168,29.6077022555749],[52.06222343470331,29.60868263314045],[52.06361198404895,29.61063957230416],[52.06372261055706,29.61213874830494],[52.06226539578004,29.61324501043713],[52.06214714038428,29.61924552988705],[52.0631504055047,29.6210727696786],[52.06393623334967,29.62401390079313],[52.06555747994987,29.62667656015028],[52.06800651498444,29.62893486087013],[52.07122230552803,29.63077735957027],[52.07487296985511,29.63462638937713],[52.07945442186757,29.6372165686142],[52.07928276025338,29.63821983347301],[52.07772636410202,29.63959693955883],[52.07924842835255,29.64080619891324],[52.08298301686519,29.6452274327913],[52.08443641635872,29.6462268830525],[52.08656501745299,29.64651298534871],[52.08764457637629,29.64736366277971],[52.08877372747402,29.65258216920367],[52.08952522251494,29.65424919143459],[52.09244728106892,29.65705680881113],[52.09568595820266,29.65923881562939],[52.09789466784904,29.66155433677255],[52.09850883425869,29.66290092471536],[52.1004886628205,29.66454124506773],[52.09983634948946,29.66532325749519],[52.09704017648953,29.66473197997768],[52.09560584985441,29.6651630402763],[52.09316825831631,29.66467857407631],[52.0902271269104,29.66306114246094],[52.08804512039757,29.66411399892376],[52.08741569448743,29.66575431869262],[52.08725547813813,29.66798210145275],[52.08604621832351,29.67148017914275],[52.08665275590672,29.67745399525938],[52.0878963468683,29.6816501618426],[52.08807182306071,29.68353462275898],[52.08953666686163,29.68542289777061],[52.08991432191608,29.68793296827991],[52.0862483972459,29.68637275701069],[52.08286857536031,29.68541145393934],[52.07789421008662,29.6846141820939],[52.07542228665431,29.68495750497326],[52.07193946798984,29.68654060381684],[52.06955146785138,29.68682289148564],[52.0659503930552,29.68555259760562],[52.06411170933075,29.68570899999813],[52.06217384339393,29.68638420171168],[52.05977439895901,29.68681526199006],[52.05632972665822,29.68836784369876],[52.05456733723436,29.68998527613774],[52.05217170716205,29.69333076505055],[52.0501079559628,29.6948146819787],[52.04329109162696,29.69610404990765],[52.04210090641392,29.69568061839605],[52.03914451602191,29.69584083619064],[52.0354213713329,29.6922626499223],[52.03470802319696,29.69033622802357],[52.03489494277368,29.68789100711854],[52.03438377382285,29.68663978645163],[52.03405189515274,29.68337059036623],[52.0325183863464,29.68028831491741],[52.03246116576062,29.67895698578771],[52.03105735740994,29.6767940522369],[52.03071403501942,29.67562675475696],[52.02930259650095,29.67465782249948],[52.02873420704631,29.67285347041744],[52.02665519673479,29.67048835818985],[52.0247592923064,29.66872596822648],[52.02274131735225,29.66621971206795],[52.01974296562513,29.66414833086356],[52.01585578903146,29.66187858624114],[52.01333427421159,29.66107368552757],[52.01214027415598,29.66153907844867],[52.01117897018933,29.66596412728773],[52.01033973702521,29.66726493905862],[51.99910545343309,29.65972709723745],[51.98161888117829,29.6475162512694],[51.96028709429567,29.63285636900041],[51.95205879148347,29.62709236166177],[51.94811439502031,29.62823677117303],[51.94492912297086,29.63219642698178],[51.9433231353785,29.63529396119017],[51.93783760063685,29.64071846073342],[51.93845939644915,29.64358329770108],[51.9392566680046,29.64587974603861],[51.93721961969947,29.64731407178744],[51.9364719392987,29.64858055177185],[51.93428993205718,29.65070533760862],[51.93354225113045,29.65179252663326],[51.93175697340067,29.65270805361668],[51.93094444262936,29.65403938359172],[51.93055915849311,29.65698814391524],[51.92974281303329,29.6583766938864],[51.92440223654908,29.66196632421514],[51.91911888133025,29.66441154483658],[51.91658592218914,29.66611289996464],[51.91480827321681,29.667810440061],[51.9133625031872,29.66794014014924],[51.91227531451362,29.6693325043798],[51.90960121162703,29.67109489478732],[51.90618324255173,29.67400550914699],[51.9030399319318,29.6770954139041],[51.90147590603439,29.67945289677551],[51.89908027595185,29.6809749610545],[51.89771461487415,29.68266868645683],[51.89559364301194,29.68426704449136],[51.89190864575693,29.68830299393847],[51.88837242054548,29.69285392760821],[51.88684654214293,29.69580268868421],[51.88608741689158,29.69822120701358],[51.88464546213264,29.70109367379393],[51.88286781269766,29.7026233672957],[51.88198661812982,29.70431709298611],[51.88062095628208,29.70601081891611],[51.87698173542451,29.70717811624798],[51.87123298601207,29.71239280720174],[51.87090110777861,29.71347618141277],[51.86957359263415,29.71483421326116],[51.86859321565506,29.71770286642282],[51.86694908095388,29.7192173008802],[51.86559104858791,29.72127342280674],[51.86394309984063,29.7220058448752],[51.86319160465167,29.7229747773556],[51.86136436428261,29.72415733365946]]]},"properties":{"Name":"منطقه حفاظت شده ارژن و پريشان","description":"<html xmlns:fo=\"http://www.w3.org/1999/XSL/Format\" xmlns:msxsl=\"urn:schemas-microsoft-com:xslt\">\n\n<head>\n\n<META http-equiv=\"Content-Type\" content=\"text/html\">\n\n<meta http-equiv=\"content-type\" content=\"text/html; charset=UTF-8\">\n\n</head>\n\n<body style=\"margin:0px 0px 0px 0px;overflow:auto;background:#FFFFFF;\">\n\n<table style=\"font-family:Arial,Verdana,Times;font-size:12px;text-align:left;width:100%;border-collapse:collapse;padding:3px 3px 3px 3px\">\n\n<tr style=\"text-align:center;font-weight:bold;background:#9CBCE2\">\n\n<td>منطقه حفاظت شده ارژن و پريشان</td>\n\n</tr>\n\n<tr>\n\n<td>\n\n<table style=\"font-family:Arial,Verdana,Times;font-size:12px;text-align:left;width:100%;border-spacing:0px; padding:3px 3px 3px 3px\">\n\n<tr>\n\n<td>FID</td>\n\n<td>6</td>\n\n</tr>\n\n<tr bgcolor=\"#D4E4F3\">\n\n<td>OBJECTID_1</td>\n\n<td>7</td>\n\n</tr>\n\n<tr>\n\n<td>cod</td>\n\n<td>6</td>\n\n</tr>\n\n<tr bgcolor=\"#D4E4F3\">\n\n<td>tafkik_id</td>\n\n<td>3</td>\n\n</tr>\n\n<tr>\n\n<td>tafkik_nam</td>\n\n<td>منطقه حفاظت شده</td>\n\n</tr>\n\n<tr bgcolor=\"#D4E4F3\">\n\n<td>shahrestan</td>\n\n<td>کارزون - شيراز</td>\n\n</tr>\n\n<tr>\n\n<td>NAME1</td>\n\n<td>منطقه حفاظت شده ارژن و پريشان</td>\n\n</tr>\n\n<tr bgcolor=\"#D4E4F3\">\n\n<td>sal_mosava</td>\n\n<td>1361</td>\n\n</tr>\n\n<tr>\n\n<td>AREA_ha</td>\n\n<td>56713</td>\n\n</tr>\n\n<tr bgcolor=\"#D4E4F3\">\n\n<td>F_AREA</td>\n\n<td>567130692.705</td>\n\n</tr>\n\n<tr>\n\n<td>Shape_Leng</td>\n\n<td>158007.232561</td>\n\n</tr>\n\n</table>\n\n</td>\n\n</tr>\n\n</table>\n\n</body>\n\n</html>\n\n","timestamp":null,"begin":null,"end":null,"altitudeMode":"clampToGround","tessellate":-1,"extrude":0,"visibility":-1,"drawOrder":null,"icon":null,"snippet":""}},
{"type":"Feature","geometry":{"type":"Polygon","coordinates":[[[53.42574243516573,30.84843279705973],[53.41815620681788,30.84929268656239],[53.41413181486399,30.84998318455522],[53.40761469796023,30.85082251773722],[53.40257594877262,30.85183921591898],[53.39703211207692,30.85358301387939],[53.39041352399618,30.85514130900236],[53.38744029891215,30.85509363088171],[53.38362513280889,30.85465114110863],[53.38027770099259,30.85389224621311],[53.37727920724483,30.85281916389981],[53.37145169675857,30.85272094716174],[53.36762658604361,30.85186790503797],[53.36719454307587,30.84879889800976],[53.36654252343963,30.84645185471777],[53.36572016891191,30.84143719246319],[53.36565698808686,30.8388630771282],[53.36768048800446,30.83862006195649],[53.36926374664426,30.83503722354897],[53.37298700449855,30.83110613251928],[53.37540509204543,30.82992867506364],[53.37544065230148,30.82894942244004],[53.37871923999126,30.82878622000027],[53.37993264132392,30.82716726012185],[53.38031846148235,30.82587253560114],[53.38339251714326,30.82468287451672],[53.3840892753588,30.82389747079965],[53.38706996196982,30.82305221403969],[53.38881914756218,30.82173958664958],[53.39202401062474,30.81999852714416],[53.39505356485872,30.81774204495147],[53.40804612574578,30.81778142697458],[53.40845360893296,30.79506827234153],[53.41154113925913,30.79517902992332],[53.41146416731085,30.79209698720078],[53.41388779195949,30.79163138366268],[53.42443909465624,30.79157453638678],[53.42443660296779,30.77853993892404],[53.42379171476189,30.77224490563032],[53.42379300886495,30.75935036020894],[53.4240478967602,30.75009516483029],[53.41689341636413,30.74952792221681],[53.41907317308506,30.74584315711851],[53.4208302143408,30.7415737411282],[53.41883441762158,30.74201465121089],[53.41734171152368,30.74168630240265],[53.41476055908237,30.74180562399255],[53.41086334320896,30.74311541777935],[53.40838474382292,30.74299272775926],[53.40498355525224,30.7444093376623],[53.40390202777279,30.7451393825774],[53.40244857897783,30.74528504135697],[53.39932788539632,30.74991061498488],[53.39744102499036,30.7503878451141],[53.39457745600831,30.74989586230205],[53.39275388318919,30.74818593434281],[53.3925996898728,30.74675288102485],[53.39073099215148,30.74801811639091],[53.38814499792474,30.74909140995086],[53.38510690180817,30.75109604826851],[53.37928922272393,30.75452601927616],[53.3767029163955,30.75559909827393],[53.37496009370664,30.75716950452125],[53.37259599109349,30.75762304553703],[53.36625737740227,30.76025439661488],[53.36129841973638,30.76156435450989],[53.35792436013659,30.76290489734304],[53.35657315666891,30.7621619868732],[53.35374142952173,30.76144594923727],[53.35196788653921,30.7616060483958],[53.34894466434913,30.75910258850842],[53.3466006634583,30.76016834332579],[53.33687519994214,30.7561228397147],[53.32537704415024,30.74383539613639],[53.31866464092956,30.74072403538138],[53.30857693299384,30.735222703869],[53.30792735895747,30.72794298884013],[53.3049854043124,30.72150899932177],[53.30433681498062,30.72076084271509],[53.30916584071475,30.71837250042294],[53.31963656176992,30.7166507474883],[53.32345812358921,30.7136122088912],[53.33109022398752,30.70989245053791],[53.33233596734259,30.70984736226102],[53.33647968009974,30.70806586477436],[53.34235847585187,30.70696359952501],[53.34560871576944,30.70715990556212],[53.35489868705213,30.70804467608997],[53.36136288354785,30.70823321803893],[53.36626252890777,30.70394340334377],[53.36947705839184,30.70091965158404],[53.37203717355772,30.69453085999859],[53.37267624991836,30.69219914736425],[53.37496394340574,30.69084930234934],[53.37802595860695,30.69227565840978],[53.38308388268372,30.69416380125356],[53.38881191044598,30.69455269664847],[53.39666427750522,30.69605522143229],[53.40039070112266,30.69491603257861],[53.40413161046364,30.69248834394484],[53.40631351533553,30.69073845162824],[53.40826183004392,30.69015604627104],[53.41156047946236,30.69051599979088],[53.41151585826263,30.70831212329017],[53.43308606375703,30.70833068170343],[53.43341493460839,30.69716306405654],[53.45279019119101,30.6972195571401],[53.45298245198558,30.69037167804004],[53.45110669635247,30.68744309760617],[53.45386117048059,30.68372734012519],[53.45558323491382,30.68182461996345],[53.45831477929822,30.67930235952318],[53.45951009136521,30.67854416400247],[53.46127767997682,30.67390998333151],[53.46357590364185,30.66872958895623],[53.46497796770277,30.66679499688274],[53.46628758477318,30.66572910585848],[53.46910726778648,30.66193377272945],[53.47005504379204,30.66098031256227],[53.47063111718284,30.65911433242909],[53.47204352971855,30.65688425895961],[53.47306625355733,30.65351013010373],[53.47536638580783,30.65241199851953],[53.47829707069295,30.64995993701938],[53.48026464297854,30.64886806584429],[53.48010246480761,30.64685836895927],[53.480660616676,30.64407222252583],[53.4829875248705,30.64094790170662],[53.48557270911187,30.64039903497516],[53.48879359165941,30.64164834049383],[53.4901947559601,30.64356680167167],[53.49088672283629,30.6458367632483],[53.49288550556584,30.64963424054876],[53.49335704607152,30.65154309771877],[53.49550142838888,30.65507600957924],[53.49681547980446,30.65680686900668],[53.49900372539663,30.65797211476533],[53.5016515464273,30.65726260392754],[53.50290173103035,30.65759809656064],[53.50353298959769,30.65873098045559],[53.50626771949658,30.65971919272101],[53.50883810932883,30.66133508971929],[53.50994953217259,30.6624066143329],[53.51138878796878,30.66451273881086],[53.51263906035361,30.66396808290278],[53.5143491745028,30.66258175268001],[53.51548309472653,30.6621954649965],[53.51782997375023,30.66214998946089],[53.51887052312908,30.66280642674895],[53.52037899334219,30.66293330469919],[53.52204501725776,30.66217230076127],[53.52379078560126,30.65984830978422],[53.52582860088427,30.65949641310614],[53.52742428706043,30.66066245810994],[53.52977976566306,30.65863880833262],[53.53087830785859,30.65689985214673],[53.53189038659913,30.65646375175309],[53.53357792082517,30.65653493921641],[53.5344614922722,30.65578904401342],[53.53720899116639,30.65495469860488],[53.54059217621281,30.65540904236298],[53.54123363310549,30.65461579100491],[53.54029568472086,30.65328091498476],[53.54283121671567,30.65125352124958],[53.54398981798138,30.64722322298586],[53.5456388388568,30.64812776618207],[53.54622140944645,30.64738769121956],[53.5485542248801,30.64682147937832],[53.55015410556783,30.64585324242687],[53.55129450171761,30.64572675775431],[53.55194262322892,30.64748362073535],[53.55554708127517,30.64720457827964],[53.55842268052172,30.64667955986178],[53.55854562069965,30.6444911777318],[53.55984179671481,30.64342471216759],[53.56117498025795,30.64376276573242],[53.5640966137333,30.64042620164115],[53.5643054204712,30.63693495704581],[53.56642775355632,30.63502906415623],[53.56854508982684,30.63427309276771],[53.56923931538908,30.63779934913452],[53.57045845087653,30.63996706887074],[53.57220063909503,30.64194176820962],[53.57607869863311,30.64479650460859],[53.57791938994987,30.64649518683726],[53.57952475998047,30.64728525456535],[53.58141047371821,30.64669984280664],[53.580550087286,30.65009599491105],[53.57868611924053,30.65150289751793],[53.57238626630256,30.65692472135076],[53.56992237841907,30.65962195411263],[53.56859566799035,30.66138339519588],[53.56750664822657,30.66414471485394],[53.56797248464474,30.6657793755047],[53.56815537642305,30.66869819595718],[53.56791106247306,30.67144280921805],[53.56887352950434,30.67188040241697],[53.57540122073664,30.67102049419821],[53.59837856084724,30.67686416932225],[53.6016645075942,30.67876483699019],[53.60689929649051,30.68245306461366],[53.61073971500858,30.68636281069286],[53.61208982364203,30.68794978783927],[53.61473361348549,30.68902645633645],[53.6149792553319,30.69467097556668],[53.6158737371878,30.69667061630417],[53.61581115007439,30.70127215519033],[53.61503633820681,30.70370896777046],[53.61272238363062,30.70795232145541],[53.60998699290943,30.71042857029319],[53.59923779944862,30.71641489286216],[53.59517742191637,30.71827173184057],[53.59330798232303,30.71822840869746],[53.59179040868819,30.71737095509486],[53.58796034838744,30.71736670506942],[53.58647744172985,30.72130251099509],[53.58493336048355,30.72645013111111],[53.58453110580496,30.72887936461985],[53.58323892356319,30.73227059971536],[53.58072972539286,30.73627520991748],[53.57835980919884,30.73850144662998],[53.57573324698745,30.74162052105247],[53.5751482374241,30.74421477643747],[53.56843103387517,30.7467208012844],[53.56328735226309,30.75008317764916],[53.5612774760712,30.75181775850371],[53.55869645226458,30.75316004601128],[53.55386126623571,30.75761360733248],[53.55211211816883,30.75861654665885],[53.55120998582731,30.75984492309311],[53.54508334365156,30.76496925338454],[53.54473942385977,30.76610591936922],[53.54321930823308,30.76871841357447],[53.54310760803521,30.77062958933726],[53.54089800903582,30.77452308965307],[53.53454637845012,30.7842158494522],[53.531338161607,30.78784353728289],[53.52638080573666,30.79407205588424],[53.52307391401781,30.80026826638122],[53.52169591801523,30.80443047485007],[53.52013780208335,30.80802577962116],[53.518253043446,30.81177001970801],[53.5153401693002,30.81410821242652],[53.51440880287479,30.81640788848658],[53.51024874933279,30.82162217562894],[53.50490886947906,30.82918216967155],[53.49885612933906,30.82950424876153],[53.49495210071857,30.83019489752582],[53.49093981338281,30.83129774994524],[53.48916062604063,30.83143452790526],[53.4844460301422,30.83296092146563],[53.47894720120774,30.83542520638047],[53.4735483798535,30.83809247711318],[53.4675882496678,30.84066767013862],[53.46113001061595,30.84376487295097],[53.45572235242337,30.84612391456902],[53.4457223082097,30.85021057401078],[53.44222204543534,30.85140484178701],[53.43864452566584,30.85095949593991],[53.43409058842137,30.8495068026292],[53.43311416855284,30.84849954815808],[53.4311924289272,30.8477151692183],[53.42857592308272,30.84766172991031],[53.42574243516573,30.84843279705973]]]},"properties":{"Name":"پناهگاه حيات وحش دره باغ","description":"<html xmlns:fo=\"http://www.w3.org/1999/XSL/Format\" xmlns:msxsl=\"urn:schemas-microsoft-com:xslt\">\n\n<head>\n\n<META http-equiv=\"Content-Type\" content=\"text/html\">\n\n<meta http-equiv=\"content-type\" content=\"text/html; charset=UTF-8\">\n\n</head>\n\n<body style=\"margin:0px 0px 0px 0px;overflow:auto;background:#FFFFFF;\">\n\n<table style=\"font-family:Arial,Verdana,Times;font-size:12px;text-align:left;width:100%;border-collapse:collapse;padding:3px 3px 3px 3px\">\n\n<tr style=\"text-align:center;font-weight:bold;background:#9CBCE2\">\n\n<td>پناهگاه حيات وحش دره باغ</td>\n\n</tr>\n\n<tr>\n\n<td>\n\n<table style=\"font-family:Arial,Verdana,Times;font-size:12px;text-align:left;width:100%;border-spacing:0px; padding:3px 3px 3px 3px\">\n\n<tr>\n\n<td>FID</td>\n\n<td>7</td>\n\n</tr>\n\n<tr bgcolor=\"#D4E4F3\">\n\n<td>OBJECTID_1</td>\n\n<td>8</td>\n\n</tr>\n\n<tr>\n\n<td>cod</td>\n\n<td>5</td>\n\n</tr>\n\n<tr bgcolor=\"#D4E4F3\">\n\n<td>tafkik_id</td>\n\n<td>2</td>\n\n</tr>\n\n<tr>\n\n<td>tafkik_nam</td>\n\n<td>پناهگاه حيات وحش</td>\n\n</tr>\n\n<tr bgcolor=\"#D4E4F3\">\n\n<td>shahrestan</td>\n\n<td>بولنات</td>\n\n</tr>\n\n<tr>\n\n<td>NAME1</td>\n\n<td>پناهگاه حيات وحش دره باغ</td>\n\n</tr>\n\n<tr bgcolor=\"#D4E4F3\">\n\n<td>sal_mosava</td>\n\n<td>1396</td>\n\n</tr>\n\n<tr>\n\n<td>AREA_ha</td>\n\n<td>33677</td>\n\n</tr>\n\n<tr bgcolor=\"#D4E4F3\">\n\n<td>F_AREA</td>\n\n<td>336769421.915</td>\n\n</tr>\n\n<tr>\n\n<td>Shape_Leng</td>\n\n<td>115884.626953</td>\n\n</tr>\n\n</table>\n\n</td>\n\n</tr>\n\n</table>\n\n</body>\n\n</html>\n\n","timestamp":null,"begin":null,"end":null,"altitudeMode":"clampToGround","tessellate":-1,"extrude":0,"visibility":-1,"drawOrder":null,"icon":null,"snippet":""}},
{"type":"Feature","geometry":{"type":"Polygon","coordinates":[[[52.20843449908669,29.49584871127011],[52.20658687201021,29.49632348261437],[52.20508209417071,29.49546212514896],[52.20226308408599,29.49470091903892],[52.20138502930918,29.49368380608946],[52.19971210476082,29.49304780408327],[52.19556080768973,29.49008239978374],[52.19321651533429,29.48975598678015],[52.19182267171518,29.49047812713265],[52.18867632834439,29.48922339257778],[52.18747680166592,29.48842413375414],[52.18451757428553,29.48765936499948],[52.18393251948896,29.48614241765636],[52.18119959906591,29.48471130939443],[52.17905648957642,29.48392269390662],[52.17756068253094,29.48451626903264],[52.17435609151087,29.48279756830292],[52.17412056275214,29.48171898959038],[52.17291784298613,29.48053636649734],[52.17171836390077,29.48011715615506],[52.17076404013836,29.4791099976918],[52.17046929361184,29.47551205752475],[52.16962552321688,29.47377489614175],[52.16976731164281,29.47290487534456],[52.17245108464532,29.47062509374064],[52.17307818648851,29.46795855184913],[52.17096159100073,29.46159973350643],[52.17118846781842,29.46083424435705],[52.17012422981895,29.45885652719597],[52.17095178074668,29.45769110432093],[52.17127371775393,29.45607865611118],[52.17376818149993,29.45424001737422],[52.17267630853306,29.45182353433365],[52.17285797529982,29.44959449941231],[52.16983652627911,29.44847371567887],[52.16914202168528,29.44735144514847],[52.16909272900126,29.44474667503456],[52.17101648855152,29.43836449216203],[52.17147708870652,29.434619164881],[52.17335529416204,29.43036438707031],[52.17577623544391,29.42832142731726],[52.17802795620389,29.42550425091354],[52.17660420184085,29.42305843245455],[52.17743356999488,29.4218786251851],[52.17930088996477,29.42280169028598],[52.18076106096942,29.4227268167668],[52.18072871933001,29.42370606302217],[52.18171038999282,29.42515757521547],[52.18308687728529,29.42159168385374],[52.18300258877018,29.41949720354837],[52.18538959682837,29.41942400727273],[52.1850120421455,29.41856819686675],[52.18306460764877,29.41672129282617],[52.18323347280381,29.41602302613285],[52.18192892765005,29.41526758673882],[52.17667221859277,29.41629314447217],[52.17432045160072,29.41563867135799],[52.17360867373602,29.41490013458678],[52.17495957348788,29.41347446714668],[52.1721094935276,29.41333778807196],[52.17102923863023,29.4129644873703],[52.16730655193006,29.40985748197521],[52.16691612850828,29.40753938067688],[52.16742387948264,29.404015038934],[52.16684426431463,29.40131180891246],[52.16740047550264,29.39866126987045],[52.16719157291598,29.39750706159233],[52.17254658015861,29.39956844692986],[52.17395997370672,29.39953441922645],[52.17489194911619,29.39802665285754],[52.17359059790387,29.3970151321624],[52.17157389806734,29.39673714513474],[52.16972418471688,29.39513962969162],[52.16787446780563,29.39535452315368],[52.16664026891457,29.3944055556054],[52.16372288119484,29.39443359116778],[52.16259840376826,29.39322325132237],[52.16264342678639,29.39199305720597],[52.161494050818,29.38872769740188],[52.16171647621687,29.38700342420999],[52.16114220136051,29.38344658226844],[52.16226241181842,29.38206363202801],[52.16191314814044,29.38093466673878],[52.16627702403147,29.37938842690207],[52.16663463376479,29.37304618232884],[52.16589688301916,29.37127935421847],[52.16422691081804,29.36917249341651],[52.16303391613762,29.36714358377613],[52.16200234358332,29.36447003663988],[52.15957831399891,29.36237443624098],[52.15989204575927,29.36105233694757],[52.15696681535757,29.35698260229007],[52.15482651663057,29.35118272573361],[52.15005566963165,29.34203687743494],[52.14980600252687,29.34005993285261],[52.1484578892145,29.33739446110693],[52.14753506605943,29.33448500089891],[52.14838411442403,29.33272212263703],[52.14548447162917,29.33230138335715],[52.14458767242409,29.33041207691895],[52.14480755558006,29.32911108464568],[52.14321174605752,29.3238620127534],[52.1431751048489,29.32099899935266],[52.14560728982609,29.31433176486213],[52.14516226941915,29.31183929586248],[52.14548754297137,29.31100031298425],[52.14757773359193,29.30978991144592],[52.14609461063595,29.30853723176304],[52.14754750541388,29.30732085478606],[52.14788521273211,29.30591271729637],[52.14917046289794,29.30641361321299],[52.14963939750601,29.30523277660179],[52.15210104317287,29.30152142539101],[52.15290053427148,29.3008998645114],[52.15299482844851,29.2985775951781],[52.15193191876867,29.29715877072813],[52.15094119549865,29.29435003048392],[52.15082142147966,29.28935775860043],[52.15017298537725,29.28748765273936],[52.1486005347085,29.28739820226694],[52.14731145199459,29.28638152231465],[52.14681095655315,29.28485610641656],[52.14685368412809,29.28272063424915],[52.14601218474495,29.27996849003181],[52.145772829927,29.27809462702625],[52.14441486931698,29.27436017335292],[52.14486235184815,29.27216800605301],[52.14459049978406,29.26957419641989],[52.14269591230597,29.26945052778341],[52.1413478835026,29.26884160284976],[52.14050153992566,29.26752896991488],[52.14340698356846,29.26565634326686],[52.14550806250551,29.26492089052368],[52.14756875519102,29.26316370998819],[52.15108593742411,29.26143005992273],[52.15441407936021,29.26005668282767],[52.15809535284951,29.25697901926337],[52.16044373555134,29.25641040457874],[52.16387255181159,29.25696719712777],[52.16615894293499,29.25785424625721],[52.17117086521574,29.25909417970209],[52.17532611594139,29.25915246550178],[52.18010803933468,29.26090622988248],[52.18825009406615,29.26007151577956],[52.19067359855236,29.25972280744842],[52.19381605005893,29.25592701082424],[52.19738710821533,29.25311098497544],[52.20149432981104,29.25117220311833],[52.20369337513763,29.25095613583067],[52.2073626568293,29.25199697344224],[52.21177006059209,29.25159160062042],[52.21732458316437,29.2525225568524],[52.22337860573089,29.2523973511197],[52.22794636924075,29.25276834445338],[52.23090215219835,29.25258548792999],[52.23237522470989,29.25195824906493],[52.23337475371805,29.24890550715092],[52.2342473343826,29.24739035745581],[52.23599111281447,29.24612435141738],[52.23882418394948,29.24452786236355],[52.24203622666634,29.24380543081761],[52.24612440622985,29.24480295532451],[52.24795240462208,29.24577634681006],[52.24948917445482,29.24702091172952],[52.25068455824075,29.24721504219529],[52.25499833810989,29.24950068219409],[52.25548515301469,29.25039179218848],[52.25927776812738,29.25453220001367],[52.26106607964311,29.25612621104065],[52.26149577234303,29.25791125717816],[52.26327538940053,29.25879012818077],[52.27030779994568,29.25849335502176],[52.2720545880894,29.2578563115742],[52.27546245959976,29.25538272366685],[52.27702964461243,29.25458489020794],[52.2797657861902,29.25154004779526],[52.28136489159252,29.2503177105667],[52.28348156523439,29.24578744061451],[52.28371898466687,29.24383813602809],[52.28274252414738,29.2418102378268],[52.28108159283054,29.24007090566087],[52.28355100283301,29.23918990039921],[52.28852083522415,29.23976027836703],[52.29628753515907,29.24119905819763],[52.30171657709907,29.24165845117833],[52.30501808871295,29.24286261326411],[52.309333591635,29.2435401190488],[52.31368781280313,29.24518045830332],[52.31952905184949,29.24882293019209],[52.32242190906987,29.25127379086938],[52.32295533032815,29.2539279701075],[52.32079578062026,29.25491948417079],[52.31664847328022,29.25754573091352],[52.31589240262994,29.26045360271471],[52.31674419222889,29.2616585277941],[52.31954120865334,29.26396503165268],[52.32520322360222,29.26728597850288],[52.32554077054887,29.26802086769974],[52.32785701594467,29.26823437950188],[52.3307464676864,29.2689837254876],[52.33191021730199,29.27369304719929],[52.33289378527196,29.27607017063998],[52.33445951786229,29.27611319992177],[52.33617030223427,29.2768721926754],[52.34895232378211,29.27089827289176],[52.35834839693632,29.2662097348215],[52.35923274009118,29.26620074313704],[52.36112209732546,29.26504671014825],[52.36632644436933,29.26242845632893],[52.36970744997141,29.26090259071864],[52.37104231867266,29.26405190491784],[52.37537702092227,29.26907501171878],[52.37737635572433,29.27097909653201],[52.37785433948585,29.2718680485898],[52.37990959308259,29.27394967654667],[52.38386004533261,29.27718518462517],[52.38485169602602,29.27823470651877],[52.38643219286926,29.27910386535836],[52.38808838651052,29.27810514178358],[52.39073123628098,29.27981052693597],[52.3910724196276,29.28108943636405],[52.38949061538788,29.28280940300484],[52.38951154311096,29.28434817201289],[52.39053363112283,29.28556864812859],[52.39213818257568,29.2866486620616],[52.39325586535035,29.28659645264285],[52.39449790947041,29.28552091759952],[52.39562272714789,29.29052261034954],[52.39388685793229,29.29298628859486],[52.39486717070317,29.2950042351111],[52.39704973548429,29.30035079719233],[52.39706841059169,29.30172227338525],[52.39890833400865,29.30188349430799],[52.39811237309679,29.30344172824516],[52.39819603576986,29.30457563988563],[52.39923659787242,29.30599506607079],[52.39998243542019,29.30580902133621],[52.40027984193826,29.30765585172516],[52.39962010754036,29.30915400824618],[52.40059922446358,29.31111100245778],[52.39912230896154,29.31261772669015],[52.40375873486037,29.31316690538182],[52.40506348440118,29.31398791127413],[52.40610279277083,29.31534863587747],[52.40799643394958,29.31443528879329],[52.40791512796566,29.31348184594637],[52.41092034545325,29.3142239367166],[52.41223995026526,29.316118582255],[52.41422988779016,29.31729095323117],[52.41116020077347,29.32173848099898],[52.40883209147691,29.32569983842228],[52.40566608812673,29.32818100820844],[52.40445868314796,29.32958811432784],[52.39868997709407,29.34078202050431],[52.39637402398468,29.34551384590199],[52.39469881207869,29.34844885113192],[52.38972558459583,29.35516257720677],[52.38770554228277,29.35826401931972],[52.38474340629342,29.36237952844672],[52.38094859991706,29.36806477885563],[52.37532194191218,29.37597975038944],[52.37187410020312,29.38108502079067],[52.35336510355152,29.4022954691292],[52.34888027327865,29.41090924003896],[52.34467479286157,29.40825070075704],[52.34137464437115,29.40695296004675],[52.3379145511738,29.41007208839298],[52.33576622172761,29.41289378541536],[52.33219185449227,29.41588575007775],[52.32998778590232,29.41915794867415],[52.32586439102548,29.42170325326484],[52.32418526726602,29.42356990554618],[52.32046610044046,29.42581323286279],[52.31917814173138,29.42630427544691],[52.31760777829299,29.42608067998346],[52.31557227407503,29.42675730739415],[52.31402264387292,29.42814427657429],[52.3115219899525,29.42977973732405],[52.31024847133335,29.4314030857327],[52.30222048583352,29.43780551242047],[52.29183728188851,29.44667589532183],[52.2891998603418,29.44831227732836],[52.28546774521247,29.44966138375083],[52.27857813533189,29.45467975609547],[52.2755354811898,29.45661756331587],[52.27344713765516,29.45860483392251],[52.2698377280065,29.4643674248533],[52.26706508414801,29.46618289683709],[52.26375824054908,29.46889903900708],[52.25911764846634,29.47401462905497],[52.25616085459193,29.47750335659724],[52.25542743783806,29.47882104375056],[52.25134228078096,29.48482678148102],[52.25001646499324,29.48794131389057],[52.24921166481018,29.48902275360891],[52.2480293608006,29.489157341666],[52.24614282634138,29.48812795709496],[52.24455489297153,29.49008443049093],[52.24305501215487,29.48901694094631],[52.24218339530366,29.48904148132866],[52.23886048085426,29.48651836833081],[52.23769632389159,29.48610667676453],[52.23427693117105,29.48624651456509],[52.23345744043976,29.48840637799572],[52.23196711244941,29.48946404748735],[52.23035375474465,29.48941175974475],[52.22966388264985,29.49079295308028],[52.22668718833875,29.49130544678965],[52.22464654007442,29.48790552602885],[52.22298514854963,29.48797144981522],[52.22196407952198,29.48620084182073],[52.2200573074648,29.48527084522997],[52.2180365764553,29.48642704604151],[52.21653282253978,29.48793293371316],[52.21518192344687,29.48810665046427],[52.21448509193402,29.48750216695532],[52.21297933713943,29.48869444984936],[52.21186557848819,29.48893391237876],[52.21211218736141,29.49084794328105],[52.21182771798292,29.49391846825757],[52.21126218393375,29.49518860449848],[52.20843449908669,29.49584871127011]]]},"properties":{"Name":"منطقه حفاظت شده ماله گاله","description":"<html xmlns:fo=\"http://www.w3.org/1999/XSL/Format\" xmlns:msxsl=\"urn:schemas-microsoft-com:xslt\">\n\n<head>\n\n<META http-equiv=\"Content-Type\" content=\"text/html\">\n\n<meta http-equiv=\"content-type\" content=\"text/html; charset=UTF-8\">\n\n</head>\n\n<body style=\"margin:0px 0px 0px 0px;overflow:auto;background:#FFFFFF;\">\n\n<table style=\"font-family:Arial,Verdana,Times;font-size:12px;text-align:left;width:100%;border-collapse:collapse;padding:3px 3px 3px 3px\">\n\n<tr style=\"text-align:center;font-weight:bold;background:#9CBCE2\">\n\n<td>منطقه حفاظت شده ماله گاله</td>\n\n</tr>\n\n<tr>\n\n<td>\n\n<table style=\"font-family:Arial,Verdana,Times;font-size:12px;text-align:left;width:100%;border-spacing:0px; padding:3px 3px 3px 3px\">\n\n<tr>\n\n<td>FID</td>\n\n<td>8</td>\n\n</tr>\n\n<tr bgcolor=\"#D4E4F3\">\n\n<td>OBJECTID_1</td>\n\n<td>9</td>\n\n</tr>\n\n<tr>\n\n<td>cod</td>\n\n<td>11</td>\n\n</tr>\n\n<tr bgcolor=\"#D4E4F3\">\n\n<td>tafkik_id</td>\n\n<td>3</td>\n\n</tr>\n\n<tr>\n\n<td>tafkik_nam</td>\n\n<td>منطقه حفاظت شده</td>\n\n</tr>\n\n<tr bgcolor=\"#D4E4F3\">\n\n<td>shahrestan</td>\n\n<td>شیراز</td>\n\n</tr>\n\n<tr>\n\n<td>NAME1</td>\n\n<td>منطقه حفاظت شده ماله گاله</td>\n\n</tr>\n\n<tr bgcolor=\"#D4E4F3\">\n\n<td>sal_mosava</td>\n\n<td>1378.1396</td>\n\n</tr>\n\n<tr>\n\n<td>AREA_ha</td>\n\n<td>48289</td>\n\n</tr>\n\n<tr bgcolor=\"#D4E4F3\">\n\n<td>F_AREA</td>\n\n<td>482889306.004</td>\n\n</tr>\n\n<tr>\n\n<td>Shape_Leng</td>\n\n<td>110349.36424</td>\n\n</tr>\n\n</table>\n\n</td>\n\n</tr>\n\n</table>\n\n</body>\n\n</html>\n\n","timestamp":null,"begin":null,"end":null,"altitudeMode":"clampToGround","tessellate":-1,"extrude":0,"visibility":-1,"drawOrder":null,"icon":null,"snippet":""}},
{"type":"Feature","geometry":{"type":"Polygon","coordinates":[[[52.52965033731251,29.87465373920539],[52.52726072366827,29.87511787395798],[52.5248975863559,29.8752396523961],[52.51754148567212,29.8771001887079],[52.5136212798993,29.87767655486305],[52.5105184212495,29.8770007568899],[52.50870300766584,29.87634544240671],[52.50724023005698,29.87506135102156],[52.50664289580192,29.87342575180567],[52.50724190203056,29.8715079841477],[52.51103783928301,29.86501413492682],[52.51149224542063,29.86385977549394],[52.51048807248835,29.86277348847641],[52.50499043520946,29.8629610549053],[52.50340316201552,29.86236562123579],[52.49968103165097,29.8604792668622],[52.49766351198196,29.85863145477707],[52.4952966881114,29.85586172496172],[52.4919016678645,29.85051545162282],[52.48956698876003,29.84712845254639],[52.48622564658332,29.84281227657048],[52.48459246063135,29.83923922889127],[52.4847640526193,29.83707786990729],[52.48624880976584,29.83441406898846],[52.4856472015414,29.83328437844884],[52.48522376953186,29.83028221248426],[52.48673223414798,29.82762280553745],[52.48484229973923,29.82621574457886],[52.48237902160782,29.8231085716169],[52.48029307954707,29.81989260110644],[52.47968524936022,29.8171512085561],[52.47966203483474,29.81482779588682],[52.48001032008373,29.809645004345],[52.48104731094956,29.80407878877717],[52.48165558589508,29.8032696063622],[52.48383577994825,29.80246861703437],[52.50214576618099,29.79277610815981],[52.50863075225656,29.78948783924089],[52.52493858217887,29.78165626503786],[52.54691505402184,29.77095603952636],[52.55861854540501,29.76437187217382],[52.56574439991533,29.76061439544009],[52.57410240207091,29.75647545012453],[52.57918357746988,29.75366401737902],[52.58178395785728,29.75255052104032],[52.58883094684707,29.74498176643815],[52.59184455859644,29.74205970865226],[52.59442710846777,29.73991584851283],[52.59964294128188,29.73838283977705],[52.59997213671169,29.73681152420838],[52.59919166569208,29.73282051174597],[52.59970283379324,29.73141670202667],[52.60413479594506,29.72891077481037],[52.60539817748244,29.72700309822399],[52.60774040133068,29.72459602499239],[52.60728263834829,29.7237758644882],[52.61001777549633,29.72211265681757],[52.61184883134394,29.72035408043716],[52.6121540062846,29.71907615773343],[52.61388206429447,29.71701622094384],[52.61592292756182,29.71628379877297],[52.61319160463162,29.71275138987842],[52.611242294029,29.71076393200093],[52.61133766210236,29.70878791866622],[52.6100826262529,29.70749473688437],[52.60777091936622,29.70823097279164],[52.60578727601781,29.71012306233431],[52.6007948137948,29.71129907885636],[52.59835243193561,29.7128543858341],[52.59272469119595,29.71546866380398],[52.58835049173646,29.71694401261194],[52.58565606844338,29.71743886608082],[52.58253436888485,29.71837638280599],[52.57654771293586,29.7208952984833],[52.5750664242739,29.72062835061314],[52.57342850984648,29.71884693187907],[52.57318582527017,29.71678312378401],[52.57364850094854,29.71489346763944],[52.57449968471537,29.71393004798086],[52.57560157693555,29.71367073160569],[52.58149146912162,29.71432304424956],[52.58288433220098,29.71468868048882],[52.58621788024438,29.71253013707721],[52.59084892260691,29.71055412344279],[52.59522056554169,29.7083988200526],[52.59615898034141,29.70665931803182],[52.59536170942618,29.70528221135069],[52.59597587588215,29.70340919506146],[52.59700584400485,29.70173835860492],[52.59698677038433,29.700971603939],[52.59496116494201,29.69882774447132],[52.59217262266568,29.69826316845484],[52.5925312040617,29.69709968666808],[52.59093284603811,29.69639778207111],[52.58893775877214,29.69699287505357],[52.58710670431815,29.69611549522144],[52.58424186619784,29.6960124980826],[52.58251380850611,29.69662666363276],[52.58174705438205,29.69747352715759],[52.58109092628274,29.69920921310706],[52.57845497065042,29.69997215323744],[52.57804679853046,29.70153236443636],[52.57711601286392,29.70216941896654],[52.57407188333578,29.70648384184287],[52.5726985926748,29.70873832825146],[52.57086753746591,29.71043205309923],[52.56915092398569,29.70894050677547],[52.56819343465929,29.70719337579075],[52.56526729997145,29.70627657887957],[52.56479815502231,29.70302516142077],[52.56291140344092,29.70094672415535],[52.56185082934047,29.70117355969962],[52.55783754908907,29.69959689059875],[52.55745242258828,29.69784753125631],[52.55899620041609,29.69732475416649],[52.56016349770713,29.69770240887401],[52.56065559423814,29.69613456760887],[52.56269264072223,29.69496345539032],[52.56239128055029,29.69026756367348],[52.56303977898823,29.68684959517729],[52.56345558091047,29.68620872566363],[52.56750297432477,29.68618202296441],[52.56911659075047,29.68914985746763],[52.57121467526655,29.68705558846085],[52.57345008853142,29.68576622092851],[52.57752036946545,29.68500709609468],[52.57849693305902,29.68336296175054],[52.58074378893593,29.68270683322984],[52.58134651105321,29.68097496123933],[52.58044624258125,29.67937278777238],[52.58175086894624,29.67838859681182],[52.58302879224312,29.67832756069635],[52.583986281701,29.67709922844181],[52.58664512516947,29.67576027037984],[52.58940315117833,29.67493248065232],[52.59007453863975,29.67393684489673],[52.59158515932501,29.67473793060473],[52.59392738226529,29.67282295222403],[52.59492301886641,29.67144203192221],[52.59642600978052,29.67127800037087],[52.59678077694301,29.67041206456762],[52.59800148003431,29.66977882477122],[52.59867668067442,29.67029762308876],[52.60080146689003,29.66947746374771],[52.60366249056376,29.66714668402823],[52.6049289689424,29.66657447862206],[52.60605811972848,29.66515541135809],[52.60781288054565,29.66400718824791],[52.60739707824917,29.66154670771463],[52.60630226020565,29.65925788956771],[52.60726737944117,29.65870475942863],[52.60509300081566,29.65607643166654],[52.60320854170934,29.65450859168753],[52.60054206684085,29.65146064909649],[52.59853553673474,29.65032768278214],[52.59721183771827,29.64809608599511],[52.59857749808173,29.6469631211834],[52.60256681869028,29.64546425324921],[52.60241335243942,29.64425915608442],[52.6040795883408,29.64272629937854],[52.60064942165148,29.63932929517969],[52.60102267591402,29.63843275684542],[52.60223525560883,29.63839259433696],[52.60430080277982,29.6389767799591],[52.60727152561059,29.63935559435127],[52.61453138497381,29.63853780364375],[52.61910438468652,29.63887214746958],[52.62300682076826,29.63775062639877],[52.62771797173291,29.63490867700708],[52.6310138693254,29.63353157006961],[52.63963890018564,29.63134956538525],[52.64865302918867,29.6313037875011],[52.65577125373889,29.63212394736054],[52.65978050182513,29.63246345565951],[52.66487693760747,29.63348579445496],[52.66639137315641,29.63353920101364],[52.66865348769819,29.63273429983624],[52.67222404487983,29.63092994812958],[52.67661476005881,29.62993431194084],[52.68083000109467,29.62959861859544],[52.68342781021904,29.62871742245754],[52.68678092936196,29.62632942256811],[52.68897437949943,29.62449455387152],[52.69123268091412,29.62352180560476],[52.69341087265068,29.62338829105828],[52.69518470708384,29.62291908413425],[52.69659233109966,29.62301063546679],[52.69794273444128,29.62245750470564],[52.70476722632875,29.62237358139005],[52.7055187224549,29.62158012474255],[52.70743751408636,29.62167930661651],[52.70990562359594,29.62075614953391],[52.71350669857718,29.62105369600648],[52.71571540814242,29.62077903764687],[52.71924018863457,29.62143516543772],[52.72008323611011,29.62283516004242],[52.72032737649963,29.624608995343],[52.72178840600169,29.62662696873072],[52.72585868695486,29.62887382577852],[52.72749137841636,29.62957573041411],[52.72987174891914,29.63253974973122],[52.73005485381049,29.63442421060929],[52.73132514901553,29.63604927103141],[52.73265266371013,29.63640785211176],[52.73097038201531,29.63823127794175],[52.72894477792447,29.63888359202667],[52.72917747489038,29.6409702309225],[52.72587394664109,29.64238929781378],[52.7210865017305,29.64323616026845],[52.7235611581668,29.64610351695254],[52.72429299356036,29.64748052867115],[52.72198358708702,29.64862802477266],[52.72068629367174,29.65045732482723],[52.72164179917917,29.65195045917192],[52.72017441072548,29.65278146469207],[52.71801953154364,29.65288028601251],[52.71759718535403,29.65404855363922],[52.71878122106759,29.65479620540209],[52.72275561345072,29.6547526464338],[52.72338772753166,29.65504247955183],[52.72581274688422,29.65486171323681],[52.7291495752909,29.65371510718102],[52.73245048402444,29.65284156871754],[52.73698615887605,29.65246772818424],[52.73863371967224,29.65099312973727],[52.73935508697976,29.64983177243308],[52.74117851298216,29.64917945963739],[52.73778343147502,29.64814567610812],[52.73584175136523,29.64811897377447],[52.73478507953397,29.64871025196841],[52.73387961889071,29.64730834513719],[52.73157849228592,29.64671442734645],[52.73555564877392,29.64485740744137],[52.73721102935085,29.64474348777135],[52.73841424351704,29.6439984684699],[52.74335459983038,29.64375351042614],[52.74713225683262,29.64176987095875],[52.75137931208101,29.64179464086795],[52.75282984021453,29.64264937369307],[52.753928300467,29.64253807206508],[52.75700291312372,29.64140691099126],[52.75769231484287,29.63689389152417],[52.75695398933595,29.63614033433632],[52.75796318080967,29.63458061272389],[52.75929069419553,29.63389396772736],[52.76129340950988,29.63207054129073],[52.76381110998956,29.63161659250783],[52.76622962930527,29.62993431081825],[52.77216529825792,29.62719535852353],[52.77812385550397,29.62516975465031],[52.78066444304501,29.62363624725572],[52.78239250147465,29.6230373385704],[52.78502464326832,29.62376976083385],[52.78895378065656,29.62453651464541],[52.79051017762878,29.6251239786902],[52.79402732705185,29.62505149806844],[52.79795265163855,29.62454032925122],[52.79947089994498,29.62405967756999],[52.80111503563398,29.62408256503924],[52.80620765664832,29.62323951788023],[52.81094551065495,29.6227130899578],[52.82049751294026,29.62249565205931],[52.82694053507853,29.62146186869994],[52.8292789459305,29.62143135154727],[52.83663330208469,29.62059902168192],[52.84350652579369,29.62039880049631],[52.84619379058818,29.62061484468753],[52.84531593222693,29.62252998518355],[52.84328877760788,29.62448585443898],[52.84326917793325,29.62547288021218],[52.84180641160999,29.62685203721752],[52.84006690919505,29.62767219623883],[52.83867454459935,29.62877464421199],[52.83569545661864,29.63002354928091],[52.83362754785335,29.63156638127069],[52.83348865629723,29.63377831958632],[52.83513521903954,29.63505510407499],[52.83789281505532,29.63530666734652],[52.84145249003868,29.63365416625581],[52.84303291300365,29.632532218686],[52.84958973424896,29.62897557612143],[52.8586644322029,29.6248625815752],[52.86525430300581,29.62245169487851],[52.87195800131024,29.61911608990852],[52.87456807060494,29.61853340796678],[52.87673759448246,29.61927986130951],[52.87787055945262,29.61881446876198],[52.88047981226831,29.6155757907365],[52.88529775781515,29.61062662299533],[52.88762370881201,29.60919393439787],[52.88927607201602,29.60595640487905],[52.8907032003042,29.60456276011127],[52.89313290648312,29.60448433482829],[52.89402302952531,29.60275264978202],[52.89703941273586,29.60216331525782],[52.89741632325116,29.60543810015576],[52.89670793748734,29.60683799153322],[52.89902023007439,29.61052509854228],[52.90008735570689,29.61057853812039],[52.9021015169976,29.60794258128758],[52.90302467318214,29.60843849221812],[52.90252494773714,29.60982704322129],[52.9020175921743,29.61337089533993],[52.90080070250882,29.62351861326449],[52.90057061868134,29.62463916999093],[52.89801742153881,29.63042893991157],[52.89668373382593,29.63242964329034],[52.89586861545536,29.63576489267929],[52.89423471949598,29.63854850634725],[52.88846139531865,29.6444141861442],[52.88557058928438,29.64871071718849],[52.88374642430512,29.65363479081939],[52.88430608278818,29.65502218891766],[52.88591315528978,29.65681538462979],[52.88791074224,29.65784773462369],[52.89159606160887,29.66019115710808],[52.8923287565169,29.66198648743759],[52.89029884274431,29.66286277820856],[52.88839514677813,29.66443871462329],[52.87596831522343,29.67252709072472],[52.87469673237295,29.67341804522082],[52.87064933737715,29.67508506886815],[52.86856269681876,29.6757564551505],[52.86689186095043,29.67589759855542],[52.86303901571006,29.67803001425218],[52.86014366115297,29.67832374599109],[52.85560798584054,29.67794227621336],[52.85171699392364,29.67809104901597],[52.85043144063085,29.67768669198459],[52.84841346669624,29.67864418035873],[52.84375190590885,29.6797771457115],[52.84103584231326,29.68070030244076],[52.83928489644378,29.68084526186657],[52.83863639761728,29.68144416915055],[52.83703884913291,29.68479933141166],[52.83781623679794,29.6853160868032],[52.84224128712388,29.68685722509986],[52.8441257475121,29.68818092430951],[52.84573936403109,29.68987846474364],[52.84949302664249,29.69245338472632],[52.85274696392911,29.69423866389135],[52.85729026709145,29.69622993510382],[52.85950279105149,29.6974964148054],[52.86249438970762,29.69846127884283],[52.8634993316536,29.69979099197866],[52.86292578907308,29.70245361481272],[52.86157822858431,29.70325656593859],[52.86028553845355,29.70313864020113],[52.85685640448866,29.70370330297899],[52.85484504658046,29.70481681905787],[52.85339927639688,29.70614051850043],[52.85245704650139,29.70754814117845],[52.85102271896336,29.70675468414935],[52.84909248391885,29.70651054431005],[52.84787177941775,29.70691871603244],[52.84572029001625,29.70917320396465],[52.8438663475565,29.70847892832492],[52.84176826490372,29.70963478228974],[52.84270667953565,29.71093940710081],[52.84037575007257,29.71250476731088],[52.84008805212278,29.71432346072751],[52.84110654656855,29.71664550614486],[52.83488655034105,29.71853828437708],[52.83130454979557,29.7187175753432],[52.82916068943543,29.71913337789574],[52.82777214060795,29.71996498199871],[52.82616615259339,29.72268867497866],[52.82600212021582,29.72537422227406],[52.82550239544251,29.72629356512492],[52.82356452826964,29.72814750709216],[52.81995200973766,29.73050880470992],[52.81875419545862,29.73198890773229],[52.81595039371595,29.73435020402315],[52.81186103746523,29.73507881254945],[52.80932807846266,29.73676490830899],[52.80749320862079,29.73768425085733],[52.80639839156925,29.74427986165509],[52.80627250686518,29.74781990169586],[52.80699729896916,29.74977684093167],[52.8071727744044,29.75153541650402],[52.806722641321,29.75333213885404],[52.80458259520275,29.75786781380763],[52.80473518313206,29.76186943168255],[52.80503654426244,29.76343727151352],[52.80781745806048,29.764463425799],[52.80977821327368,29.76615715074817],[52.8104801179718,29.76804542535487],[52.81375312743096,29.76926613000705],[52.81915855385206,29.76962852578704],[52.8215732559219,29.77055931201999],[52.82237815814867,29.77052116460909],[52.82546424871767,29.76827430778724],[52.82696723816252,29.7675266270362],[52.83045387272357,29.76713752715035],[52.83508491427693,29.76696205169852],[52.83750724766225,29.76668357809516],[52.83840751596317,29.76698494054608],[52.83906541822294,29.76893550258859],[52.83768478160933,29.76986962325455],[52.83795356779067,29.77163124107377],[52.83506584153164,29.77393913405819],[52.83391312084382,29.7759867363937],[52.83307047649318,29.77638661189039],[52.83292674556641,29.77756693288812],[52.83542708974355,29.77695504586436],[52.83740806548762,29.77586555549103],[52.8402080531863,29.77488136386745],[52.84127117307198,29.77583008628868],[52.83837372733602,29.77806873591501],[52.83754920982142,29.7793254853609],[52.83525570295164,29.7800312631779],[52.83291365824616,29.78157010939836],[52.83003987676193,29.78277907560317],[52.82485009695363,29.78437757407425],[52.82377199011207,29.78492649137415],[52.81883048982674,29.78845024091536],[52.81688880893189,29.78931999212544],[52.81292533930802,29.7921352399877],[52.80878257683236,29.7922115338039],[52.80752603114458,29.7927429140984],[52.80281639057145,29.79223823608121],[52.79888801455584,29.79239142598414],[52.7895783838167,29.79321277285728],[52.78866582328711,29.79338810088476],[52.78038978558167,29.79607963655124],[52.77148794206088,29.79754534704569],[52.76000837259384,29.79903247318319],[52.75692659058143,29.80047394299038],[52.75483516490589,29.80090993393078],[52.75130271896504,29.80011558494042],[52.75016826833709,29.79705468140736],[52.75277219439696,29.79604274035023],[52.75422613117379,29.79635372966369],[52.75585804853401,29.79604125491549],[52.76010803391842,29.79433341064168],[52.7620312714592,29.79265581269316],[52.7651556707979,29.79208370730192],[52.7655604690226,29.79136475910217],[52.76393849973829,29.79010381542158],[52.76534188902299,29.78924198530322],[52.76991035874128,29.78786408189383],[52.76960443491242,29.78657071910907],[52.76324692025336,29.78783223592024],[52.76068750039152,29.78862045982436],[52.75688530209568,29.79046567742508],[52.75542344809725,29.79138405264669],[52.75414198273727,29.79164147290159],[52.75349618743089,29.78943924045791],[52.75431463582049,29.78818782408165],[52.75535578332043,29.78773505766146],[52.75508565733519,29.78621044563929],[52.75621791863161,29.78604322390971],[52.75604792796242,29.7832649561913],[52.75455680810335,29.78097390089864],[52.75626970076247,29.78067102011934],[52.75397669027,29.77919270012718],[52.75432462395757,29.77837106489985],[52.75334197947335,29.77766190935154],[52.75190430477329,29.77772835319642],[52.75200780460528,29.77664174813324],[52.75293044177224,29.77568441103283],[52.75402814222648,29.77544384228691],[52.75476927321635,29.77426606848046],[52.75368095133616,29.7722946108327],[52.751474470441,29.77244032281688],[52.74877306773918,29.77384214617294],[52.74608509498517,29.77568899750872],[52.74360535354315,29.77708971943228],[52.73896902230038,29.78034230087078],[52.73657445505696,29.78272210901815],[52.73500199461641,29.78483446536992],[52.73367372622494,29.78742041931837],[52.7325533953917,29.788958047688],[52.72935508756802,29.79178852552975],[52.72717862182527,29.79276021687205],[52.72478897130741,29.79313207100019],[52.72295162248572,29.793000333955],[52.71916770865082,29.79159736663184],[52.71732139579774,29.79056739814344],[52.71671485860531,29.78946495123702],[52.71884719310115,29.78571718824455],[52.72546792930186,29.77730163915777],[52.72639441364756,29.77625004340701],[52.72942102294524,29.77387276951269],[52.73519111486435,29.76979502723273],[52.73870277265421,29.76804161169241],[52.74913215546079,29.76098060727472],[52.74771308825679,29.75977134781392],[52.74790000870925,29.75848960946056],[52.75089454612776,29.75599479786825],[52.75097465399787,29.75522804433578],[52.75288581700812,29.75262260483358],[52.75371360760782,29.75085640017671],[52.75516319312409,29.7492046366031],[52.75840926603189,29.74689219047436],[52.75997725790248,29.74785140960078],[52.76119857361608,29.74682416742391],[52.76205543732564,29.74522527705786],[52.76115916559483,29.74379491947752],[52.76212883029645,29.74318122940015],[52.76301765263306,29.74137687757296],[52.76244544946034,29.74030876195725],[52.76319312920415,29.73969078097589],[52.76602363532717,29.73841667254794],[52.76741600022676,29.73829460201318],[52.76730968385512,29.73709788355112],[52.76230734504853,29.73842829187791],[52.75953865057664,29.73901176631444],[52.75361442554605,29.74118232708959],[52.74876594486677,29.74250602742328],[52.74065159420837,29.74547365335832],[52.73738881441889,29.74599122486127],[52.73492465555271,29.74701812638186],[52.73515651069982,29.74814440132183],[52.7338470202262,29.7483476328897],[52.73181734657234,29.74776031080571],[52.73057746906128,29.74805259801096],[52.72924095413599,29.74729615108307],[52.72918357737063,29.74607115782523],[52.73025881268057,29.74504163903026],[52.72993212678486,29.74333422564428],[52.72857856795537,29.74263572804913],[52.72742676131083,29.74109684940541],[52.72785770927678,29.74000538683731],[52.72450910634623,29.7387288124847],[52.72335371109905,29.73788301057867],[52.72021293553929,29.73798942681644],[52.71899791841543,29.73691291624407],[52.72017860313074,29.73583793646697],[52.71867179849404,29.73485374559543],[52.71621513368643,29.7339153298417],[52.71615028307706,29.7333164230123],[52.71925544561884,29.73269462697254],[52.72498893745627,29.73055839585069],[52.72459220943195,29.72830772540686],[52.72468376166271,29.72654914927959],[52.72416114783391,29.725877762937],[52.72277259753961,29.72623634400034],[52.72170829750072,29.72778129679459],[52.71977043086047,29.72808265826389],[52.71920585543494,29.72762870859377],[52.7146739957122,29.72778511064856],[52.7117862695319,29.72878074675591],[52.70574760423251,29.72922325080508],[52.70068549963366,29.72937583945692],[52.69931220981105,29.72892570644474],[52.69489097500115,29.72920417892892],[52.69209480241548,29.72910118181415],[52.68700599728974,29.72964286862337],[52.68652915986807,29.72882652425144],[52.68485450644808,29.72366523777304],[52.67394065841144,29.72626686172671],[52.67463493306089,29.72724723896003],[52.67261695914525,29.72739219750237],[52.66608082808354,29.72731392704863],[52.66180963994059,29.72054734064728],[52.64551577167041,29.72800369586511],[52.65155606631621,29.73844392388814],[52.64688682570502,29.73992729324793],[52.64295005761954,29.74084663495075],[52.64175605761493,29.74056053296475],[52.63533973665673,29.74210548469226],[52.63091087302891,29.74330711454483],[52.62543166573857,29.74424688259957],[52.62505725342839,29.74527891398829],[52.62551730232087,29.74946720346214],[52.62605887754579,29.75021598368643],[52.62846946626211,29.75040626571649],[52.62859916705787,29.75249290555744],[52.62586021336465,29.75575065718498],[52.62719917260561,29.75652122604242],[52.62940046399834,29.75634824711409],[52.63469248578403,29.75643410118887],[52.63956382767248,29.75607739860458],[52.64404892107937,29.75615572076919],[52.64666706568792,29.75696113727714],[52.64440486009568,29.75838000052937],[52.64107987734348,29.76138486028532],[52.63807620429706,29.76459942484887],[52.63130378652367,29.77047920283668],[52.62970542892149,29.77305793899459],[52.62799262912467,29.77635002152511],[52.6248416898954,29.77837944061746],[52.62177467211854,29.78158760119737],[52.62070274342912,29.78334236188571],[52.61712455626589,29.79258918887261],[52.61676597597565,29.79643821767681],[52.61722373983003,29.79995918394143],[52.61554908719381,29.80175209020216],[52.61555290139899,29.80489921639069],[52.61627769472579,29.80766868607985],[52.6158916448724,29.80986522980519],[52.61319668904069,29.81438239548197],[52.60882343923105,29.81965187847053],[52.60463559486229,29.82403063549453],[52.60152359476213,29.82697530890504],[52.59864417107792,29.82867772984229],[52.59217536108049,29.83066976652923],[52.59031224223047,29.83157103819721],[52.5826643493595,29.83820501251264],[52.57783970179495,29.84150874734249],[52.57554559015808,29.84238437402362],[52.5732862792102,29.84252325334255],[52.56810694719592,29.84208045985324],[52.56665655830924,29.84254775487343],[52.56533250671239,29.84438397232354],[52.56473029661156,29.84654847511382],[52.55053292680391,29.86263700067018],[52.54629984841277,29.86641907034764],[52.54033282339313,29.87068147869001],[52.53879499898444,29.87220821325209],[52.53731938548372,29.87312235069437],[52.53520088765027,29.87361115012297],[52.53378568840787,29.87353788002544],[52.52965033731251,29.87465373920539]]]},"properties":{"Name":" پارک ملی بمو","description":"<html xmlns:fo=\"http://www.w3.org/1999/XSL/Format\" xmlns:msxsl=\"urn:schemas-microsoft-com:xslt\">\n\n<head>\n\n<META http-equiv=\"Content-Type\" content=\"text/html\">\n\n<meta http-equiv=\"content-type\" content=\"text/html; charset=UTF-8\">\n\n</head>\n\n<body style=\"margin:0px 0px 0px 0px;overflow:auto;background:#FFFFFF;\">\n\n<table style=\"font-family:Arial,Verdana,Times;font-size:12px;text-align:left;width:100%;border-collapse:collapse;padding:3px 3px 3px 3px\">\n\n<tr style=\"text-align:center;font-weight:bold;background:#9CBCE2\">\n\n<td> پارک ملی بمو</td>\n\n</tr>\n\n<tr>\n\n<td>\n\n<table style=\"font-family:Arial,Verdana,Times;font-size:12px;text-align:left;width:100%;border-spacing:0px; padding:3px 3px 3px 3px\">\n\n<tr>\n\n<td>FID</td>\n\n<td>9</td>\n\n</tr>\n\n<tr bgcolor=\"#D4E4F3\">\n\n<td>OBJECTID_1</td>\n\n<td>10</td>\n\n</tr>\n\n<tr>\n\n<td>cod</td>\n\n<td>1</td>\n\n</tr>\n\n<tr bgcolor=\"#D4E4F3\">\n\n<td>tafkik_id</td>\n\n<td>1</td>\n\n</tr>\n\n<tr>\n\n<td>tafkik_nam</td>\n\n<td>پارک ملي</td>\n\n</tr>\n\n<tr bgcolor=\"#D4E4F3\">\n\n<td>shahrestan</td>\n\n<td>شیراز- سپیدان - زرقان</td>\n\n</tr>\n\n<tr>\n\n<td>NAME1</td>\n\n<td>پارک ملی بمو</td>\n\n</tr>\n\n<tr bgcolor=\"#D4E4F3\">\n\n<td>sal_mosava</td>\n\n<td>1349</td>\n\n</tr>\n\n<tr>\n\n<td>AREA_ha</td>\n\n<td>47751</td>\n\n</tr>\n\n<tr bgcolor=\"#D4E4F3\">\n\n<td>F_AREA</td>\n\n<td>477508356.651</td>\n\n</tr>\n\n<tr>\n\n<td>Shape_Leng</td>\n\n<td>212015.312644</td>\n\n</tr>\n\n</table>\n\n</td>\n\n</tr>\n\n</table>\n\n</body>\n\n</html>\n\n","timestamp":null,"begin":null,"end":null,"altitudeMode":"clampToGround","tessellate":-1,"extrude":0,"visibility":-1,"drawOrder":null,"icon":null,"snippet":""}},
{"type":"Feature","geometry":{"type":"Polygon","coordinates":[[[53.7663659110309,29.75225073975665],[53.764359999906,29.75482000063204],[53.75968000033531,29.75708000067503],[53.75433999950267,29.75984000065001],[53.7484699995171,29.76107000109264],[53.73270999991288,29.76794000035856],[53.71827999998799,29.7767200002948],[53.7100633696101,29.78259735695863],[53.70217680285511,29.78806914515236],[53.69519934013916,29.79320847275468],[53.69385568142496,29.7943978593968],[53.68489315832097,29.80317354919255],[53.67906816504332,29.80840819624267],[53.67224000041507,29.81439000081125],[53.663050000283,29.81680000077246],[53.65907489480362,29.81731724805674],[53.65366182555617,29.81779362617312],[53.65241999972513,29.81754000088122],[53.64762999957539,29.81910000095561],[53.64673999990619,29.82098000057907],[53.64157403592738,29.82561453532486],[53.64039414734663,29.8261488099009],[53.6284523340744,29.82932271224594],[53.62544630253036,29.83028549236742],[53.62087995314107,29.832011622497],[53.61908983010586,29.83314559458051],[53.61587128851829,29.83316859471475],[53.61392418844869,29.83294587633955],[53.60689527208426,29.82900881009463],[53.60165000006383,29.82474000027301],[53.5986099994895,29.82286000100701],[53.59456999980892,29.82106000090709],[53.59364000043584,29.81999000085557],[53.59282999976387,29.81563000066571],[53.59184999979646,29.8142200003943],[53.59052000040752,29.81384000104004],[53.5839400002069,29.81388000042248],[53.581470000177,29.81359000046762],[53.57949000005917,29.81222000023828],[53.57831000040625,29.81014000103546],[53.5788600002201,29.80692000080859],[53.57982999981438,29.80370000074175],[53.58213999941354,29.80040000043068],[53.58330999950913,29.79754000090898],[53.57877999985078,29.796220000583],[53.57836999987881,29.79547000064809],[53.57800999975111,29.79158000062615],[53.58139000035312,29.78590000065594],[53.58322000039796,29.78251000092169],[53.58374000015209,29.78055000107656],[53.58315999995341,29.77850000085045],[53.58231999986405,29.77699000077872],[53.58030999997801,29.77577000106297],[53.57750000017484,29.77472000041237],[53.5733899997657,29.77451000110668],[53.57031000019022,29.77591000095832],[53.56713000027327,29.77652000096879],[53.56535999970755,29.77654000082521],[53.56456000024022,29.77702000060792],[53.55616999948279,29.78441000038772],[53.55332999972973,29.78563000055924],[53.54849999945027,29.78713000022689],[53.5415899996179,29.78863000094628],[53.53962000020086,29.78830000033345],[53.53653000025636,29.7867900003439],[53.5343500000546,29.78626000043588],[53.52942000029483,29.78595000083063],[53.52191000011825,29.78469000056075],[53.521609999947,29.78334000092219],[53.52216000029389,29.78131000021107],[53.52122999963699,29.77940000047576],[53.51901999954803,29.77957000060331],[53.51822999944689,29.78086000084655],[53.51709999961216,29.78414000088973],[53.51295999999006,29.78474000074832],[53.51183000039418,29.7851800004222],[53.50838999964262,29.78990000042738],[53.50615000022042,29.79193000056389],[53.50446330671691,29.79484267167834],[53.50177311468278,29.79784518115337],[53.50087165539565,29.80040998461357],[53.501068868111,29.80333004443046],[53.50273257963728,29.8063162340731],[53.50258734134318,29.80735629908939],[53.50151266184793,29.8086700134143],[53.49807743642999,29.81161627648179],[53.49448088045234,29.81383227465008],[53.48706925083769,29.81727394060728],[53.48392613746262,29.81847804558848],[53.48200887872164,29.81848660250811],[53.48050202266037,29.81780169227614],[53.47163318327114,29.81235011075312],[53.46781680311702,29.81037344856573],[53.4656399551562,29.81028753722197],[53.45786695277517,29.81164035285208],[53.4553574712492,29.81095248037582],[53.45393448051991,29.80967347838033],[53.45254381338413,29.80697925416794],[53.4485700000999,29.8041000010734],[53.44342999961805,29.80068000036323],[53.44293999948442,29.79792000101328],[53.44277000025762,29.79489000039334],[53.43973999964385,29.79147000070938],[53.43995999986059,29.79025000043744],[53.44111999999259,29.78945000069815],[53.44200999964988,29.78745000079544],[53.44579999974884,29.78570000097856],[53.44724000035939,29.78436000073583],[53.44690999990029,29.7837800009564],[53.44829999958975,29.78169000105745],[53.44759000039132,29.78118000105867],[53.44635999986043,29.77975000107801],[53.44481999956302,29.77861000103073],[53.43866999957774,29.77604000071394],[53.43626999940614,29.77358000102303],[53.43641999946723,29.77240000028567],[53.43255000013458,29.76996000079637],[53.43179999968944,29.76904000022817],[53.43162000016041,29.76751000092353],[53.43051000028441,29.76611000034482],[53.4285099998746,29.76517000080432],[53.42829000006426,29.76336000076659],[53.4272199996161,29.76024000046664],[53.42553000004198,29.75961000089599],[53.42531999990157,29.75814000067409],[53.42441000005729,29.7574300008351],[53.42425999997327,29.75613000085799],[53.42595000031248,29.75333000056281],[53.42805000003488,29.75183000049533],[53.42989000013544,29.75130000081952],[53.43155999948699,29.74928000021243],[53.43289999955942,29.7471000004815],[53.43497999938552,29.7462700009779],[53.43387999946107,29.74291000039674],[53.43059999954723,29.73820000085677],[53.4295499998908,29.73735000059891],[53.42736999981341,29.73680000072458],[53.4245899993778,29.73407000022239],[53.42303999972671,29.73352000078768],[53.42087999987531,29.73175000036537],[53.42099000012002,29.73013000105599],[53.42216999976095,29.72777000063837],[53.4235199993978,29.72676000082381],[53.4226599995768,29.72554000032338],[53.42188999944415,29.71968000081295],[53.42270000012996,29.71898000063],[53.42570999959819,29.71827000044065],[53.42742999963293,29.71822000047363],[53.42856999987298,29.71765000070041],[53.42970999959052,29.717990000573],[53.42935000011069,29.71576000096274],[53.43088999952663,29.71528000083552],[53.43233999958942,29.71432000059832],[53.42998999935753,29.71309000064566],[53.42934999982882,29.71200000078134],[53.42708999947638,29.71019000036818],[53.42662999982099,29.70838000088873],[53.42760000018386,29.70705000082052],[53.42921999990372,29.70618000086262],[53.43063000019547,29.70737000086123],[53.43129999975935,29.70708000099055],[53.43111999987465,29.70507000059636],[53.43119999981938,29.70424000028393],[53.43093999990587,29.70190000024943],[53.43200000035383,29.70019000021059],[53.4345400001121,29.70180000024201],[53.43558999964954,29.70417000091687],[53.43846000014661,29.70435000056187],[53.43865000002864,29.70518000104776],[53.43773999979044,29.70680000027614],[53.43912999981072,29.70798000071272],[53.44000999989215,29.70779000078648],[53.44544999991134,29.70517000026794],[53.44762999968128,29.70366000087687],[53.44744999991379,29.702860001044],[53.44538999990565,29.70098000060641],[53.44307000018036,29.69820000050622],[53.44115000013988,29.696910000774],[53.43875999977408,29.69639000098137],[53.43315999991401,29.69450000057596],[53.43178999946446,29.69124000024092],[53.43006999952917,29.68982000102914],[53.42817999984629,29.69145000034527],[53.42733000011344,29.69418000095455],[53.42644000006938,29.69567000045163],[53.42575000011699,29.69816000024356],[53.42402999947308,29.70017000104936],[53.42235999981447,29.70038000072664],[53.4213600002413,29.69931000037154],[53.42014000028288,29.69724000038814],[53.41883999939225,29.69672000100967],[53.41718999938718,29.69669000088274],[53.41314000025483,29.69557000102027],[53.40880000020514,29.69245000072042],[53.40960999945325,29.69093000050227],[53.41007999940032,29.68863000103859],[53.41081000012881,29.68731000067871],[53.41080000028739,29.6846500007798],[53.41137000024584,29.68277000040048],[53.40887999965153,29.68139000033437],[53.40630999994502,29.68036000033277],[53.40451999960297,29.68009000085111],[53.40276000031268,29.6807400004544],[53.39889100073039,29.68386702836445],[53.39581000014083,29.68637000030127],[53.39113000058556,29.68925000052151],[53.38596484962302,29.69031898478596],[53.38512655538138,29.69048550878716],[53.38124000052736,29.69124000094946],[53.38040000051966,29.69049000036782],[53.37238838391289,29.69228210077895],[53.36963065614722,29.69196206142378],[53.36352851050557,29.69250402221167],[53.35952584162408,29.6930797389391],[53.35203000045491,29.69430000101583],[53.32863063903475,29.68985988761937],[53.32535266244918,29.68923751361716],[53.3203999999032,29.68725000076354],[53.31359923027059,29.68408663113935],[53.30021844001747,29.68173368603966],[53.29802000015655,29.68101000105461],[53.29654999988087,29.68136000068372],[53.28861999989562,29.68056000020549],[53.27311999986406,29.67675000057212],[53.26446000008293,29.67359000022897],[53.26278999994683,29.67241000026643],[53.25818000025173,29.66973000095955],[53.25560999990573,29.66757000081111],[53.25508999929885,29.65243000031816],[53.26557999954188,29.65142000028024],[53.27306999930223,29.64975000029066],[53.27848000005513,29.64943000071519],[53.28963000000885,29.64588000046224],[53.29311000008227,29.64399000062857],[53.29144000012049,29.63347000071867],[53.30977999941788,29.63004000107867],[53.32182999946876,29.62799000106828],[53.32555615627412,29.62750933484485],[53.33393000020087,29.62653000030971],[53.34617000004147,29.62428000023758],[53.34891999948242,29.62263000053084],[53.3481699994411,29.62161000096333],[53.34318999990941,29.61821000085808],[53.34113999939087,29.61623000050995],[53.33970000010252,29.61262000057605],[53.3399699994787,29.6110700010603],[53.34267999971262,29.61154000059943],[53.34646999995367,29.61151000048723],[53.34837999960877,29.61129000097653],[53.34829999954813,29.60897000050176],[53.34860000029138,29.60712000031894],[53.35993000019839,29.60775000046744],[53.36005999967891,29.60516000052477],[53.36295999957405,29.60537000042483],[53.36365999933205,29.60215000047273],[53.3645900001096,29.6003300006824],[53.36607999944076,29.59844000028433],[53.36659999984242,29.59719000064038],[53.36623999975981,29.59436000107842],[53.3655200001087,29.5930600009892],[53.36629000020385,29.58925000062714],[53.36924999981071,29.58980000021822],[53.3720199994057,29.58710000043289],[53.37287999945156,29.58583000031536],[53.37444999946219,29.58509000030456],[53.37441999963119,29.58324000093063],[53.37711000000598,29.5823000009138],[53.37622000008975,29.58107000064648],[53.38105999936459,29.57727000020953],[53.38135000019419,29.57631000056498],[53.38368999966507,29.57599000048555],[53.38526000036369,29.57687000058274],[53.38657999976157,29.57701000050671],[53.38925000026396,29.57559000032999],[53.39210000018859,29.57353000067245],[53.39454999972571,29.57333000107721],[53.39689999936857,29.57784000047247],[53.40232000035287,29.57675000086808],[53.40559999944765,29.57694000068117],[53.40640999972806,29.57643000026249],[53.41304999942683,29.57538000053026],[53.41200999992637,29.57343000061965],[53.4126699994998,29.57047000070113],[53.41462999993762,29.56975000037928],[53.41681000002171,29.56803000084959],[53.41787000000514,29.5656200002615],[53.41849000030675,29.56524000028789],[53.41858999960115,29.56363000096675],[53.42176000011464,29.56157000037429],[53.42359000010822,29.55927000023559],[53.42616000005114,29.5573600003491],[53.4278900002675,29.55153000091421],[53.42973000031377,29.5501400006364],[53.43233000019681,29.55106000077753],[53.43243000037115,29.54923000069086],[53.43312999966026,29.54493000035663],[53.43533000037461,29.54288000074338],[53.43551999979839,29.54129000093529],[53.43513999958117,29.53984000092787],[53.43393999970962,29.53777000021963],[53.43021999940497,29.53593000021495],[53.430090000195,29.53538000026986],[53.42596999967955,29.53374000035123],[53.42404999936378,29.53150000079283],[53.42532999964072,29.52728000068],[53.42656999958179,29.52594000037865],[53.42708000015153,29.52377000093562],[53.42935999965973,29.52130000093575],[53.42681000017043,29.51726000042667],[53.43422000005361,29.51531000086105],[53.42869999990224,29.51013000107204],[53.4262199998904,29.50973000067438],[53.42489999995212,29.50789000070929],[53.42593000027107,29.50670000041164],[53.43001999962078,29.50330000096992],[53.4308599994256,29.5020900006925],[53.43290000011319,29.50100000039389],[53.43278094090756,29.49998800060487],[53.43293999973719,29.49965000076955],[53.43550999984934,29.49782000072663],[53.44188999995942,29.49310000061898],[53.44715000033956,29.48894000031585],[53.45488000008049,29.48351000080101],[53.46053999967138,29.47969000100372],[53.46793999987185,29.47392000096822],[53.46946999958753,29.47252000027401],[53.47536999973112,29.47081000039484],[53.48196999978057,29.46855000021401],[53.48270000030257,29.46714000066673],[53.48522000002832,29.46722000100567],[53.49442000001105,29.46524000080504],[53.49559000007758,29.46486000083353],[53.49657999985533,29.46084000093181],[53.49544999989935,29.45497000083675],[53.49504000015672,29.45150000061821],[53.49328999988045,29.45076000069132],[53.49032999995567,29.45007000021521],[53.48671000035108,29.44990000069597],[53.47943999962163,29.45049000086312],[53.47431999966517,29.45074000041264],[53.4681600002872,29.45134000088915],[53.46033000025869,29.45293000029684],[53.45243999958428,29.45389000022027],[53.44802000023417,29.45464000019791],[53.44514999999333,29.45452000090634],[53.44344999946095,29.45417000044373],[53.44060999941091,29.45251000092582],[53.44076000022594,29.45189000056246],[53.43841000035218,29.44997000038098],[53.43913999981092,29.44831000093203],[53.44225000023835,29.44506000084866],[53.44699999982102,29.43913000060038],[53.44884999989867,29.43621000079927],[53.45068999966453,29.43265000095352],[53.45240999965335,29.43037000022338],[53.45328000027369,29.4303400004845],[53.45671999977143,29.42573000038723],[53.46095000001529,29.42153000063788],[53.46256999954493,29.42017000079691],[53.46547000010183,29.41689000066079],[53.46904999947922,29.41606000019619],[53.47014999972868,29.4153300007807],[53.47234999957098,29.41483000071475],[53.47500999937477,29.41351000047056],[53.47798000033468,29.41103000045755],[53.48169999975676,29.40941000049074],[53.48775000039434,29.40529000073661],[53.49223999971979,29.40157000091112],[53.50209000015412,29.39495000097349],[53.50756999967317,29.39174000075298],[53.51055999994544,29.39100000025813],[53.51263999962161,29.39076000094807],[53.5174099997145,29.39079000063648],[53.5204099997589,29.39031000036752],[53.52246000031042,29.39050000052477],[53.52461999995982,29.38985000066497],[53.52996000011615,29.38734000029292],[53.53038999991382,29.38734000098721],[53.53681999977223,29.38353000042016],[53.5415399995959,29.38187000105084],[53.54718999945528,29.38015000019812],[53.55580000021996,29.37792000102958],[53.565829999733,29.37330000078196],[53.5722299995702,29.36927000100868],[53.57517999972726,29.36960000072747],[53.57672999992187,29.36797000087153],[53.57836999969451,29.36697000028047],[53.581959999787,29.36262000101163],[53.58480999941199,29.36027000096727],[53.5878999995257,29.35640000044673],[53.59013999959181,29.35276000077209],[53.59515000023323,29.34554000085697],[53.5978599999177,29.34139000028136],[53.60036999961305,29.33688000082174],[53.60226000002054,29.33525000103423],[53.60166000001869,29.33361000048629],[53.60041999948181,29.33169000086418],[53.59954000036366,29.3286200002552],[53.598619999733,29.32733000053958],[53.60312000042124,29.31849000089301],[53.60651999965477,29.3121000006043],[53.60784999950783,29.3103200003085],[53.61765999971681,29.3036600007132],[53.61892999957032,29.30288000080892],[53.62248000039505,29.30313000018579],[53.62331000025151,29.30270000049008],[53.62491000029233,29.30023000067903],[53.6266699998129,29.29680000082688],[53.62997000015606,29.29106000042395],[53.6312899998643,29.28935000096258],[53.63751999973461,29.27968000064098],[53.63957999943963,29.27770000040238],[53.64509999979855,29.27338000075503],[53.65111000012567,29.2679900002155],[53.6552699997853,29.26411000034939],[53.65868000046333,29.25893000101669],[53.66429999952525,29.25315000090781],[53.66588000020689,29.25071000073716],[53.66896999975388,29.24682000073536],[53.67004999971238,29.24460000044471],[53.67425000044167,29.23689000105446],[53.67524999950592,29.23569000020125],[53.67545000009045,29.23281000043448],[53.67737000013266,29.23083000082809],[53.67859124725121,29.23331472204227],[53.67978132762187,29.23392362401742],[53.68451463929428,29.23429171211994],[53.68659979687346,29.23370258873486],[53.69016366128894,29.23307859507139],[53.69171965901975,29.23191492077951],[53.69838510730216,29.22987212508807],[53.70053294035781,29.22869316510012],[53.70105347181867,29.22758475854553],[53.705957317977,29.2231939464924],[53.71076830314765,29.22184019370652],[53.70839438544156,29.21931065812109],[53.70747890438176,29.21704809559253],[53.7053021289416,29.21578261178968],[53.70375938947457,29.21358729628069],[53.70179699945979,29.21171400059493],[53.70395999980929,29.20975000084751],[53.70420000044304,29.20907000065542],[53.7029799996337,29.20628000095928],[53.70275000022738,29.20483000045284],[53.70310999995789,29.2027400007439],[53.70384000048045,29.20148000074325],[53.70759000016805,29.19699000093863],[53.70914999948359,29.19614000052586],[53.7136320000328,29.19620100041908],[53.71491999988383,29.19535000062505],[53.71685423736329,29.19470837777843],[53.71975881439268,29.19445467964174],[53.72175500010943,29.19469600056011],[53.72543000041479,29.1947200010187],[53.72826800041987,29.19375000062496],[53.73014000030502,29.19449300040995],[53.73507700046292,29.19421300057795],[53.73637000050122,29.19381000088438],[53.73913999989855,29.19365000046976],[53.74042000032408,29.19318000072149],[53.74420999948033,29.19460000053547],[53.7468199996971,29.19499000037423],[53.7484499999891,29.19564000093185],[53.74858000006627,29.19664000078771],[53.75242000042182,29.19686000039651],[53.75440999974145,29.19633000041839],[53.75767300004519,29.19824900050883],[53.76175944337923,29.19881459943704],[53.76170829874879,29.2017311317587],[53.75943799953694,29.20357800020628],[53.75914744867541,29.20568877403026],[53.76143768645306,29.20601510583676],[53.7652735597613,29.20512117111434],[53.76470154412478,29.20788979734129],[53.76613809309985,29.20754658560065],[53.7687598327968,29.20753887911892],[53.76962176730338,29.20556223948427],[53.77148999966621,29.20628000106506],[53.77419999971231,29.20555000022288],[53.77455999953142,29.20668000102959],[53.77566000035087,29.20688000028042],[53.77742000020882,29.2063400001912],[53.77756000042088,29.20766000073518],[53.77928000045658,29.20775000050168],[53.78075999998887,29.20537000091429],[53.78216999982993,29.20695000104093],[53.78461599949753,29.20580200036224],[53.78414433557298,29.21215831001052],[53.78393029435583,29.21331358454573],[53.78640678493541,29.21295399180993],[53.78852612259163,29.21112445140919],[53.78940999976582,29.20885500081255],[53.79227100018289,29.20775500073537],[53.79348000023823,29.20846000031737],[53.7968399996376,29.20825000058584],[53.80021700037206,29.20871700104771],[53.80102199982425,29.20777500023655],[53.80504900016387,29.20850500074469],[53.81000000032341,29.20740000090441],[53.81233899987169,29.206264000636],[53.8145999996287,29.20753900018402],[53.81574899969123,29.20729200036744],[53.81533300052349,29.20564100090413],[53.81577000040316,29.20520600103762],[53.81981100044104,29.20316900026513],[53.82082999963725,29.2055040003333],[53.82199999969689,29.20573600067054],[53.82855899952442,29.20635100029938],[53.83074000048074,29.20774000041587],[53.83647999982863,29.20759000104994],[53.83816000006371,29.20683000074574],[53.83931000003203,29.20582000093243],[53.84224999971978,29.20506000083959],[53.8439900004766,29.20372000096175],[53.8455900003496,29.20299000074627],[53.8469099996178,29.20310000051759],[53.84909999975172,29.20209000077341],[53.85029999977002,29.20225000043308],[53.85411000047574,29.20194000044807],[53.85410999982984,29.20276200100902],[53.85667699956979,29.20641900068297],[53.86058500036172,29.20860400104258],[53.86262300022483,29.20937200059948],[53.86317700036877,29.21041400066073],[53.86624399965765,29.21077100069056],[53.8669890000651,29.211215000336],[53.86904800015687,29.21056000061838],[53.86999700051908,29.20986700060848],[53.87271800047638,29.20878000055011],[53.8741700001735,29.20780200077809],[53.87555800053379,29.20616400060522],[53.87687600035355,29.20534300027157],[53.87715999972969,29.20439900090354],[53.87871000013573,29.20372500017415],[53.88206999980686,29.2031500001905],[53.88328999999824,29.20267000077575],[53.8854759996838,29.20377200065187],[53.88630910853396,29.2056318876485],[53.8863309996555,29.20826400071164],[53.88411000025151,29.21048000024288],[53.88317000039434,29.21228000067519],[53.88244000038097,29.21570000025273],[53.88279000016383,29.21776000081066],[53.88365000046237,29.22062000085531],[53.88549000027928,29.22350000036216],[53.88800999999829,29.22543000038131],[53.88997999986906,29.22736000094782],[53.89152999983764,29.2301000002696],[53.89195999985709,29.23135000023247],[53.89564000019755,29.23482000038403],[53.89716999994252,29.23739000081514],[53.89776999990885,29.23957000095523],[53.89775999996413,29.24102000099338],[53.89956000000181,29.24427000077925],[53.90144000057231,29.24524000068513],[53.90161000032382,29.24706000018251],[53.90091000032675,29.24957000021526],[53.90102000013295,29.25174000090382],[53.8975099998871,29.2574600003314],[53.8948900005085,29.2596000010326],[53.89392000043007,29.25862000041859],[53.89298000016915,29.25939000034153],[53.88859000027694,29.26428000103384],[53.88467000010023,29.26704000073518],[53.88384000026205,29.26806000049934],[53.88238000014452,29.27079000067769],[53.88100999963059,29.27252000019927],[53.88413999957794,29.27583000042104],[53.88716000018381,29.27343000028955],[53.88909999985358,29.27641000019239],[53.89096999964453,29.27630000056975],[53.89454000011622,29.28109000093224],[53.89702000055889,29.28496000097349],[53.90056999971659,29.28359000035033],[53.90169000039395,29.28433000055274],[53.90377999989018,29.28822000057172],[53.90499999960436,29.28754000076952],[53.90842999994565,29.28871000075456],[53.90981999989879,29.29008000090706],[53.91055000005529,29.29244000088732],[53.91255000011013,29.29540000060572],[53.91469000013953,29.29207000097801],[53.91949000060094,29.29816000040151],[53.92303999980392,29.29877000059757],[53.92694999962997,29.29800000093196],[53.92622999962586,29.29540000060548],[53.9316700005866,29.29557000085411],[53.93700000000132,29.29390000073792],[53.9356800000204,29.29193000079059],[53.93677999969953,29.2901700002312],[53.94014999986882,29.28809000094694],[53.93985000028955,29.28721000052304],[53.9423000004122,29.28602000030396],[53.94144000055385,29.28410000047706],[53.94410000037382,29.28233000074706],[53.94601999974106,29.28465000026349],[53.94858000020481,29.2833300002046],[53.94793999965066,29.28096000090301],[53.94976999984404,29.28003000103736],[53.94761999999963,29.27474000107338],[53.94857000034916,29.27429000055687],[53.94860000025413,29.27314000041369],[53.94742000044074,29.2709500010233],[53.94902999978363,29.27072000098831],[53.95217000000649,29.2687600004586],[53.95027000024422,29.26363000040249],[53.94591000057297,29.26437000081452],[53.94271000022576,29.2621700002253],[53.94211000059374,29.26082000098629],[53.94874000025257,29.25866000020307],[53.94964000063081,29.26052000103815],[53.95264999975807,29.26035000020402],[53.95665000034931,29.26045000070049],[53.96025999991656,29.26199000036866],[53.96588999982126,29.26207000044989],[53.96559999988533,29.26072000096826],[53.9706800000527,29.25797000017611],[53.97044000059032,29.25704000065064],[53.97356000018956,29.25544000025153],[53.97513999968928,29.25578000020417],[53.97713000035723,29.26032000098187],[53.98328000076287,29.25730000049128],[53.9881226078949,29.25591357041107],[53.98866999994751,29.25575000082536],[53.98959000047375,29.25551000060911],[53.99303999979873,29.2556200003549],[54.00553000015496,29.25504000090907],[54.00939000062999,29.25437000048808],[54.01252000025678,29.25326000054928],[54.0186399997143,29.25204000033395],[54.02273000019895,29.25164000046375],[54.02699000022391,29.25053000029963],[54.02683000049704,29.248590000599],[54.03411000059095,29.24660000031176],[54.03605000032859,29.2457600007155],[54.04488999976463,29.24336000058239],[54.04627000025635,29.24319000054913],[54.05113000032457,29.2432500008907],[54.05579999976246,29.24270000038831],[54.06025999975655,29.24154000032991],[54.06292999998146,29.24114000085705],[54.06777000037206,29.23979000055503],[54.07003999995265,29.2388000007828],[54.07824000025439,29.23719000050352],[54.08237000022204,29.23584000066215],[54.08596000035854,29.23442000071987],[54.09013000018329,29.23223000075647],[54.09734000070519,29.22950000058722],[54.10110000016589,29.22785000100729],[54.10260000065276,29.22670000053832],[54.10735999997899,29.22508000018421],[54.11155000066459,29.22336000089041],[54.11446999977777,29.22378000052022],[54.11521000008788,29.22327000100909],[54.12197000011321,29.22543000059139],[54.1273900001414,29.2260900005157],[54.13549000056408,29.22630000053251],[54.14412000036501,29.22886000041986],[54.15227000012455,29.23064000033655],[54.1602500006337,29.22869000053844],[54.1601767049282,29.22751987509972],[54.16155908729296,29.22319519588531],[54.16329381353352,29.22016899679389],[54.16646595006736,29.21911740256266],[54.17064376287072,29.21894101337507],[54.17123826402479,29.21986046532514],[54.17584973099494,29.22117247650633],[54.17755233593779,29.22101898884216],[54.18128113154714,29.22203305405544],[54.18343348537717,29.22291518903361],[54.18638197190134,29.22373642344896],[54.19079584452378,29.2245425650485],[54.19472851927509,29.22378459566083],[54.19724242265338,29.22393184852233],[54.19793029925865,29.22576806959879],[54.20134764197061,29.22540067007544],[54.20632717119943,29.22721989233505],[54.20812203669741,29.22718667858704],[54.20865182516737,29.22767946303891],[54.2090871616145,29.23020743983936],[54.20775132429917,29.23197285573764],[54.205493679401,29.23322277052075],[54.20360192267761,29.23380584809328],[54.20047584084096,29.2367473690768],[54.1994628982561,29.23743025633322],[54.19500270062675,29.23882776849307],[54.20418000028506,29.25032000090344],[54.21006000059831,29.26557000025111],[54.21027000076693,29.27228000099628],[54.20824000049369,29.27943000050017],[54.19504999995688,29.28961000097349],[54.18355000059817,29.29521000035595],[54.16459000027873,29.30917000046044],[54.1530099999184,29.32137000053223],[54.14887000006495,29.33270000075428],[54.14913999992365,29.33815000064816],[54.14507000072324,29.33930000024763],[54.14184999988465,29.34073000075731],[54.12765999992771,29.34977000055274],[54.12326000073309,29.35478000076674],[54.12077000013426,29.36116000050612],[54.11741000020111,29.36907000035298],[54.11599999993198,29.37467000036599],[54.11538000063325,29.37873000025357],[54.11573000065817,29.38510000048606],[54.11364583908212,29.39493681262253],[54.11300895201305,29.39790374791338],[54.11187999988474,29.40328000089983],[54.11195000036744,29.40502000087833],[54.11265188650508,29.40675449055379],[54.11296000068596,29.40730000104613],[54.11884000021905,29.4139700002821],[54.11907000051647,29.414900000434],[54.11969999987326,29.4213500006514],[54.11989000009191,29.42529000082466],[54.11976000015245,29.42732000047095],[54.11566999995244,29.44362000105643],[54.09658000067657,29.44871000095102],[54.08637000023084,29.45134000060424],[54.08480000022902,29.45055000084003],[54.08078000012954,29.45286000049564],[54.07857000076725,29.45328000103727],[54.07386999987865,29.45961000093427],[54.07011000003938,29.46487000105248],[54.06734000032607,29.46976000059253],[54.06227999983627,29.48024000064783],[54.05696000068094,29.48531000017029],[54.0507600006251,29.49275000105117],[54.04375999987693,29.50225000085533],[54.03907999989829,29.50683000059686],[54.03648000062454,29.51006000072352],[54.03368000005807,29.51225000100038],[54.03201999982839,29.51307000046423],[54.03105999974665,29.51429000034753],[54.03024000055282,29.51721000024071],[54.02984000000902,29.52126000097915],[54.02886999989394,29.52240000082286],[54.02722000041052,29.52285000053166],[54.02716999978907,29.52434000058771],[54.01570000061732,29.52733000027174],[54.0095799997647,29.52714000042226],[54.00490000049492,29.52835000022495],[54.00205000051048,29.53006000101728],[54.00058000029056,29.53353000039007],[54.00035000019172,29.53849000052212],[53.9995999997663,29.54133000039846],[53.99755000047899,29.54545000047084],[53.99418999986413,29.555420000621],[53.9932299999989,29.56103000086643],[53.98564000053987,29.57941000056885],[53.98530000038297,29.58011000107028],[53.98239000037375,29.5821100004234],[53.98111999982481,29.58095000027573],[53.9789500006253,29.580760000349],[53.97535000013252,29.58286000024355],[53.97115999978038,29.58443000028911],[53.965960000595,29.5868200004079],[53.960850000109,29.58958000045174],[53.95945999997433,29.59049000033539],[53.95275999980308,29.59428000039652],[53.95095000006849,29.59556000049208],[53.94799999987696,29.59852000096283],[53.94622999963939,29.60156000049269],[53.94563999978106,29.6037000003977],[53.9445800000921,29.60572000085914],[53.94313000050614,29.60744000037679],[53.94004999999527,29.61012000021448],[53.93640000028643,29.61198000019432],[53.92298999990554,29.61645000064435],[53.92166000000444,29.61745000040053],[53.91872999985905,29.62056000041152],[53.9161100000951,29.62783000062486],[53.91469999961721,29.6303400008434],[53.90993700562418,29.63431843866634],[53.90593233195681,29.63793167445334],[53.89702925775623,29.64558637188722],[53.87920133505361,29.66093603865244],[53.87096000026034,29.66764000039093],[53.86908372788486,29.6696929107986],[53.8511802109308,29.68491710847108],[53.848370487084,29.68708784620518],[53.84922994002579,29.68905355178541],[53.85479176231408,29.70177211205734],[53.85168000026642,29.69976000100094],[53.84970000013526,29.69878000096207],[53.84845000016206,29.69875000028719],[53.84606000010189,29.69942000069583],[53.83987999965441,29.7004200007513],[53.83928000025902,29.70119000094062],[53.83636999964148,29.70232000095517],[53.82702999957951,29.70633000094003],[53.81411000020954,29.71490000020662],[53.80371999979943,29.72766000068912],[53.80314000049472,29.7282800006822],[53.79961000001245,29.7292700010198],[53.79636999992212,29.73096000083406],[53.78980000009726,29.73355000098362],[53.78604000013955,29.73587000095935],[53.77916000031126,29.73918000065275],[53.77631000024035,29.74076000059722],[53.77384000036019,29.74274000067981],[53.77233999972363,29.74450000052939],[53.76671000004259,29.75181000029959],[53.7663659110309,29.75225073975665]]]},"properties":{"Name":"پناهگاه حيات وحش بختگان","description":"<html xmlns:fo=\"http://www.w3.org/1999/XSL/Format\" xmlns:msxsl=\"urn:schemas-microsoft-com:xslt\">\n\n<head>\n\n<META http-equiv=\"Content-Type\" content=\"text/html\">\n\n<meta http-equiv=\"content-type\" content=\"text/html; charset=UTF-8\">\n\n</head>\n\n<body style=\"margin:0px 0px 0px 0px;overflow:auto;background:#FFFFFF;\">\n\n<table style=\"font-family:Arial,Verdana,Times;font-size:12px;text-align:left;width:100%;border-collapse:collapse;padding:3px 3px 3px 3px\">\n\n<tr style=\"text-align:center;font-weight:bold;background:#9CBCE2\">\n\n<td>پناهگاه حيات وحش بختگان</td>\n\n</tr>\n\n<tr>\n\n<td>\n\n<table style=\"font-family:Arial,Verdana,Times;font-size:12px;text-align:left;width:100%;border-spacing:0px; padding:3px 3px 3px 3px\">\n\n<tr>\n\n<td>FID</td>\n\n<td>10</td>\n\n</tr>\n\n<tr bgcolor=\"#D4E4F3\">\n\n<td>OBJECTID_1</td>\n\n<td>11</td>\n\n</tr>\n\n<tr>\n\n<td>cod</td>\n\n<td>4</td>\n\n</tr>\n\n<tr bgcolor=\"#D4E4F3\">\n\n<td>tafkik_id</td>\n\n<td>2</td>\n\n</tr>\n\n<tr>\n\n<td>tafkik_nam</td>\n\n<td>پناهگاه حيات وحش</td>\n\n</tr>\n\n<tr bgcolor=\"#D4E4F3\">\n\n<td>shahrestan</td>\n\n<td>آباده طشک- ني ريز- استهبان-خ</td>\n\n</tr>\n\n<tr>\n\n<td>NAME1</td>\n\n<td>پناهگاه حيات وحش بختگان</td>\n\n</tr>\n\n<tr bgcolor=\"#D4E4F3\">\n\n<td>sal_mosava</td>\n\n<td>1347</td>\n\n</tr>\n\n<tr>\n\n<td>AREA_ha</td>\n\n<td>147147</td>\n\n</tr>\n\n<tr bgcolor=\"#D4E4F3\">\n\n<td>F_AREA</td>\n\n<td>3302291649.41</td>\n\n</tr>\n\n<tr>\n\n<td>Shape_Leng</td>\n\n<td>340332.436311</td>\n\n</tr>\n\n</table>\n\n</td>\n\n</tr>\n\n</table>\n\n</body>\n\n</html>\n\n","timestamp":null,"begin":null,"end":null,"altitudeMode":"clampToGround","tessellate":-1,"extrude":0,"visibility":-1,"drawOrder":null,"icon":null,"snippet":""}},
{"type":"Feature","geometry":{"type":"Polygon","coordinates":[[[53.7663659110309,29.75225073975665],[53.76354999949152,29.75276000058312],[53.75412000027234,29.75690000063011],[53.74846999956443,29.75671000105907],[53.73847000031906,29.75820000079334],[53.73512999953495,29.76085000050659],[53.73029999962989,29.76209000067691],[53.72420000027097,29.76433000071842],[53.71977000008363,29.76405000067669],[53.71527999969685,29.76497000045054],[53.70935000019917,29.76744000068726],[53.70745999991473,29.76809000055304],[53.70685000045187,29.7711300008942],[53.70385999978139,29.77286000108874],[53.6984599996013,29.77295000103407],[53.69379000021355,29.7763200009133],[53.6901900000994,29.77783000101312],[53.68660999976915,29.78055000057088],[53.68086999950576,29.789910000606],[53.67129999987549,29.80259000082999],[53.66066999953539,29.80499000091606],[53.65833000012998,29.80594000043877],[53.6536199994645,29.80640000108397],[53.64876000002534,29.80650000095592],[53.64393999976436,29.80811000065924],[53.64036999956729,29.8100000003282],[53.63476999972882,29.81084000037901],[53.62852000033243,29.81345000050868],[53.62413999996461,29.81620000106942],[53.62217000034244,29.81775000066218],[53.61954000033446,29.81835000105527],[53.61688000018039,29.82004000022986],[53.61589000021638,29.8170300003926],[53.61543999998288,29.81280000075336],[53.61395000022123,29.81162000024599],[53.60912000004793,29.81038000096436],[53.60588000003168,29.81123000026008],[53.60033000043867,29.80898000073486],[53.59762000006533,29.80701000099151],[53.59469999987267,29.80630000046323],[53.59249000038324,29.80683000073886],[53.59015999952248,29.80524000088621],[53.58824000022608,29.80079000046437],[53.59028999945866,29.79966000084596],[53.59167000035272,29.79648000040977],[53.59149999989567,29.79267000078595],[53.58891999987011,29.78957000064658],[53.58457999968317,29.7880800002413],[53.58139000035312,29.78590000065594],[53.58322000039796,29.78251000092169],[53.58374000015209,29.78055000107656],[53.58315999995341,29.77850000085045],[53.58231999986405,29.77699000077872],[53.58030999997801,29.77577000106297],[53.57750000017484,29.77472000041237],[53.5733899997657,29.77451000110668],[53.57031000019022,29.77591000095832],[53.56713000027327,29.77652000096879],[53.56535999970755,29.77654000082521],[53.56456000024022,29.77702000060792],[53.55616999948279,29.78441000038772],[53.55332999972973,29.78563000055924],[53.54849999945027,29.78713000022689],[53.5415899996179,29.78863000094628],[53.53962000020086,29.78830000033345],[53.53653000025636,29.7867900003439],[53.5343500000546,29.78626000043588],[53.52942000029483,29.78595000083063],[53.52191000011825,29.78469000056075],[53.521609999947,29.78334000092219],[53.52216000029389,29.78131000021107],[53.52122999963699,29.77940000047576],[53.51901999954803,29.77957000060331],[53.51822999944689,29.78086000084655],[53.51709999961216,29.78414000088973],[53.51295999999006,29.78474000074832],[53.51155000002416,29.78492000038676],[53.50708000027188,29.78686000053623],[53.50365000031832,29.7890100005127],[53.501490000119,29.79120000037323],[53.49652999953447,29.79218000086194],[53.49294999976345,29.79343000053745],[53.48895000007444,29.79607000044682],[53.48048999989066,29.80434000057245],[53.47411999987872,29.80490000050309],[53.47215999971461,29.80459000091957],[53.4667599997915,29.8006300010852],[53.46399000000265,29.79293000053658],[53.45671000019186,29.78496000052688],[53.45316999936315,29.78323000064059],[53.44830000017124,29.78168000069109],[53.44759000039132,29.78118000105867],[53.44635999986043,29.77975000107801],[53.44481999956302,29.77861000103073],[53.43866999957774,29.77604000071394],[53.43626999940614,29.77358000102303],[53.43641999946723,29.77240000028567],[53.43255000013458,29.76996000079637],[53.43179999968944,29.76904000022817],[53.43162000016041,29.76751000092353],[53.43051000028441,29.76611000034482],[53.4285099998746,29.76517000080432],[53.42829000006426,29.76336000076659],[53.4272199996161,29.76024000046664],[53.42553000004198,29.75961000089599],[53.42531999990157,29.75814000067409],[53.42441000005729,29.7574300008351],[53.42425999997327,29.75613000085799],[53.42595000031248,29.75333000056281],[53.42805000003488,29.75183000049533],[53.42989000013544,29.75130000081952],[53.43155999948699,29.74928000021243],[53.43289999955942,29.7471000004815],[53.43497999938552,29.7462700009779],[53.43387999946107,29.74291000039674],[53.43059999954723,29.73820000085677],[53.4295499998908,29.73735000059891],[53.42736999981341,29.73680000072458],[53.4245899993778,29.73407000022239],[53.42303999972671,29.73352000078768],[53.42087999987531,29.73175000036537],[53.42099000012002,29.73013000105599],[53.42216999976095,29.72777000063837],[53.4235199993978,29.72676000082381],[53.4226599995768,29.72554000032338],[53.42188999944415,29.71968000081295],[53.42270000012996,29.71898000063],[53.42570999959819,29.71827000044065],[53.42742999963293,29.71822000047363],[53.42856999987298,29.71765000070041],[53.42970999959052,29.717990000573],[53.42935000011069,29.71576000096274],[53.43088999952663,29.71528000083552],[53.43233999958942,29.71432000059832],[53.42998999935753,29.71309000064566],[53.42934999982882,29.71200000078134],[53.42708999947638,29.71019000036818],[53.42662999982099,29.70838000088873],[53.42760000018386,29.70705000082052],[53.42921999990372,29.70618000086262],[53.43063000019547,29.70737000086123],[53.43129999975935,29.70708000099055],[53.43111999987465,29.70507000059636],[53.43119999981938,29.70424000028393],[53.43093999990587,29.70190000024943],[53.43200000035383,29.70019000021059],[53.4345400001121,29.70180000024201],[53.43558999964954,29.70417000091687],[53.43846000014661,29.70435000056187],[53.43865000002864,29.70518000104776],[53.43773999979044,29.70680000027614],[53.43912999981072,29.70798000071272],[53.44000999989215,29.70779000078648],[53.44544999991134,29.70517000026794],[53.44762999968128,29.70366000087687],[53.44744999991379,29.702860001044],[53.44538999990565,29.70098000060641],[53.44307000018036,29.69820000050622],[53.44115000013988,29.696910000774],[53.43875999977408,29.69639000098137],[53.43315999991401,29.69450000057596],[53.43178999946446,29.69124000024092],[53.43006999952917,29.68982000102914],[53.42817999984629,29.69145000034527],[53.42733000011344,29.69418000095455],[53.42644000006938,29.69567000045163],[53.42575000011699,29.69816000024356],[53.42402999947308,29.70017000104936],[53.42235999981447,29.70038000072664],[53.4213600002413,29.69931000037154],[53.42014000028288,29.69724000038814],[53.41883999939225,29.69672000100967],[53.41718999938718,29.69669000088274],[53.41314000025483,29.69557000102027],[53.40880000020514,29.69245000072042],[53.40960999945325,29.69093000050227],[53.41007999940032,29.68863000103859],[53.41081000012881,29.68731000067871],[53.41080000028739,29.6846500007798],[53.41137000024584,29.68277000040048],[53.40887999965153,29.68139000033437],[53.40630999994502,29.68036000033277],[53.40451999960297,29.68009000085111],[53.40276000031268,29.6807400004544],[53.39889100073039,29.68386702836445],[53.39581000014083,29.68637000030127],[53.39113000058556,29.68925000052151],[53.38596484962302,29.69031898478596],[53.38512655538138,29.69048550878716],[53.38124000052736,29.69124000094946],[53.38040000051966,29.69049000036782],[53.37238838391289,29.69228210077895],[53.36963065614722,29.69196206142378],[53.36352851050557,29.69250402221167],[53.35952584162408,29.6930797389391],[53.35203000045491,29.69430000101583],[53.32863063903475,29.68985988761937],[53.32419394277811,29.68871505174118],[53.31637965790401,29.68357648322116],[53.31408767582543,29.68063429714612],[53.31024418107055,29.67378627796608],[53.3070168586466,29.66627906045107],[53.30410929220352,29.65777209042005],[53.30360092845108,29.65193978475082],[53.30407268724841,29.64584561821821],[53.30536406908876,29.64301239696022],[53.31100046882619,29.63262814999609],[53.31375772426068,29.62944769358547],[53.32555615627412,29.62750933484485],[53.33393000020087,29.62653000030971],[53.34617000004147,29.62428000023758],[53.34891999948242,29.62263000053084],[53.3481699994411,29.62161000096333],[53.34318999990941,29.61821000085808],[53.34113999939087,29.61623000050995],[53.33970000010252,29.61262000057605],[53.3399699994787,29.6110700010603],[53.34267999971262,29.61154000059943],[53.34646999995367,29.61151000048723],[53.34837999960877,29.61129000097653],[53.34829999954813,29.60897000050176],[53.34860000029138,29.60712000031894],[53.35993000019839,29.60775000046744],[53.36005999967891,29.60516000052477],[53.36295999957405,29.60537000042483],[53.36365999933205,29.60215000047273],[53.3645900001096,29.6003300006824],[53.36607999944076,29.59844000028433],[53.36659999984242,29.59719000064038],[53.36623999975981,29.59436000107842],[53.3655200001087,29.5930600009892],[53.36629000020385,29.58925000062714],[53.36924999981071,29.58980000021822],[53.3720199994057,29.58710000043289],[53.37287999945156,29.58583000031536],[53.37444999946219,29.58509000030456],[53.37441999963119,29.58324000093063],[53.37711000000598,29.5823000009138],[53.37622000008975,29.58107000064648],[53.38105999936459,29.57727000020953],[53.38135000019419,29.57631000056498],[53.38368999966507,29.57599000048555],[53.38526000036369,29.57687000058274],[53.38657999976157,29.57701000050671],[53.38925000026396,29.57559000032999],[53.39210000018859,29.57353000067245],[53.39454999972571,29.57333000107721],[53.39689999936857,29.57784000047247],[53.40232000035287,29.57675000086808],[53.40559999944765,29.57694000068117],[53.40640999972806,29.57643000026249],[53.41304999942683,29.57538000053026],[53.41200999992637,29.57343000061965],[53.4126699994998,29.57047000070113],[53.41462999993762,29.56975000037928],[53.41681000002171,29.56803000084959],[53.41787000000514,29.5656200002615],[53.41849000030675,29.56524000028789],[53.41858999960115,29.56363000096675],[53.42176000011464,29.56157000037429],[53.42359000010822,29.55927000023559],[53.42616000005114,29.5573600003491],[53.4278900002675,29.55153000091421],[53.42973000031377,29.5501400006364],[53.43233000019681,29.55106000077753],[53.43243000037115,29.54923000069086],[53.43312999966026,29.54493000035663],[53.43533000037461,29.54288000074338],[53.43551999979839,29.54129000093529],[53.43513999958117,29.53984000092787],[53.43393999970962,29.53777000021963],[53.43021999940497,29.53593000021495],[53.430090000195,29.53538000026986],[53.42596999967955,29.53374000035123],[53.42404999936378,29.53150000079283],[53.42532999964072,29.52728000068],[53.42656999958179,29.52594000037865],[53.42708000015153,29.52377000093562],[53.42935999965973,29.52130000093575],[53.42681000017043,29.51726000042667],[53.43422000005361,29.51531000086105],[53.42869999990224,29.51013000107204],[53.4262199998904,29.50973000067438],[53.42489999995212,29.50789000070929],[53.42593000027107,29.50670000041164],[53.43001999962078,29.50330000096992],[53.4308599994256,29.5020900006925],[53.43290000011319,29.50100000039389],[53.43278094090756,29.49998800060487],[53.43293999973719,29.49965000076955],[53.43550999984934,29.49782000072663],[53.44060999955477,29.49480000027293],[53.44983999999421,29.49079000033569],[53.4587100001344,29.48909000066713],[53.4715199997752,29.48459000073489],[53.47760999986125,29.4813100006497],[53.48327999993889,29.48050000056108],[53.4936299995222,29.47572000059265],[53.49832000001026,29.47167000050663],[53.50000000004086,29.47080000023875],[53.50521000007317,29.47085000023811],[53.51085999985433,29.47189000096359],[53.525139999914,29.47578000071193],[53.53359000009279,29.47675000022621],[53.53612999970861,29.47734000060482],[53.53784999949031,29.47743000064487],[53.54313000031767,29.47566000079478],[53.54535000011674,29.47872000089903],[53.54838999997796,29.48149000103887],[53.55207999943445,29.4837000002596],[53.55558999996268,29.48617000068078],[53.56078000001459,29.48877000101943],[53.56361999966137,29.48998000076523],[53.57058000027908,29.49019000060819],[53.57831999947221,29.4893200009517],[53.58286000007059,29.48844000059188],[53.58513999961458,29.48753000096622],[53.59104000031309,29.48364000054058],[53.59786999978751,29.47969000033656],[53.60207000000754,29.47698000025494],[53.60349000024552,29.47554000071705],[53.60506999973193,29.4727800005678],[53.60918000027919,29.47241000044888],[53.61574999948937,29.47050000045332],[53.61864999952768,29.46754000045136],[53.62129999959477,29.46267000062253],[53.62195999965675,29.46073000066884],[53.62263000023933,29.45734000041704],[53.62371999969753,29.45445000043558],[53.62760000010346,29.45201000062742],[53.63017000043139,29.45074000052634],[53.6323399999262,29.44902000054076],[53.63385999989667,29.44864000079137],[53.63646999984702,29.44745000085729],[53.63931999977137,29.44561000055646],[53.64192000005821,29.4443200009573],[53.64459999983222,29.44117000100541],[53.64735999950318,29.43841000041073],[53.65236000002798,29.43292000039874],[53.65473999987336,29.43122000060173],[53.65712999984358,29.42882000088291],[53.6602100002421,29.42658000027886],[53.66386000033125,29.42475000095979],[53.66796999944678,29.4231900002762],[53.67345000027319,29.42047000046699],[53.67734000006362,29.41752000065026],[53.68005000005525,29.41472000019307],[53.6830099996808,29.41230000103842],[53.68576999969323,29.40957000040808],[53.68797999950112,29.40614000042493],[53.68969000028436,29.40127000088284],[53.69046000037982,29.40010000020146],[53.69395999965964,29.39833000092297],[53.69784000030936,29.39607000104706],[53.70087999970683,29.3948400005146],[53.70432999947474,29.39268000082711],[53.70743999969084,29.3903100008871],[53.71203000045292,29.38856000096193],[53.71669000039153,29.38600000040389],[53.71944000012235,29.38414000035145],[53.72048999978344,29.38373000067119],[53.72462999999718,29.38096000038591],[53.72739000028508,29.37787000018288],[53.72833999996018,29.37613000034643],[53.72938999977726,29.37328000038474],[53.7299800002022,29.36956000041978],[53.73041999994912,29.36879000072206],[53.73780999946811,29.36185000041723],[53.74187999961084,29.35742000101574],[53.7445599996814,29.35416000084232],[53.74926999989172,29.35313000037592],[53.75253000013362,29.35204000053912],[53.75578000006341,29.3499100003156],[53.75948000046528,29.34661000047273],[53.76045000014587,29.34519000053445],[53.76098000031195,29.34324000088647],[53.76493999993301,29.34302000027118],[53.76813999995879,29.34231000106854],[53.77213000007541,29.34053000082887],[53.77954999985944,29.33767000026695],[53.78122000022748,29.33650000047915],[53.78417000004546,29.33364000092553],[53.78691000006378,29.33170000080302],[53.78942999980272,29.331120000608],[53.7927399999753,29.3296300004748],[53.79403999961057,29.32629000027637],[53.79912999949913,29.32390000028841],[53.80223000009012,29.32301000063283],[53.80430999955787,29.32184000029642],[53.80556999965521,29.32053000108395],[53.80592000025909,29.3177400005794],[53.80659999994897,29.31613000023061],[53.81115999957421,29.31498000103607],[53.8129999999387,29.31314000088852],[53.81608000031471,29.31076000043385],[53.8184699996148,29.31003000038991],[53.82004000043985,29.30875000091306],[53.82132746555005,29.30822323150801],[53.82660885238613,29.30540302482737],[53.83632686949977,29.30000960487813],[53.84122283481997,29.29703979144934],[53.84790063880473,29.29346361756346],[53.85071693627665,29.29374562632653],[53.85193231045717,29.29478566876279],[53.8624731181563,29.30647839730696],[53.86338086511115,29.30785130486376],[53.86748621951705,29.30609956531044],[53.87139232361009,29.30309509224613],[53.87340247104883,29.30177995480759],[53.878208629449,29.29903692812621],[53.88612539238191,29.29659065009485],[53.90190198023479,29.29759424836505],[53.90953875792513,29.30018353099394],[53.91310233493998,29.2999525545224],[53.92200202174601,29.29904954005336],[53.92693978585963,29.2981456229139],[53.9286820950067,29.29745721644653],[53.93741454155833,29.29570531475526],[53.94111843163483,29.29284532915094],[53.94889120085126,29.28340106210172],[53.95076792595577,29.27674258620746],[53.96002310750873,29.26552647170807],[53.96358333376355,29.2646197356595],[53.96612382187964,29.26252398537935],[53.97588164261661,29.25764102140138],[53.97713000035723,29.26032000098187],[53.98328000076287,29.25730000049128],[53.9881226078949,29.25591357041107],[53.98866999994751,29.25575000082536],[53.98959000047375,29.25551000060911],[53.99303999979873,29.2556200003549],[54.00553000015496,29.25504000090907],[54.00939000062999,29.25437000048808],[54.01252000025678,29.25326000054928],[54.0186399997143,29.25204000033395],[54.02273000019895,29.25164000046375],[54.02699000022391,29.25053000029963],[54.02683000049704,29.248590000599],[54.03411000059095,29.24660000031176],[54.03605000032859,29.2457600007155],[54.04488999976463,29.24336000058239],[54.04627000025635,29.24319000054913],[54.05113000032457,29.2432500008907],[54.05579999976246,29.24270000038831],[54.06025999975655,29.24154000032991],[54.06292999998146,29.24114000085705],[54.06777000037206,29.23979000055503],[54.07003999995265,29.2388000007828],[54.07824000025439,29.23719000050352],[54.08237000022204,29.23584000066215],[54.08596000035854,29.23442000071987],[54.09013000018329,29.23223000075647],[54.09734000070519,29.22950000058722],[54.10110000016589,29.22785000100729],[54.10260000065276,29.22670000053832],[54.10735999997899,29.22508000018421],[54.11155000066459,29.22336000089041],[54.11446999977777,29.22378000052022],[54.11521000008788,29.22327000100909],[54.12197000011321,29.22543000059139],[54.1273900001414,29.2260900005157],[54.13549000056408,29.22630000053251],[54.14412000036501,29.22886000041986],[54.15227000012455,29.23064000033655],[54.1602500006337,29.22869000053844],[54.16478000008191,29.22758000042763],[54.17436000006947,29.22625000070402],[54.1770000000576,29.22891000082857],[54.1831300004846,29.23039000054967],[54.18251000080085,29.23591000051723],[54.18254000032987,29.23791000067991],[54.18205000016749,29.2400100005106],[54.18201000051715,29.24400000039273],[54.18227000034355,29.24789000042093],[54.18453000000255,29.25138000064301],[54.18491000081541,29.26096000093319],[54.18461000083239,29.26508000087214],[54.18624000073644,29.27064000071249],[54.18560000060738,29.27355000098337],[54.18424000077769,29.27792000017129],[54.18480000024358,29.28414000104014],[54.1847300003752,29.28565000080714],[54.18557000006808,29.28910000041637],[54.18547000042447,29.29253000087668],[54.18355000059817,29.29521000035595],[54.16459000027873,29.30917000046044],[54.1530099999184,29.32137000053223],[54.14887000006495,29.33270000075428],[54.14913999992365,29.33815000064816],[54.14507000072324,29.33930000024763],[54.14184999988465,29.34073000075731],[54.12765999992771,29.34977000055274],[54.12326000073309,29.35478000076674],[54.12077000013426,29.36116000050612],[54.11741000020111,29.36907000035298],[54.11599999993198,29.37467000036599],[54.11538000063325,29.37873000025357],[54.11573000065817,29.38510000048606],[54.11364583908212,29.39493681262253],[54.11300895201305,29.39790374791338],[54.11193247876034,29.40434100207396],[54.11265188650508,29.40675449055379],[54.11280486621532,29.40726769423495],[54.11032277402995,29.41516651878521],[54.10959425648689,29.41930954727941],[54.10552552482911,29.42980383130108],[54.10382848656855,29.43474921633773],[54.09877028362658,29.4427692650641],[54.09075889732183,29.44008482509351],[54.07291591715732,29.44134189796439],[54.06539059680662,29.44488351260184],[54.06060128282775,29.45030146706974],[54.05015588043254,29.45375660672457],[54.0438596604687,29.45387631158256],[54.03774075386566,29.45082893077599],[54.03521581121111,29.44844270507756],[54.0306897866557,29.4480037969738],[54.02926000050735,29.44842000095445],[54.02756000065867,29.45074000073227],[54.02491999997866,29.45169000026972],[54.02188000038291,29.45438000101393],[54.01677000027824,29.45491000075581],[54.01082000054544,29.45468000096608],[54.00725000040042,29.45427000100078],[54.00734000021802,29.45327000035134],[54.00539000023257,29.45196000038399],[54.00429000018991,29.44965000055083],[54.00296000051787,29.4486600009163],[54.00229999976173,29.44740000070664],[53.99998999995159,29.44631000061142],[53.99876000003009,29.44676000062283],[53.99761000027328,29.44635000049643],[53.99465999999354,29.44750000080882],[53.99429000003797,29.4453800008385],[53.99283000010885,29.444020000606],[53.99180000049041,29.44033000065449],[53.99156000043887,29.43829000084856],[53.99258000037833,29.43547000072046],[53.98919000026543,29.43642000050511],[53.98705000058848,29.43825000022198],[53.98505000023626,29.43711000047549],[53.9830300003389,29.43291000097931],[53.97831999986545,29.4282300005628],[53.97437000061579,29.42588000048152],[53.96619000030432,29.42189000041611],[53.9609400005274,29.42248000017296],[53.95384000060555,29.41956000040672],[53.95114000036187,29.41883000078249],[53.94969999977984,29.41748000080672],[53.94955999995841,29.4151400002453],[53.94813000012117,29.41117000057637],[53.9489400004913,29.40973000047277],[53.9492500001847,29.4076400005947],[53.94920999971223,29.40287000083828],[53.95040000000375,29.39549000068532],[53.94999000021208,29.39038000092293],[53.95233999996827,29.38651000078007],[53.95148000031587,29.38444000052306],[53.94808000059964,29.38347000093373],[53.9442100002157,29.3832000009693],[53.9386499999632,29.38027000095007],[53.93225000017924,29.37938000074723],[53.93302000032525,29.37239000089998],[53.93160000056812,29.37055000071548],[53.93633000002089,29.35921000051702],[53.94661000061887,29.34625000091467],[53.94783000005442,29.34030000035708],[53.95247000056385,29.3404900008593],[53.95702000019054,29.33522000074343],[53.95658000057902,29.33384000044645],[53.95499999976289,29.33216000021715],[53.95685000056898,29.32948000067353],[53.96077000012028,29.32765000106595],[53.9634799996461,29.32835000051714],[53.96482000066386,29.32321000103693],[53.97873000018031,29.3138400004603],[53.97959999999862,29.31243000040745],[53.987629999657,29.30842000067239],[53.98664999974939,29.30566000101248],[53.97919999992596,29.31008000061438],[53.9674300004922,29.31256000053464],[53.95579000034756,29.31997000041732],[53.95305999986908,29.32869000031],[53.93619000039811,29.32738000022303],[53.92897999965118,29.32652000024657],[53.92708999994687,29.32809000023443],[53.92393000058718,29.3314200007272],[53.92613999963687,29.33577000069822],[53.92517000026647,29.33921000036376],[53.92681000050016,29.34580000102511],[53.92466999991099,29.35248000046931],[53.92642000052687,29.35908000068005],[53.92731999973905,29.36332000021754],[53.9253499996912,29.36915000096077],[53.91995999985976,29.37342000063525],[53.91866000026727,29.37985000072911],[53.91601000009975,29.38246000106254],[53.91327000053263,29.38882000061192],[53.91911000047224,29.388860001053],[53.92392000020408,29.38723000062462],[53.92669000025074,29.38904000096101],[53.92503000058038,29.39214000045778],[53.92667000051668,29.39375000104529],[53.92803999986577,29.40212000075589],[53.92609999994863,29.4076900010789],[53.92097999978569,29.40846000019504],[53.91980999976749,29.41028000093598],[53.91691000008304,29.41267000098913],[53.91564000048861,29.41450000041542],[53.91061000001414,29.41692000067346],[53.90900000006982,29.41976000076375],[53.90717999959734,29.4219800004913],[53.90543000051001,29.4253500008136],[53.9048400002591,29.43034000065147],[53.90358000035004,29.43369000069444],[53.90249000042173,29.43538000092889],[53.89930999984063,29.4373200003059],[53.89797999962345,29.44062000074747],[53.89999999994392,29.44403000090364],[53.90053000006548,29.44659000031185],[53.89835000023583,29.44866000062375],[53.89543000033537,29.4509700009915],[53.8931799997496,29.45229000071306],[53.8912600004451,29.4543300009823],[53.88758000052346,29.45669000031554],[53.88657999994986,29.45953000099963],[53.85570999984954,29.46220000021589],[53.85186000023246,29.46508000043975],[53.84711000023054,29.4693300008099],[53.84588000010865,29.47104000069798],[53.8431100000459,29.47098000035206],[53.84081000016221,29.47201000028276],[53.84116999998145,29.473530000948],[53.83877000007056,29.47311000050929],[53.83361999994219,29.47480000034713],[53.83181999959523,29.47609000027326],[53.82913999978717,29.47634000024935],[53.82697999988085,29.47789000094333],[53.82458999987291,29.47832000061254],[53.82215999961939,29.47967000026476],[53.82115999970048,29.48239000031612],[53.81891000027797,29.48372000105003],[53.81682999979505,29.48617000090843],[53.81500000014816,29.48649000106832],[53.81197999996466,29.48632000066726],[53.81089999984512,29.48671000061897],[53.80943000010765,29.49030000087529],[53.80868999965361,29.49281000057611],[53.8084999995554,29.49495000036297],[53.80782999990566,29.49697000072566],[53.80662000032642,29.49860000036653],[53.80570999966307,29.5038400007943],[53.80433000007227,29.50743000025869],[53.79944999987286,29.50516000050457],[53.79852999995198,29.50369000039139],[53.79703000021834,29.50314000098505],[53.79571000000168,29.50729000064775],[53.79414999986857,29.5101700009922],[53.79226000007797,29.5126500004162],[53.78950000030766,29.51476000029315],[53.78433000027695,29.51965000033644],[53.7806299999984,29.52053000038477],[53.77615999953203,29.52113000060677],[53.77424999956126,29.52455000019866],[53.77249999954569,29.52861000021378],[53.77158000021344,29.53298000106158],[53.77033999982878,29.53803000057556],[53.77006999975899,29.54095000057481],[53.76855000046308,29.544300000807],[53.76621000039557,29.54784000096075],[53.76139000006867,29.55069000066528],[53.7590900002735,29.55396000050179],[53.75724000047427,29.55702000079359],[53.75543000022525,29.55902000092714],[53.75271999971775,29.56699000063271],[53.75231000040579,29.5705600004387],[53.75166999977407,29.57171000067962],[53.74674000023619,29.57814000025993],[53.74657000038554,29.58223000043722],[53.74698000042115,29.58571000079635],[53.74818000038272,29.58868000077216],[53.7478799995101,29.58994000064387],[53.74537000029336,29.59034000086288],[53.74048000031647,29.58935000029671],[53.73754999977319,29.58853000057041],[53.7328299995843,29.58650000080251],[53.72996000018092,29.58455000083313],[53.72715000047179,29.58337000029977],[53.7249700001689,29.5831000010618],[53.71495999953089,29.58022000080873],[53.71004000043647,29.57904000093014],[53.7067100004767,29.57919000085709],[53.72055000006493,29.59624000034995],[53.72263000039192,29.60128000085079],[53.72339000045328,29.60578000051507],[53.72079999973025,29.61012000020834],[53.71943999952353,29.61558000076699],[53.71775999954573,29.61759000022877],[53.7119099996337,29.61893000056016],[53.70972000010085,29.61930000091225],[53.70824000019696,29.62014000062289],[53.70472999984381,29.62132000052143],[53.69358000024897,29.6246000004648],[53.68306000003641,29.6280400002556],[53.68112999965104,29.62820000088325],[53.67932000015599,29.62937000062854],[53.67532000001884,29.63126000035886],[53.67111999965578,29.62875000082859],[53.66654000015207,29.62643000076599],[53.66308000026861,29.6268300003155],[53.65826999953369,29.62704000043798],[53.65722999946237,29.62570000073166],[53.65457999992027,29.62363000078378],[53.64990999981644,29.61893000096441],[53.64682999948059,29.61547000048258],[53.64503000025695,29.61449000102941],[53.63966999969659,29.61434000091188],[53.63661000044016,29.61453000063231],[53.63231999954356,29.61448000072437],[53.62812000013258,29.6147600002049],[53.62368999978051,29.61534000081826],[53.61861000010825,29.61558000064229],[53.6147499998015,29.61608000033786],[53.61132000039628,29.61586000023049],[53.60994000009691,29.61663000076373],[53.60823999971659,29.61679000037392],[53.60429999951161,29.61784000029137],[53.59880999977216,29.61828000101286],[53.5951199996127,29.61906000076057],[53.59347999987866,29.61903000036804],[53.5905999998714,29.62089000061905],[53.58820000034329,29.62199000042014],[53.58577999942034,29.62348000092501],[53.58435000018549,29.62358000050239],[53.57845999978778,29.62609000053676],[53.5766400004074,29.62789000093837],[53.57410000021263,29.62933000097792],[53.57190999990679,29.62886000023057],[53.56755000011366,29.6306700004971],[53.5660200002277,29.63054000081593],[53.56146999942972,29.63179000092361],[53.55919000024956,29.63147000024628],[53.55690000034684,29.63153000089385],[53.55595999966465,29.63073000049301],[53.55406000020874,29.62773000100184],[53.5532699994493,29.62428000044645],[53.55344999972974,29.62263000086102],[53.5507899996533,29.61707000110286],[53.5507400001772,29.6153400010466],[53.55168000031441,29.61247000079082],[53.55019999958567,29.61199000068123],[53.54953999937883,29.60970000040769],[53.54934000006442,29.60575000047023],[53.54965999940028,29.60357000048988],[53.55188000012352,29.59953000108725],[53.5540599996418,29.59647000050579],[53.55676000035029,29.59348000087177],[53.55715000023928,29.59200000025571],[53.56047000005955,29.59089000071042],[53.56071999963059,29.58927000064631],[53.56156999967262,29.58795000046711],[53.56230000039248,29.5857500006556],[53.56152999966834,29.58359000029418],[53.56159999951905,29.58071000042978],[53.55960000021293,29.57997000027304],[53.55776000007191,29.58199000043512],[53.55587999960019,29.58213000020251],[53.55442000015919,29.58136000031935],[53.55308999963528,29.57367000038558],[53.549519999812,29.56736000078108],[53.54531000025517,29.56310000020794],[53.5412999994534,29.56747000073883],[53.54061999961564,29.56795000036491],[53.53678999986654,29.56733000093556],[53.53323000002758,29.56498000019592],[53.53123000025446,29.56412000105478],[53.52860999963703,29.56343000074629],[53.52389999979424,29.56289000095195],[53.52113999994577,29.56299000059435],[53.51368999972246,29.56237000026025],[53.51050999992935,29.56244000047997],[53.50727999971305,29.56293000060537],[53.50321999977162,29.56260000072113],[53.49622999973042,29.56295000025141],[53.49181999950457,29.56230000056263],[53.48958000011748,29.56167000058182],[53.48621999963235,29.5617400010182],[53.48433000004724,29.56254000089615],[53.47732000007127,29.5661500004779],[53.47273000010102,29.56881000093579],[53.46986000028934,29.57069000105437],[53.46477999966213,29.57333000024001],[53.46329999958362,29.57447000046431],[53.46006999966761,29.57589000049739],[53.45548000005656,29.57925000053242],[53.45336999988839,29.58031000077316],[53.45052000016614,29.58541000033141],[53.44881000013811,29.58756000080588],[53.44689999938031,29.58881000064748],[53.44211000008134,29.59014000071858],[53.43891999987259,29.59202000095707],[53.43883999969165,29.59549000028145],[53.44074999966715,29.60484000093048],[53.44520999999218,29.60940000082748],[53.44607000001692,29.61864000089816],[53.44691000008215,29.62570000107525],[53.44490999953914,29.63082000104222],[53.4427800001204,29.63701000047116],[53.44184999939246,29.63902000070828],[53.44080999955447,29.64008000060229],[53.44031999997685,29.64274000063244],[53.44042999991618,29.6475600005583],[53.43842999967335,29.65423000095818],[53.43526999950826,29.65852000107702],[53.43340000033963,29.65988000026725],[53.43153000020887,29.66051000085888],[53.42930000020997,29.66448000029403],[53.43092999983996,29.66665000101105],[53.43356000021968,29.66805000023368],[53.43535999992075,29.67085000049209],[53.43548999985909,29.67199000106905],[53.43716999974085,29.67241000104841],[53.44129999973785,29.67149000058829],[53.44395999981503,29.6703000009498],[53.44735000033527,29.66962000037157],[53.45412999985492,29.67155000054442],[53.45916000013298,29.67212000108565],[53.46480999966182,29.67298000099774],[53.46622999951335,29.67407000025183],[53.46834999963446,29.67514000087304],[53.47298000014269,29.6757300003884],[53.47593999994337,29.67631000077971],[53.48370999960316,29.67535000104095],[53.48583999969546,29.67339000035679],[53.48606999957942,29.67001000105354],[53.48930999944645,29.66512000082112],[53.48944999937034,29.6618900006087],[53.49113000029364,29.65969000085612],[53.50037999985653,29.65677000104738],[53.50187999962431,29.6602400005979],[53.50426999947677,29.66057000027825],[53.50906999980777,29.66190000070379],[53.51372999996498,29.661720000587],[53.51427000002181,29.66324000092242],[53.51804999955095,29.66524000046835],[53.52175999998409,29.66640000056739],[53.52491999987245,29.66700000056881],[53.52883000018731,29.66721000026338],[53.53466999963621,29.66662000063663],[53.54380999955387,29.66641000095835],[53.55243999991073,29.66658000067771],[53.55722999951081,29.66288000031617],[53.55897000018333,29.66303000075722],[53.55927999995458,29.66672000037378],[53.5658700004042,29.67435000105842],[53.56604999943524,29.67719000076688],[53.56546999995447,29.68014000101214],[53.56681000024651,29.68153000034209],[53.57121999967138,29.68021000062651],[53.57463999969863,29.67816000099075],[53.57746999968052,29.678770000643],[53.57796000009589,29.68093000097952],[53.57782999987138,29.68435000099958],[53.57865999981498,29.68708000086093],[53.57827999997855,29.68917000082124],[53.58064000042813,29.68808000066749],[53.58317000019883,29.68954000045165],[53.58516999956638,29.69149000043421],[53.58777000026242,29.69561000057091],[53.58988999977902,29.697930000541],[53.59356000032623,29.70155000069509],[53.59524999942864,29.70398000064731],[53.59737000037575,29.70631000092791],[53.59787999980905,29.7091400004164],[53.59735000008184,29.71398000079738],[53.59653999997079,29.71740000039972],[53.59662999999523,29.72097000079361],[53.59747999962725,29.7234400009758],[53.59743000013643,29.72552000035758],[53.59574000040178,29.7273600009741],[53.5983300000993,29.72664000096257],[53.60308999999178,29.72626000040305],[53.60811000020267,29.72323000060962],[53.6117499997732,29.72145000069422],[53.61612999964419,29.72307000053333],[53.61964999964465,29.72508000059578],[53.62106999972186,29.72534000032795],[53.62356000004855,29.72510000085516],[53.62586999969874,29.72629000089954],[53.62923999975209,29.72679000049921],[53.632520000388,29.7276700006931],[53.63760999951361,29.72728000096492],[53.64007999967892,29.72648000067808],[53.64079000042879,29.72448000101771],[53.63977999972656,29.72336000103749],[53.64482000004024,29.72089000097732],[53.65032999953758,29.72040000043901],[53.650439999635,29.72428000043895],[53.65139999994753,29.72379000089958],[53.65370000034224,29.72460000097331],[53.65543000022006,29.72437000044462],[53.65625000037672,29.72276000077537],[53.65841999956963,29.72280000058674],[53.65966999982803,29.72467000077166],[53.66497000018602,29.72409000024818],[53.67077999971782,29.72324000084005],[53.66943000022489,29.72059000068451],[53.66948999952113,29.7189100004769],[53.67075000024111,29.71715000028746],[53.67360999978729,29.71648000110263],[53.67630999954707,29.71439000054143],[53.68087999982284,29.71334000065215],[53.68502999993863,29.71194000028767],[53.68341000013483,29.71097000070149],[53.67931999958889,29.70912000039276],[53.67762999959141,29.7067000008173],[53.6786800000068,29.70535000038253],[53.68206999961944,29.70235000026217],[53.68610999967551,29.69942000053527],[53.68792000010258,29.69834000100187],[53.68998000014708,29.69839000050414],[53.69050000041634,29.69744000030413],[53.69530000040854,29.69838000098609],[53.70015999997833,29.69781000069558],[53.7031799998899,29.69805000075797],[53.70556999969317,29.69742000066694],[53.70587000048183,29.69628000065988],[53.70139999995746,29.69561000107894],[53.69879000008725,29.69500000079032],[53.6957400002922,29.69335000067287],[53.69331000002687,29.69284000100602],[53.69111000048563,29.69175000086195],[53.69061000021622,29.6883800006456],[53.69311999965958,29.68618000076232],[53.69460000002834,29.6842900010972],[53.69639999952118,29.68284000065182],[53.70108999995002,29.67981000033256],[53.70402999950079,29.68031000107668],[53.70813000001426,29.68364000027866],[53.71054999987781,29.68482000081746],[53.71492000025189,29.68596000075112],[53.7167700000962,29.68781000045271],[53.71770999991328,29.69319000089822],[53.71602999975531,29.69531000034305],[53.72350999976907,29.69497000039857],[53.72889999967916,29.69391000074546],[53.73020999995981,29.69038000038427],[53.72595999990486,29.68952000077791],[53.72528000016084,29.68849000058427],[53.72532999964937,29.68612000052972],[53.7290599996786,29.68368000083059],[53.73179999967433,29.6847600011034],[53.73478000032582,29.68669000072522],[53.73670000000794,29.6857000004867],[53.73839999995743,29.68434000065529],[53.74145999984859,29.68125000048338],[53.74317999989353,29.68093000071085],[53.74334000027484,29.68261000080142],[53.74453000025677,29.68260000058413],[53.75076999960984,29.67670000034251],[53.75188999960334,29.67403000038762],[53.75337000018875,29.67295000102533],[53.7547100001721,29.67435000052238],[53.75711000027756,29.67297000048244],[53.7568799996796,29.67033000087975],[53.75967000017136,29.66913000083154],[53.76194000047647,29.66889000105486],[53.76599999998117,29.66673000054863],[53.77145000036682,29.66519000074319],[53.77433000025712,29.66636000032167],[53.77617000035719,29.67011000034712],[53.77806000011152,29.66799000094038],[53.78477999954238,29.66406000083029],[53.78536000007964,29.66140000100123],[53.78357999954005,29.65964000100159],[53.78589999971894,29.65732000037377],[53.78755000021229,29.65425000053611],[53.78868000002161,29.64759000076117],[53.78894000052147,29.64481000063562],[53.79043999991782,29.64243000054974],[53.79114999993399,29.64061000082207],[53.79317000036653,29.63807000046774],[53.79385999998677,29.63472000064862],[53.79451999997318,29.63288000032522],[53.79954000025439,29.62541000107694],[53.81215999960132,29.62674000036387],[53.8151799997038,29.62842000092601],[53.82178000028247,29.62806000029114],[53.82347000029864,29.62837000081017],[53.82748743104871,29.62997803418062],[53.83102916838647,29.6301225447566],[53.83604523204772,29.62930896310458],[53.83805169053686,29.62793886739322],[53.84171941671177,29.62631971505683],[53.84476431542301,29.62870716075306],[53.8466058929835,29.63056601497033],[53.84922218449432,29.63178098996326],[53.85206487042095,29.63234862443686],[53.85457076462736,29.63220318633298],[53.86000215320475,29.63016112007493],[53.86748383849484,29.62998558769008],[53.87252635157135,29.62892532534003],[53.87874217216941,29.6295276464212],[53.88704522290971,29.62838527239281],[53.89220315611199,29.63053736191578],[53.8948342687741,29.63384413110789],[53.89702903448634,29.64339945188311],[53.89702925775623,29.64558637188722],[53.89703008644867,29.65336667128764],[53.89093907206827,29.66315591188195],[53.88381710500336,29.66951596318178],[53.87370345349606,29.67301442257342],[53.87059455677355,29.67487189713399],[53.86880153446987,29.67690542668789],[53.86786657248977,29.67939238228653],[53.86678862973021,29.68092473399153],[53.8642829079456,29.68365625164253],[53.86002975617704,29.68627610590949],[53.85866953281222,29.68690741213235],[53.85604342143193,29.68749369185754],[53.85108766518869,29.68936227803383],[53.84922994002579,29.68905355178541],[53.84736000001239,29.6874400008303],[53.84209000029549,29.68978000104256],[53.83774000005413,29.69207000093247],[53.82776999972441,29.70005000072279],[53.81745999964116,29.7088800009098],[53.81411000020954,29.71490000020662],[53.80371999979943,29.72766000068912],[53.80314000049472,29.7282800006822],[53.79961000001245,29.7292700010198],[53.79636999992212,29.73096000083406],[53.78980000009726,29.73355000098362],[53.78604000013955,29.73587000095935],[53.77916000031126,29.73918000065275],[53.77631000024035,29.74076000059722],[53.77384000036019,29.74274000067981],[53.77233999972363,29.74450000052939],[53.76671000004259,29.75181000029959],[53.7663659110309,29.75225073975665]]]},"properties":{"Name":"پارک ملي بختگان","description":"<html xmlns:fo=\"http://www.w3.org/1999/XSL/Format\" xmlns:msxsl=\"urn:schemas-microsoft-com:xslt\">\n\n<head>\n\n<META http-equiv=\"Content-Type\" content=\"text/html\">\n\n<meta http-equiv=\"content-type\" content=\"text/html; charset=UTF-8\">\n\n</head>\n\n<body style=\"margin:0px 0px 0px 0px;overflow:auto;background:#FFFFFF;\">\n\n<table style=\"font-family:Arial,Verdana,Times;font-size:12px;text-align:left;width:100%;border-collapse:collapse;padding:3px 3px 3px 3px\">\n\n<tr style=\"text-align:center;font-weight:bold;background:#9CBCE2\">\n\n<td>پارک ملي بختگان</td>\n\n</tr>\n\n<tr>\n\n<td>\n\n<table style=\"font-family:Arial,Verdana,Times;font-size:12px;text-align:left;width:100%;border-spacing:0px; padding:3px 3px 3px 3px\">\n\n<tr>\n\n<td>FID</td>\n\n<td>11</td>\n\n</tr>\n\n<tr bgcolor=\"#D4E4F3\">\n\n<td>OBJECTID_1</td>\n\n<td>12</td>\n\n</tr>\n\n<tr>\n\n<td>cod</td>\n\n<td>2</td>\n\n</tr>\n\n<tr bgcolor=\"#D4E4F3\">\n\n<td>tafkik_id</td>\n\n<td>1</td>\n\n</tr>\n\n<tr>\n\n<td>tafkik_nam</td>\n\n<td>پارک ملي</td>\n\n</tr>\n\n<tr bgcolor=\"#D4E4F3\">\n\n<td>shahrestan</td>\n\n<td>آباده طشک- ني ريز- استهبان-خ</td>\n\n</tr>\n\n<tr>\n\n<td>NAME1</td>\n\n<td>پارک ملي بختگان</td>\n\n</tr>\n\n<tr bgcolor=\"#D4E4F3\">\n\n<td>sal_mosava</td>\n\n<td>1374</td>\n\n</tr>\n\n<tr>\n\n<td>AREA_ha</td>\n\n<td>183548</td>\n\n</tr>\n\n<tr bgcolor=\"#D4E4F3\">\n\n<td>F_AREA</td>\n\n<td>1835488500.24</td>\n\n</tr>\n\n<tr>\n\n<td>Shape_Leng</td>\n\n<td>456662.005637</td>\n\n</tr>\n\n</table>\n\n</td>\n\n</tr>\n\n</table>\n\n</body>\n\n</html>\n\n","timestamp":null,"begin":null,"end":null,"altitudeMode":"clampToGround","tessellate":-1,"extrude":0,"visibility":-1,"drawOrder":null,"icon":null,"snippet":""}},
{"type":"Feature","geometry":{"type":"Polygon","coordinates":[[[52.04517579074863,30.42703731070546],[52.0433830133141,30.42722889188933],[52.03793986473278,30.42338467120596],[52.03639292570631,30.42259691839389],[52.03443820841695,30.42227509375183],[52.03330546429331,30.42324631278105],[52.03025280107425,30.42390103120563],[52.02805883241395,30.4239183275745],[52.02458467504169,30.42350343070882],[52.01905448101064,30.42655374936709],[52.01615481596192,30.42741655348807],[52.01326149704424,30.42889833960397],[52.01393763324845,30.4301312790881],[52.00804271129036,30.43252065562069],[52.00646994486079,30.43341721372634],[52.00307958878124,30.43622924324136],[51.99858947544565,30.43931493163436],[51.99507234813098,30.44576712182918],[51.99102994128959,30.44978662767053],[51.99073311464348,30.45071752406893],[51.9859409652491,30.45128447684775],[51.98309893344626,30.4529067266401],[51.98103293887206,30.45557554361187],[51.98023312311507,30.45726195750532],[51.97932367846735,30.45819743122403],[51.97560912632372,30.45937501182934],[51.97222762867313,30.45811784275045],[51.96795152774463,30.45929939018051],[51.96612318106973,30.46024158749967],[51.9634491570106,30.46239724650199],[51.96086285939835,30.46414094915744],[51.95429017472232,30.4654273926304],[51.95192043714655,30.4652627021122],[51.95165924732903,30.46524576534801],[51.950910361128,30.4656399144123],[51.95088896499149,30.46564394140973],[51.95151729531876,30.4645320514653],[51.95159662588534,30.46448863255346],[51.95381051534105,30.46335250285565],[51.95441614840109,30.4626405334396],[51.95342521349531,30.46048093919405],[51.95200271069798,30.46021955939718],[51.95016352533194,30.46036628292066],[51.94979124643184,30.46033830270231],[51.94979105560444,30.46033828063091],[51.94968015433528,30.46032424006324],[51.94784937363631,30.45964123213369],[51.94781665556081,30.45963149541213],[51.94752082070254,30.45956036833425],[51.94281453134403,30.46155241794553],[51.94141746730986,30.46215045457295],[51.94138925533098,30.46216143478721],[51.93847983988337,30.46229165592042],[51.93810897292141,30.46239095307208],[51.93599258725347,30.46143477563679],[51.93544455659866,30.46122789595108],[51.93392391810659,30.46136238550666],[51.93272770011581,30.46197339229367],[51.93251993292438,30.462122113213],[51.93238442850355,30.46217192359301],[51.931808762682,30.46217603686677],[51.93178294570382,30.46217129901688],[51.92988201087686,30.46042092974751],[51.92905537250552,30.46012943718522],[51.92814236515395,30.45977090630639],[51.92592160733975,30.45910765555579],[51.92580236933328,30.45908974755374],[51.92559161063377,30.45916150827299],[51.9250324140692,30.45948206331156],[51.92402491389134,30.46048484822391],[51.92356437380046,30.46143193200304],[51.92201802489932,30.46228982694355],[51.92165633174297,30.46230979895319],[51.92060791280013,30.46231359629582],[51.91676827728556,30.46283790053839],[51.91610670268205,30.46305433849673],[51.91518760812399,30.46335501884501],[51.91478104064216,30.46344610419294],[51.91376124229348,30.46367456888211],[51.91229577237705,30.46527679934368],[51.91136767118316,30.46537746347644],[51.908366233344,30.46651146886274],[51.9081046020917,30.46700748032509],[51.90806534110894,30.46708191256648],[51.90787928177045,30.46720436597607],[51.907150794881,30.46741271383962],[51.9064878322765,30.46778764915754],[51.90581237687461,30.46839378098725],[51.90537618560637,30.46853213986448],[51.90317335304919,30.46805105964899],[51.9014820605264,30.46836490161622],[51.899565470942,30.46881646896513],[51.8978608525963,30.4692923653807],[51.89490293940101,30.46995385990697],[51.89347045732899,30.46993096783031],[51.89219558688432,30.47067377297656],[51.89088670535384,30.47211549741902],[51.89130891803945,30.47362941167302],[51.89072167149137,30.47641938096537],[51.89015459231371,30.47704336938238],[51.89012637663431,30.47707441575098],[51.8887957553943,30.47798027382851],[51.88672634830623,30.48029472096913],[51.88579725091987,30.47950420760095],[51.88614341096276,30.47826365273465],[51.88532176109066,30.47773857468172],[51.88390698477624,30.47372400872789],[51.8831894281827,30.47115075082768],[51.88242010014836,30.47075796304832],[51.88080892193628,30.467584896717],[51.87998262029511,30.46652915420364],[51.87990529912102,30.46360662338216],[51.87845567049463,30.46134782131773],[51.88064345332423,30.46054150269246],[51.88083569361329,30.45921355393965],[51.88435367335015,30.45874753684856],[51.88520613062393,30.45705248759715],[51.88717833609775,30.45500489365345],[51.88838526457115,30.4530067054162],[51.88912027095724,30.44963200442515],[51.89120397834086,30.44864491166329],[51.8925995834233,30.44496497050332],[51.89613966969787,30.44139854892006],[51.89546454118911,30.43920801353926],[51.90081037810624,30.43716986068418],[51.90650469294411,30.43615173028026],[51.9076930070059,30.43538706222792],[51.90859292340116,30.43404291455398],[51.90622534209729,30.43198513891392],[51.90514130575198,30.43197309241594],[51.89737393030681,30.43010962688257],[51.90119442202026,30.42368485377025],[51.90575847650477,30.41800508581436],[51.91032528171542,30.41267815348765],[51.91150335176404,30.40796311403962],[51.91105895634038,30.40396541489344],[51.91274373692286,30.39536368999281],[51.91618820718496,30.38627892389878],[51.91978539687386,30.37907572361949],[51.92540757834702,30.37079906018004],[51.92982880446964,30.36476645641916],[51.93600437562218,30.35777978684755],[51.93895222745246,30.35387550054531],[51.94609083432535,30.34841116471006],[51.94919865130021,30.34709425704356],[51.95343309065388,30.34462256240765],[51.95436816231464,30.34270465530862],[51.9556644592513,30.34128201082154],[51.95621698746764,30.33925440854631],[51.95846473952702,30.33760514484623],[51.96055529849457,30.33553189523192],[51.96065939752929,30.33704798458942],[51.95931212806848,30.33894262985733],[51.96062773043104,30.34186154026897],[51.96450745923657,30.33824065032569],[51.96566515990782,30.33816332699704],[51.9658250130011,30.33938491258266],[51.96705939176736,30.33982084326245],[51.96848375749855,30.33917438763518],[51.97182537194484,30.3410868797153],[51.97286645866763,30.3397769555784],[51.97402465672759,30.33927119257128],[51.97838942899388,30.3354856774859],[51.9803213434969,30.33243170833659],[51.98542180783741,30.3285394026954],[51.98747559272279,30.3272420161156],[51.99084708920712,30.32670938557981],[52.00108463750048,30.32164350453931],[52.00563731825882,30.32084262857904],[52.00916083244569,30.31773616041596],[52.01594947117162,30.31376157090422],[52.02012367374061,30.30971218664498],[52.02145708309143,30.30744233695885],[52.02197576920745,30.304947521045],[52.02342347715107,30.30187229794487],[52.02597570672532,30.29371932985473],[52.03000225299051,30.28883377399081],[52.03500017958604,30.28796116097859],[52.04000169330291,30.28650947082467],[52.04349741836524,30.28577833236986],[52.06266257249361,30.29255192686423],[52.06085540967898,30.29509164252479],[52.05518156208342,30.29823302799608],[52.05178113368868,30.29954283003142],[52.05051473535963,30.30026054914348],[52.04939588657896,30.30169913832577],[52.04639924932816,30.30438006886151],[52.04732650898742,30.30586856963268],[52.04911769887749,30.3116070371674],[52.04924563221902,30.31445353662923],[52.04620480529697,30.3191224316165],[52.04166435740149,30.32727613318694],[52.03953926676463,30.32985164869661],[52.03876917180369,30.33241637452615],[52.04047479842981,30.33416311275792],[52.04046468237836,30.34267859145273],[52.0407173193144,30.35691587121023],[52.04230824660418,30.3578760644175],[52.04211976378038,30.35933687184176],[52.04080856934277,30.36071818030523],[52.0356403877559,30.36386799408888],[52.03372411477397,30.36591734692977],[52.04023597480957,30.37406872339005],[52.04088836648228,30.37787982028525],[52.04059408719155,30.37898769428357],[52.04195195954538,30.38198391398724],[52.04339218872429,30.38312217045789],[52.04776271203651,30.38162789555149],[52.0497347066225,30.38002010509949],[52.05183027611353,30.37566957951084],[52.05212205124953,30.37434059565148],[52.05593741816846,30.36869373290101],[52.0570201718693,30.3697905091626],[52.0581153301403,30.37203692422793],[52.05922599514155,30.37647142202806],[52.06073207396831,30.38103083828409],[52.06508618114182,30.39499692659803],[52.06533685396113,30.3974385854423],[52.06411241640541,30.39822588799956],[52.05722842744722,30.40431089162067],[52.05460493708237,30.40531347205179],[52.05517530238131,30.406231932969],[52.05390454415959,30.40794258511572],[52.05326866461944,30.41136306887656],[52.05259870168931,30.41161138388249],[52.05183643557439,30.41370657643134],[52.05201864960397,30.41501683626117],[52.0502941194239,30.41624528338502],[52.04828940723194,30.41958443993314],[52.04607582051908,30.42227423489228],[52.0449728652323,30.42398345599922],[52.04543166358884,30.42495143290149],[52.04517579074863,30.42703731070546]]]},"properties":{"Name":"منطقه حفاظت شده برم فیروز","description":"<html xmlns:fo=\"http://www.w3.org/1999/XSL/Format\" xmlns:msxsl=\"urn:schemas-microsoft-com:xslt\">\n\n<head>\n\n<META http-equiv=\"Content-Type\" content=\"text/html\">\n\n<meta http-equiv=\"content-type\" content=\"text/html; charset=UTF-8\">\n\n</head>\n\n<body style=\"margin:0px 0px 0px 0px;overflow:auto;background:#FFFFFF;\">\n\n<table style=\"font-family:Arial,Verdana,Times;font-size:12px;text-align:left;width:100%;border-collapse:collapse;padding:3px 3px 3px 3px\">\n\n<tr style=\"text-align:center;font-weight:bold;background:#9CBCE2\">\n\n<td>منطقه حفاظت شده برم فیروز</td>\n\n</tr>\n\n<tr>\n\n<td>\n\n<table style=\"font-family:Arial,Verdana,Times;font-size:12px;text-align:left;width:100%;border-spacing:0px; padding:3px 3px 3px 3px\">\n\n<tr>\n\n<td>FID</td>\n\n<td>12</td>\n\n</tr>\n\n<tr bgcolor=\"#D4E4F3\">\n\n<td>OBJECTID_1</td>\n\n<td>13</td>\n\n</tr>\n\n<tr>\n\n<td>cod</td>\n\n<td>13</td>\n\n</tr>\n\n<tr bgcolor=\"#D4E4F3\">\n\n<td>tafkik_id</td>\n\n<td>3</td>\n\n</tr>\n\n<tr>\n\n<td>tafkik_nam</td>\n\n<td>منطقه حفاظت شده</td>\n\n</tr>\n\n<tr bgcolor=\"#D4E4F3\">\n\n<td>shahrestan</td>\n\n<td>سپیدان- مرودشت</td>\n\n</tr>\n\n<tr>\n\n<td>NAME1</td>\n\n<td>منطقه حفاظت شده برم فیروز</td>\n\n</tr>\n\n<tr bgcolor=\"#D4E4F3\">\n\n<td>sal_mosava</td>\n\n<td>1396</td>\n\n</tr>\n\n<tr>\n\n<td>AREA_ha</td>\n\n<td>17987</td>\n\n</tr>\n\n<tr bgcolor=\"#D4E4F3\">\n\n<td>F_AREA</td>\n\n<td>179877416.788</td>\n\n</tr>\n\n<tr>\n\n<td>Shape_Leng</td>\n\n<td>78204.156444</td>\n\n</tr>\n\n</table>\n\n</td>\n\n</tr>\n\n</table>\n\n</body>\n\n</html>\n\n","timestamp":null,"begin":null,"end":null,"altitudeMode":"clampToGround","tessellate":-1,"extrude":0,"visibility":-1,"drawOrder":null,"icon":null,"snippet":""}},
{"type":"Feature","geometry":{"type":"Polygon","coordinates":[[[52.29538717656029,29.82295630912428],[52.28410876960966,29.83460188570173],[52.27210166791821,29.84393103039085],[52.26790336816389,29.84597135944684],[52.2642641525859,29.84807496077621],[52.24620056775815,29.83360397216714],[52.24609215665781,29.83278118951165],[52.24768140019666,29.83047308815535],[52.24992947623596,29.82830016489726],[52.25049273938505,29.82670383770347],[52.25194519788162,29.82573912060499],[52.25215977104654,29.82375329573291],[52.2531685501557,29.82343050549163],[52.2533648276575,29.82189801701172],[52.25490938305904,29.82131187065964],[52.25599309628242,29.81959132711691],[52.25691465673027,29.8207479621014],[52.25791509673493,29.81616777421849],[52.26154230343813,29.81428784154505],[52.26094754918249,29.81236222905554],[52.2619217006744,29.80979417939205],[52.26427532704304,29.80899693897887],[52.26430434545621,29.8074962186022],[52.26510785841533,29.80564889172499],[52.26798591496081,29.8023472196543],[52.26749310569885,29.80179892604848],[52.27014022550697,29.80081080404067],[52.27121101534498,29.79859733264026],[52.27112554264684,29.797523344254],[52.27287437750785,29.79500913557519],[52.27534486402027,29.79361013797062],[52.2752849629308,29.79273561841281],[52.27754149798014,29.79191391908978],[52.27757632118296,29.79124484670914],[52.27621435203908,29.78987012308511],[52.27484286911994,29.79007776085779],[52.27236276961283,29.78871608353826],[52.2719116303112,29.78689988986376],[52.27349060704606,29.78597635845685],[52.27318510025306,29.78501829591822],[52.26855601903403,29.78331317257954],[52.26770472467645,29.78359824714845],[52.26629845071683,29.7850364896675],[52.24968689712851,29.77855302874314],[52.25156763506217,29.7783345592743],[52.25261909777903,29.77671503368857],[52.25163208241744,29.77614263267496],[52.25164109832953,29.77433506642107],[52.25389243108265,29.77204192839749],[52.25636537966668,29.77367726960281],[52.25729079119472,29.77388320472783],[52.25804813139045,29.77170830190677],[52.25975851039381,29.77066431588533],[52.25942905036692,29.76962073682174],[52.26139268454519,29.76865191405557],[52.26350027423305,29.7704040525566],[52.26265724062972,29.76755235050295],[52.26471656581364,29.76760514454921],[52.26558485715263,29.768737726855],[52.26709014340697,29.76853720541332],[52.26611991053882,29.76707513046381],[52.26841141012859,29.76677707284207],[52.27165456791428,29.76566686352767],[52.27040923162411,29.76491023851199],[52.26903032946381,29.7650071539747],[52.26805914394915,29.76423003450367],[52.27094487937325,29.76348947475407],[52.26991975440816,29.76282692178337],[52.27173014095396,29.76181087143674],[52.27320037904875,29.76373906346618],[52.27440119857728,29.76375473327484],[52.27389063784825,29.76192047580809],[52.27504741201529,29.76159678059322],[52.27605743462987,29.76274477574988],[52.27779123653562,29.76250826277356],[52.27878649445386,29.76150123572796],[52.28020439160797,29.76278491359528],[52.28222169386682,29.76172107828514],[52.28312980332331,29.76061394227355],[52.28326734637855,29.75909968860654],[52.28547216111665,29.75930496654456],[52.28420250099302,29.75647689281989],[52.28404143127477,29.755035859694],[52.28787424121094,29.75704711599916],[52.28953990342637,29.7584661380532],[52.2900329980824,29.75733969307443],[52.28975214927143,29.7560408324346],[52.29170015318873,29.75636799600204],[52.29266639742752,29.75571530685832],[52.29444862316183,29.75546218727137],[52.29606886988659,29.75580382619137],[52.2956187451387,29.75347803719797],[52.29805515512737,29.75545650802054],[52.29976985458575,29.75503133708765],[52.29993726032443,29.75407191842012],[52.30348695156778,29.75407725345833],[52.30660366858236,29.75320152259787],[52.30701450838663,29.75269911953111],[52.30926316180073,29.75232120419237],[52.30763717770739,29.74928812484179],[52.31018220363627,29.74795270919464],[52.31248414368535,29.74620779364722],[52.31385853662483,29.74264335607256],[52.31197736427573,29.74028935107687],[52.3096661583399,29.74000074318862],[52.30855906898281,29.73874882909163],[52.30545937113268,29.7382574574844],[52.30538181668794,29.73707990659757],[52.30682307025695,29.73601722072946],[52.30847850193827,29.73326989941652],[52.30942435606291,29.73239862546784],[52.30787102565974,29.73109144516232],[52.30536249502354,29.73059828340762],[52.3052485798184,29.72899356084091],[52.30098748087823,29.73163426398264],[52.29886742361236,29.73125841213234],[52.29695251060083,29.7291198404366],[52.30045152544771,29.72584451979694],[52.2992863976589,29.72542645969062],[52.2961470142185,29.7271475346958],[52.29581169999901,29.72577918257574],[52.29309025184427,29.72484877752975],[52.29192444974905,29.72253726708519],[52.29257176755924,29.72124832354145],[52.29706090767484,29.71728464672285],[52.30209336317066,29.71353335297191],[52.30299260942592,29.71201924106694],[52.30769015903918,29.70816059798475],[52.30983338615096,29.70532902389859],[52.31175877811137,29.70340188264627],[52.31347263023177,29.70081154895516],[52.31921185658626,29.6925978752554],[52.32183599776386,29.69222098991197],[52.32425157602233,29.69267471484632],[52.3258936165603,29.69354347747394],[52.32859563224737,29.69394917689412],[52.33026349209394,29.69294294599936],[52.33359086932916,29.69148383321417],[52.33424414143668,29.68924803447658],[52.33588258275939,29.68718126343033],[52.33868065601573,29.68740401645247],[52.34026295111254,29.68607682475434],[52.34175333386796,29.68612528746748],[52.3428423143437,29.68511411899972],[52.3421171744446,29.68410515805239],[52.34380192605835,29.68303647609315],[52.34574573754263,29.68033366083329],[52.34569769349481,29.67827478341859],[52.34743651011623,29.6778399522193],[52.34919032106977,29.67640873986086],[52.35080460525415,29.67598878358833],[52.35322932654498,29.67603350202628],[52.35392709202116,29.67540982352896],[52.35441063991722,29.67379761080135],[52.35577619050814,29.67250023315867],[52.35541762504553,29.67177953243492],[52.35616744818432,29.67066329224707],[52.35761980706606,29.66986433149],[52.36493693889987,29.6786242892867],[52.37210787144556,29.68540553003119],[52.38127082223677,29.69634214706099],[52.38862721694834,29.70795178552084],[52.38972562147003,29.71640189710977],[52.39107910637163,29.71731612569896],[52.39183572501805,29.71650736975646],[52.39394312201821,29.71546276995138],[52.39577900849963,29.71657947094148],[52.39581647143416,29.7186749230336],[52.39862702702654,29.71863160328664],[52.39732187567978,29.72075656476959],[52.39750542339692,29.72217631155855],[52.38360989512825,29.72391561771198],[52.38304838785235,29.7328055177482],[52.3857958010191,29.73244669939726],[52.38779562700661,29.73437652957631],[52.38857695318716,29.73637904907573],[52.3873631497744,29.7374567807357],[52.38817774200101,29.73944798439738],[52.38724698777754,29.74107422553379],[52.3879479603271,29.74208761188246],[52.38754284946042,29.74342063499067],[52.38494816098157,29.74550236512167],[52.38447912025438,29.74804033763875],[52.38333428302756,29.74973257493801],[52.38129410482119,29.75037249213537],[52.3784807328943,29.74790736468838],[52.37672172124047,29.7497750268372],[52.37605827336217,29.74980197971291],[52.3747819655426,29.75135315408967],[52.3740696990673,29.75339380190569],[52.37331396094782,29.75373315858385],[52.36940245087858,29.75769997021338],[52.3682779166197,29.75636176279498],[52.3679377852729,29.75518739004402],[52.36605263665917,29.75676833866268],[52.36422546895627,29.76019837276537],[52.36430978551885,29.76233770970792],[52.36368551091101,29.76433484957471],[52.36207691288505,29.76602252164192],[52.36244090164723,29.76766404127223],[52.36077574899569,29.76753234961961],[52.35945079615588,29.76607735278276],[52.35994732858241,29.76948123109417],[52.35749663370883,29.76856225860816],[52.35642597362388,29.76947465152088],[52.35543744619765,29.76945980068143],[52.35304596765408,29.7716458041932],[52.35236279471449,29.77046863825689],[52.35001128300174,29.76915976407714],[52.34930220007041,29.76964837542144],[52.34589149633373,29.76820250370702],[52.34609344216748,29.77016089060445],[52.34818501697182,29.7721988626724],[52.3465217825032,29.7738626251893],[52.34539581231891,29.77580862108246],[52.34409512105899,29.77607939302432],[52.34271262573083,29.77510286655547],[52.34222435238038,29.77644436314588],[52.33991703991091,29.7762366957394],[52.33844725745985,29.77747492812702],[52.3388032949679,29.77942319468455],[52.34065343172829,29.78041274152636],[52.34077488563946,29.7818140467536],[52.33785195787345,29.78103407202174],[52.33707758221701,29.78231799485069],[52.3371679743624,29.78394869259637],[52.33619828863651,29.78389497019493],[52.33543040458368,29.7824900294255],[52.33414660599857,29.78258463761649],[52.33273544203896,29.78129691813173],[52.33182772701034,29.78248518640506],[52.33158638119076,29.78370042583745],[52.33028882703377,29.78330696326165],[52.32889568454675,29.78377852800684],[52.32875832015316,29.78551727958094],[52.32374027125995,29.78755570752958],[52.3234552915785,29.78841753420047],[52.32080682459723,29.78860707056359],[52.32323004924918,29.79097706042314],[52.32421515377411,29.79089722698161],[52.32531307430484,29.79277638372596],[52.32446920534601,29.79406702254024],[52.32495952915486,29.79635997556451],[52.32668752299171,29.79628856240751],[52.32557705834643,29.79795819900101],[52.32478218805797,29.79826230711108],[52.32232930760306,29.80044278566589],[52.30185942704372,29.81186413661556],[52.29538717656029,29.82295630912428]]]},"properties":{"Name":"منطقه حفاظت شده تنگ سرخ و کوه قلات","description":"<html xmlns:fo=\"http://www.w3.org/1999/XSL/Format\" xmlns:msxsl=\"urn:schemas-microsoft-com:xslt\">\n\n<head>\n\n<META http-equiv=\"Content-Type\" content=\"text/html\">\n\n<meta http-equiv=\"content-type\" content=\"text/html; charset=UTF-8\">\n\n</head>\n\n<body style=\"margin:0px 0px 0px 0px;overflow:auto;background:#FFFFFF;\">\n\n<table style=\"font-family:Arial,Verdana,Times;font-size:12px;text-align:left;width:100%;border-collapse:collapse;padding:3px 3px 3px 3px\">\n\n<tr style=\"text-align:center;font-weight:bold;background:#9CBCE2\">\n\n<td>منطقه حفاظت شده تنگ سرخ و کوه قلات</td>\n\n</tr>\n\n<tr>\n\n<td>\n\n<table style=\"font-family:Arial,Verdana,Times;font-size:12px;text-align:left;width:100%;border-spacing:0px; padding:3px 3px 3px 3px\">\n\n<tr>\n\n<td>FID</td>\n\n<td>13</td>\n\n</tr>\n\n<tr bgcolor=\"#D4E4F3\">\n\n<td>OBJECTID_1</td>\n\n<td>14</td>\n\n</tr>\n\n<tr>\n\n<td>cod</td>\n\n<td>14</td>\n\n</tr>\n\n<tr bgcolor=\"#D4E4F3\">\n\n<td>tafkik_id</td>\n\n<td>3</td>\n\n</tr>\n\n<tr>\n\n<td>tafkik_nam</td>\n\n<td>منطقه حفاظت شده</td>\n\n</tr>\n\n<tr bgcolor=\"#D4E4F3\">\n\n<td>shahrestan</td>\n\n<td>شیراز</td>\n\n</tr>\n\n<tr>\n\n<td>NAME1</td>\n\n<td>منطقه حفاظت شده تنگ سرخ و کوه قلات</td>\n\n</tr>\n\n<tr bgcolor=\"#D4E4F3\">\n\n<td>sal_mosava</td>\n\n<td>1403</td>\n\n</tr>\n\n<tr>\n\n<td>AREA_ha</td>\n\n<td>11313</td>\n\n</tr>\n\n<tr bgcolor=\"#D4E4F3\">\n\n<td>F_AREA</td>\n\n<td>11313</td>\n\n</tr>\n\n<tr>\n\n<td>Shape_Leng</td>\n\n<td>83126.047691</td>\n\n</tr>\n\n</table>\n\n</td>\n\n</tr>\n\n</table>\n\n</body>\n\n</html>\n\n","timestamp":null,"begin":null,"end":null,"altitudeMode":"clampToGround","tessellate":-1,"extrude":0,"visibility":-1,"drawOrder":null,"icon":null,"snippet":""}}
]}