{"type":"FeatureCollection", "features": [
{"type":"Feature","geometry":{"type":"Polygon","coordinates":[[[52.32630577325666,30.54772411273753],[52.32344300115877,30.55245759308474],[52.3195498257799,30.55162599475294],[52.32090915225039,30.55028359726713],[52.31989180106602,30.54751797141472],[52.31537043146638,30.54489206838358],[52.31891455297853,30.53817949826783],[52.31710003348555,30.53712614084079],[52.31298555579699,30.53921961563235],[52.3083970285617,30.54024742070432],[52.30121029147411,30.53727403355754],[52.29698889902635,30.5340302355521],[52.29331319186158,30.52892740677957],[52.3010261250647,30.52086171368767],[52.30409760227619,30.51410579979923],[52.30540639772777,30.51303234578055],[52.30689364661836,30.5086223147255],[52.30620226555629,30.50582161567034],[52.31354741055272,30.4991416864503],[52.32431892399751,30.4942426368083],[52.34195956993808,30.47837445188201],[52.3602519522271,30.46039860140679],[52.37676150442128,30.44305251334323],[52.38184626270846,30.43756624279137],[52.38990673008366,30.42969978639314],[52.3928326988991,30.42436290187375],[52.39965030903865,30.4134363206353],[52.39929492248247,30.41052926564006],[52.40109140221448,30.40859652902007],[52.40362358948311,30.40859682677121],[52.40852276146497,30.40468666428298],[52.41012071835689,30.40053035915939],[52.41245576463383,30.3993469419757],[52.40850330475008,30.39665619871457],[52.40681235113068,30.3976055093414],[52.40456109244677,30.39729525810195],[52.40265831374465,30.39507647717731],[52.4009459209807,30.39524045743305],[52.3997879617243,30.39825577488054],[52.39756397676771,30.4007803183654],[52.3919568608391,30.40218358013279],[52.382621439628,30.40177779562671],[52.36905448016262,30.40325829452946],[52.3546175373378,30.40434758957734],[52.34334528061632,30.40636754365714],[52.33682814926051,30.40720000179697],[52.33123738612171,30.40870620156328],[52.32296775482332,30.40931801792681],[52.31888381819613,30.40855314291876],[52.31550086751415,30.40427768523479],[52.30944009674805,30.40271881714698],[52.30760104962194,30.4027212858917],[52.30546890443985,30.39968950166903],[52.30349760283194,30.39947495298377],[52.30336402016853,30.39750209602353],[52.30191542814519,30.39419514340571],[52.30326597228708,30.39062037554862],[52.30903484874857,30.39114961043094],[52.30948090966541,30.38828782124304],[52.31507056126683,30.38646336197861],[52.31953852498003,30.38559098335167],[52.33008432896251,30.37956019711092],[52.33207585176938,30.37546699642972],[52.33642357089794,30.37095385841829],[52.34812835754549,30.36038834102623],[52.35515735441616,30.3534627561654],[52.35738633207053,30.34691990344194],[52.36209900510443,30.33852119261645],[52.36334880187662,30.33437397734869],[52.36912499404583,30.33029474727728],[52.37356026244386,30.32499828372071],[52.3774620642601,30.32170432880668],[52.38087175735353,30.32032232863785],[52.38235269701867,30.32227900739308],[52.385630444584,30.32057634730064],[52.39377100480531,30.31867427616696],[52.39892095536775,30.31050229533246],[52.40159821571497,30.30677053687752],[52.40745587967194,30.30012888995085],[52.41741810951008,30.29590041429539],[52.41937240753885,30.29768970220751],[52.42668353073798,30.29606054393746],[52.42804664896023,30.29465711043445],[52.43023220969243,30.29533689566151],[52.43175134664422,30.29249999289917],[52.4333050740468,30.29170051578718],[52.43706950910503,30.28704915287479],[52.4409167466959,30.28322672503657],[52.44404531262018,30.28086402614384],[52.44883093601415,30.27818663310736],[52.44952232415205,30.27722464831858],[52.45601363573751,30.27636062535992],[52.45746285875198,30.27108778663267],[52.46126832520122,30.26410011143409],[52.47238174779513,30.25536594688536],[52.47474628255304,30.2543907861468],[52.47783126234334,30.25139780508789],[52.4849730134546,30.24309843263245],[52.49377990268472,30.2377661781212],[52.49626609109403,30.23733745494016],[52.49759211608004,30.23537369283211],[52.50158502592372,30.23345207468107],[52.50515063881271,30.22922507735571],[52.50914897056444,30.2273726169697],[52.51423513090114,30.2271624379105],[52.51564519853375,30.22646712940449],[52.53186576941894,30.22383410074987],[52.53450155877691,30.22259776310824],[52.53770038654198,30.21837071614646],[52.54139592293716,30.21747812112009],[52.54960161239607,30.2142402331846],[52.55151201704364,30.21433192907444],[52.55436945365376,30.21804675688209],[52.55535672904875,30.21716246830912],[52.55723777214392,30.21287292736376],[52.56106213534081,30.21125280361248],[52.56353156956016,30.20909048806151],[52.5691231613519,30.20703262640391],[52.57471022922077,30.20620129067238],[52.57761981343538,30.20886872699927],[52.58040093113986,30.20845135293217],[52.58459897170783,30.20442086596827],[52.58745272551606,30.20404316125872],[52.58865928291541,30.20647531642111],[52.59304980426018,30.20809843274593],[52.59564711185338,30.20556916464401],[52.59722933984556,30.20522741502309],[52.60212282718834,30.20669226204002],[52.6045805025237,30.20544082212768],[52.61001131147757,30.2066353107584],[52.61318410509133,30.20656930436194],[52.62481086989873,30.20429150058546],[52.62798091470778,30.20422711887474],[52.63150088898444,30.2029334447888],[52.63572284716766,30.20249232263911],[52.64228591039738,30.19872468600947],[52.64839207594766,30.19917098459544],[52.66355008102057,30.20229186815039],[52.66563302334956,30.20305503927137],[52.6691061715137,30.20278236707175],[52.66941071021944,30.20099087727704],[52.67180830829111,30.19908728068644],[52.67485839394639,30.20183171380372],[52.67479721011428,30.20512584688599],[52.67181633828707,30.21026687612575],[52.67121181576398,30.21337890228416],[52.67209434449236,30.22674001505685],[52.67127371042027,30.22915044919438],[52.66840135350319,30.23250353973428],[52.66638499280326,30.23759178704585],[52.66572685043194,30.24568646724539],[52.66756607635198,30.24783718510232],[52.66971069433994,30.24509234131266],[52.6714354675938,30.23790402116098],[52.67237503298009,30.23567928606603],[52.67433541745976,30.23449358768291],[52.67627860867286,30.23475269520244],[52.68048519021796,30.22623316393741],[52.68472216107284,30.22213301778242],[52.68733190110764,30.22030740415455],[52.69327407499602,30.21780020687624],[52.69948287753891,30.21145290834231],[52.69985317816348,30.20607892978639],[52.70164145615181,30.20242217058059],[52.70608721599587,30.20136071880847],[52.70787169533133,30.19968128612463],[52.71303761378498,30.19163471676058],[52.71549678759045,30.19033897310321],[52.72251574682979,30.18266462755751],[52.72933445835936,30.17658847334842],[52.73299807376485,30.1779189571573],[52.73424269583526,30.17509114972861],[52.74123383741519,30.16918289187544],[52.74760609034355,30.15997518797783],[52.74589318250362,30.15682893086251],[52.74373102981537,30.15521865639986],[52.73754622080575,30.15293718973307],[52.73050476975384,30.15391873009602],[52.72945283706336,30.15588606404992],[52.72716640886695,30.15729542171306],[52.72238213026733,30.15799131385349],[52.71727925845104,30.16013799290265],[52.7092310196163,30.16148661538198],[52.70768038146362,30.16101491437297],[52.70285388572363,30.16218332912592],[52.69107384749754,30.16232364936878],[52.68210786027552,30.16145193775301],[52.67280043210062,30.16501750831306],[52.66422836716914,30.16928360230049],[52.65216010629659,30.17497363844394],[52.64240815530038,30.17238703881882],[52.6369571083709,30.17007021284567],[52.63101057574875,30.16674050996461],[52.62557694533626,30.16432336164499],[52.6247957961779,30.16301356540844],[52.62880228938921,30.15889245964],[52.63226134989245,30.15593438455368],[52.64006748834333,30.15121729425983],[52.64205667382949,30.14563584756573],[52.64298830319203,30.13892797339173],[52.63979966097968,30.13406258436246],[52.64135568775755,30.12792183741577],[52.6477988938929,30.124453969719],[52.64913504420333,30.12293543472502],[52.65477829050683,30.12024874135415],[52.65772106034412,30.11992311644096],[52.66782092324597,30.11448462427963],[52.66848869938436,30.11242058983786],[52.67336014695616,30.11138934566477],[52.67852610567392,30.10878611769002],[52.68029630429545,30.1069720999287],[52.68404573944701,30.10648211363121],[52.69040143878963,30.10233633858562],[52.69348959938691,30.10140521932221],[52.69659689856064,30.0992256784083],[52.70160585400846,30.09307304843201],[52.71506591484281,30.09294581533731],[52.71903375859425,30.09120222394744],[52.73005459107622,30.08550057109982],[52.72974801634742,30.08340011936012],[52.73235124987036,30.079277697759],[52.74080747130465,30.07365636516975],[52.76151018698886,30.06778010499953],[52.76374755450939,30.0702864285659],[52.76754728151523,30.07113819557886],[52.77200041353149,30.06787269340475],[52.77563633382736,30.06932275827997],[52.78646854939841,30.06358514010871],[52.792984789996,30.06115091623704],[52.79404279347666,30.06249493593913],[52.79813281476044,30.06388968006213],[52.80267559608963,30.06669290159371],[52.80660850471251,30.06632029690724],[52.81050705236498,30.06297694270915],[52.81010756705099,30.05740115390888],[52.81799118564162,30.05227396031091],[52.82302869937772,30.05019655989214],[52.82805264160072,30.05176264763791],[52.8297483605479,30.05161062894775],[52.83246757633152,30.04955887158566],[52.83605375974903,30.04821405468407],[52.838814841734,30.04586811919368],[52.83943563449735,30.04381816569257],[52.8352348295178,30.03886658797185],[52.83159048944888,30.03656803602587],[52.8290607080914,30.03289660370095],[52.84066007616361,30.02706826331004],[52.84179147261669,30.02840315756713],[52.84509106419354,30.02879828411157],[52.85254621321478,30.0320108892803],[52.8515885032331,30.03627108511409],[52.85263504393044,30.03808804210771],[52.85629010549873,30.0351394431916],[52.85680536125767,30.03320970663509],[52.85897657340379,30.03109323466233],[52.85906652105539,30.02948499282762],[52.8705101206789,30.01806305009648],[52.87356675967089,30.01004149105047],[52.87433322946629,30.00603671424653],[52.87735752550957,30.00191857840724],[52.8820040078166,30.00099129040633],[52.89912577447143,30.00075902912493],[52.90553491682698,30.00110442511865],[52.90957251189511,30.00176796498994],[52.91496373536064,30.00196745992959],[52.92140999903042,30.00425878505439],[52.92571040791877,30.0049485599892],[52.93936116691195,30.0052651022173],[52.9419783748185,30.00629913926709],[52.9514234185984,30.00657289359378],[52.95734604986889,30.00519573029486],[52.96420092294474,30.00305787727085],[52.97014880288702,30.00174135012115],[52.97418067949528,30.00174051625525],[52.97918111669004,30.00357243602733],[52.97974676741909,30.00555357295069],[52.97405106545703,30.00776762804283],[52.96742100452828,30.00939172243632],[52.96438901487549,30.01080723637167],[52.95985359752984,30.014141933023],[52.95608888698497,30.01878039162513],[52.95526288987151,30.0212368481797],[52.95148461951321,30.02497521017734],[52.94796153049645,30.03188717307019],[52.94313048570976,30.03723040076153],[52.93993533766705,30.04173367776506],[52.93711951214762,30.04285992754674],[52.92582523262527,30.04595437923291],[52.91790166474566,30.05464230383673],[52.90962929107486,30.06894575766001],[52.90684646108458,30.0750904414227],[52.91610509078186,30.10974093094657],[52.91774218084021,30.11384116418138],[52.92064643571556,30.11655726868453],[52.9258750468732,30.11962176039289],[52.93371586131404,30.12040732993446],[52.94017027867805,30.11774419360856],[52.95130062318535,30.11870357723338],[52.97028583193389,30.12147520777958],[52.97889379396283,30.12184095480844],[52.98316061266095,30.1215745636808],[52.98959460971868,30.11832208073079],[53.0023920929363,30.11347623829384],[53.01837230480535,30.10720478567377],[53.0311567249466,30.10691775337109],[53.03774938439507,30.10742081825184],[53.05064209635559,30.11154039254326],[53.05457703879747,30.11171266230723],[53.06307957749534,30.1112004096961],[53.06552570336984,30.11263477799831],[53.06357863181337,30.11542384544647],[53.06489937947253,30.11977762469319],[53.06724397097811,30.12205880912906],[53.06859425246481,30.1247721616572],[53.07204455212543,30.12890313679428],[53.07608725029386,30.12977002943052],[53.07994423686591,30.13300043930887],[53.08154920098883,30.13360541374522],[53.08863582549073,30.13882314585971],[53.09277614948674,30.13904495103366],[53.09862361990517,30.14162439268589],[53.09674049009156,30.14533132583825],[53.09759773110954,30.14576787782509],[53.10376688732661,30.14530351684014],[53.10881047520227,30.14387903159694],[53.11582966626241,30.14637487660905],[53.11978554657294,30.14448347820407],[53.12702088071816,30.14530001044789],[53.1336743925815,30.1443634952981],[53.1387269072113,30.14922035780419],[53.14318065064312,30.15254164974583],[53.14635741324138,30.15709385971469],[53.15155041962904,30.16091202998875],[53.15244689895449,30.16310358880374],[53.15538340140669,30.16510160732992],[53.15413020038222,30.16912601263913],[53.15191812398049,30.16795432673039],[53.15135223933538,30.17085907888624],[53.15266654523014,30.17308478213106],[53.15689860972766,30.17784108425546],[53.15572386932759,30.1802413588033],[53.15385216194766,30.18651476085042],[53.14904701711847,30.19742813874552],[53.14119994400069,30.20529280024657],[53.13721501257781,30.20807375365156],[53.12601970377653,30.21803161683252],[53.12260641768052,30.22708630198622],[53.12358909534848,30.22926649963348],[53.1217121676555,30.2316060720928],[53.11711014248295,30.23525586480698],[53.10577547750155,30.23894838189727],[53.0912561557949,30.24112168167561],[53.08520160932452,30.24170927486216],[53.07810250195421,30.24448097678537],[53.07282257851854,30.24692133264944],[53.06581076677667,30.24888996412551],[53.06108299055948,30.2508895106639],[53.04312132368979,30.25469068114647],[53.03861528697119,30.25500619064372],[53.03405364368661,30.25414016777395],[53.02208711607415,30.25544507586445],[53.01755508504953,30.25708852061242],[53.00803191259383,30.25846772209848],[53.00425513988665,30.25864838002633],[52.99483022742086,30.25627281964141],[52.99041816949582,30.25634465868073],[52.9892408425018,30.25787658272075],[52.98643881413163,30.25941959281297],[52.98153032514588,30.25952520615232],[52.97863666184163,30.25857054504439],[52.97367973843525,30.25984088716613],[52.9708945830664,30.25619002211549],[52.96723348376928,30.25495933203965],[52.96660136264919,30.25403913387997],[52.96146084923025,30.25431258528022],[52.95880011468373,30.25536074091115],[52.95618094788516,30.25405356899704],[52.94959773037987,30.25207862666057],[52.94784498239368,30.2534456353198],[52.94284052813796,30.25108182885391],[52.93779743827186,30.25306997240894],[52.93365058085516,30.24910996657497],[52.92713735828488,30.24589371735198],[52.92017571090875,30.24410314057613],[52.91805661055928,30.24286952940656],[52.91203180397621,30.24337849439919],[52.90918791823822,30.24317186154836],[52.9067414220418,30.2442722046613],[52.90407162612141,30.24270218666693],[52.89999791322832,30.24548896687593],[52.89686332710162,30.24482806142604],[52.89388142286876,30.24298443578093],[52.88542077761797,30.24370403172572],[52.87747556577548,30.2459878803724],[52.87282433631602,30.24927868763118],[52.86670383390182,30.25057572443254],[52.86387288478493,30.25186642720896],[52.86248036226623,30.25419995116175],[52.86094035321295,30.25473006895741],[52.85920567524784,30.25745262660082],[52.85705766442567,30.25747470629785],[52.85449572975131,30.25917411894302],[52.85156755034659,30.25992148126552],[52.84639317086671,30.26360704879837],[52.84364047145041,30.26448308584279],[52.84187405830822,30.26612816238614],[52.83654564197598,30.26810962878146],[52.83186939755537,30.27100636988685],[52.82802397327485,30.27078230084533],[52.82548919942396,30.26904917341132],[52.81929113832516,30.27101522615057],[52.8174604939308,30.27064108614356],[52.81737013115206,30.27644403444216],[52.81151958160211,30.27644555600451],[52.80880772927961,30.2775030687843],[52.8066009662103,30.27727316169314],[52.80465736021814,30.28124988432145],[52.80485965075023,30.28313406545185],[52.80457574868074,30.29349684876722],[52.80234500328098,30.29916384378731],[52.79763394626856,30.30426035954857],[52.79288958570818,30.30627365621499],[52.79002424590956,30.30829348559022],[52.78461685664744,30.30794710956236],[52.77250823881055,30.31091762380391],[52.76840388658387,30.31246625477824],[52.7652475645158,30.3163543951631],[52.76163374243345,30.31634075264551],[52.75954751028442,30.31769642841407],[52.75563400736161,30.32174237195862],[52.752502462043,30.32562848383528],[52.74819832998699,30.32579659394999],[52.74669407266189,30.33123308212347],[52.74406634882865,30.33215426805396],[52.73996852712908,30.33195826190733],[52.73877070399116,30.33492585537105],[52.73257481260241,30.33456873583135],[52.73057369123632,30.33686592602962],[52.7287937015824,30.33740301807274],[52.72410284384013,30.33602897786552],[52.72000217685475,30.33983045884629],[52.71540764062704,30.33995653359081],[52.71250299677384,30.34137501877888],[52.71293647707577,30.34475355244531],[52.70973903200046,30.34728289576766],[52.70747766057851,30.34753521303422],[52.70558918614631,30.35165472005037],[52.70187344850353,30.3521497146243],[52.70037781605213,30.35435220392656],[52.6969611291357,30.35314914040911],[52.69618809402309,30.35680798279206],[52.69351209960568,30.35784015209377],[52.69195001643435,30.35697759719734],[52.68724651264365,30.36090368909022],[52.6842255194447,30.36166205270608],[52.6811407454756,30.36103802881072],[52.6787065698329,30.36140347353065],[52.67187395880494,30.36030088976979],[52.66573198381042,30.36392546179887],[52.6640491274723,30.36324328309382],[52.65888776613298,30.3630539711021],[52.65697298596651,30.3635007207636],[52.64407668304547,30.36871956194297],[52.62677034197041,30.3715509352806],[52.62332933318906,30.37456084776174],[52.62198795073607,30.37769431376177],[52.62149948378614,30.38453020144776],[52.62026327973054,30.39444938318978],[52.61830815216793,30.39916636411611],[52.61370202747291,30.40368144555556],[52.60447731251729,30.40280327013174],[52.60107786905364,30.40204587688046],[52.59718067120157,30.40036793140822],[52.59340526972804,30.39953334427837],[52.58694346487393,30.39949721537055],[52.58443525821995,30.39995359905227],[52.58078808901863,30.39952187398594],[52.57782802624337,30.40041939123562],[52.5618884937093,30.41208321805257],[52.5598763982329,30.4146411147503],[52.55990339768167,30.42698701470094],[52.5575571230201,30.42792787899861],[52.55721929001026,30.43115361860464],[52.54868541518058,30.43821686527123],[52.54563743020269,30.43957268003365],[52.54359610028071,30.43944559520075],[52.53726030757931,30.44436234896907],[52.53593430687887,30.44646212434737],[52.53311265122622,30.4489012798053],[52.52947469399164,30.45080346078375],[52.52657240688152,30.45401500121998],[52.52425659001769,30.45400993320601],[52.52221536449572,30.45595370640201],[52.52171853117175,30.45903552371779],[52.51855906283272,30.46198135263008],[52.50991140577381,30.46462559484235],[52.50872043556403,30.46666445785365],[52.5055894364164,30.46567922297609],[52.50096791118209,30.46771437440115],[52.49921700208527,30.47260720310822],[52.49699537907883,30.47556896815996],[52.48801436129149,30.48123216515975],[52.48111533904049,30.48441919667204],[52.47448161978478,30.48841270305902],[52.46698423443347,30.49500139867531],[52.46081217046491,30.49630292334363],[52.45611916845415,30.49687932895951],[52.45514032609366,30.49819854384289],[52.45238704556778,30.49875094719571],[52.44987049895548,30.4967433593501],[52.44604115808916,30.49874689378158],[52.44279982534683,30.50178261325734],[52.43942436551343,30.49982240381781],[52.43714699144362,30.50040928294902],[52.43539953421374,30.50288146460941],[52.43600632820152,30.50523013572568],[52.43356739102158,30.50613020459228],[52.43123739723571,30.50817789612238],[52.42828215862389,30.50842457261725],[52.42517106750033,30.50950480983504],[52.42400564942288,30.51189854493854],[52.42166057580863,30.51293932887113],[52.41981872650324,30.51521742189964],[52.41490907074429,30.51588657061591],[52.41142103849678,30.51585196778095],[52.40713669401083,30.51786382663982],[52.40138339322017,30.52135829216473],[52.39962226142626,30.52178851389197],[52.39685574965683,30.52410985171161],[52.39477530267858,30.52673577462089],[52.3917854618489,30.52887093908792],[52.3864301034807,30.53040796102461],[52.38377671038454,30.53294715002471],[52.37640729039637,30.5348784525945],[52.37481595545039,30.53463406234566],[52.37162543466359,30.53885446428523],[52.3701704070404,30.53778121484847],[52.36381553712327,30.5378573657142],[52.36121466150328,30.53858270567206],[52.35519560032572,30.53768720008601],[52.35199366757034,30.53779719655886],[52.34478876676545,30.53529379792203],[52.34370012883313,30.53228303283975],[52.34184625867291,30.52975582501298],[52.33727775461581,30.52822002196988],[52.33457245176916,30.53068915486746],[52.33252243618195,30.53090641530926],[52.33104523163186,30.53275892182612],[52.32770419274168,30.53519222605951],[52.32909751005668,30.53763813518279],[52.32800413951837,30.54340113710942],[52.32822403429476,30.54723207280561],[52.32630577325666,30.54772411273753]]]},"properties":{"Name":"منطقه شکار ممنوع کوه خرسي","description":null,"timestamp":null,"begin":null,"end":null,"altitudeMode":null,"tessellate":-1,"extrude":0,"visibility":-1,"drawOrder":null,"icon":null}},
{"type":"Feature","geometry":{"type":"Polygon","coordinates":[[[52.5768434892446,28.97010495002497],[52.57448550075502,28.97061892483145],[52.57335044123109,28.969311000855],[52.5704123294443,28.96870500168492],[52.56695942916033,28.96992299505172],[52.56189364548275,28.97035317299283],[52.55874978371715,28.96781944972599],[52.55591568635152,28.9644045544831],[52.55577407601778,28.96181720524328],[52.5533754684953,28.9542330518961],[52.54996787676599,28.94982797151623],[52.54746894624476,28.94798190698319],[52.54485962474901,28.94470939972865],[52.54424793293684,28.94156684374905],[52.54166780550469,28.93844077502617],[52.54421166390519,28.93449925601452],[52.54288170795402,28.93184733189709],[52.53992624111368,28.92985152358715],[52.5366267918932,28.92952516838513],[52.53051595462675,28.9315845164345],[52.52864843652447,28.93120840988064],[52.5321381454503,28.92736510865301],[52.53151726906899,28.92505714207995],[52.52630145800522,28.92282840577001],[52.52627346437377,28.92069434536678],[52.53097593953192,28.91802711112622],[52.53329926567831,28.91621115805067],[52.53551143862681,28.91576960456789],[52.53940421904655,28.91742326610336],[52.54123165458184,28.91663051609924],[52.54253805092706,28.91458942072173],[52.54321492577499,28.90923327307052],[52.54499961863197,28.90436176247752],[52.54867899850807,28.89810000672721],[52.54840104135322,28.89166387965811],[52.55320647840566,28.88970100702352],[52.55731935272281,28.88922244907117],[52.56098005361875,28.88783794256641],[52.56752404013474,28.88118774373028],[52.57139734432984,28.87634981581152],[52.57355170217976,28.87528328582024],[52.57811740952111,28.86887325240842],[52.58046269892503,28.86635997498976],[52.58457850047437,28.8630408900001],[52.58628994235266,28.86065400088159],[52.5864152524767,28.85865341276882],[52.58804606840057,28.85633429014668],[52.59882931502319,28.8503101753034],[52.60045160572193,28.84833624744962],[52.60085905597634,28.84433824784832],[52.60285906142372,28.83622503930885],[52.60774835194604,28.83272025834796],[52.61854184242652,28.82722518777955],[52.62499599755114,28.82443518544762],[52.63208100956933,28.81989363244679],[52.63715504508576,28.81790862396665],[52.64254686488305,28.81265213670906],[52.64969810142066,28.80510426237735],[52.66209201136744,28.79388580450429],[52.66889217853976,28.78871528068607],[52.67522475731924,28.77793821226367],[52.68152445672933,28.76774150813226],[52.68307945021306,28.76429493709506],[52.68051690884488,28.75455776840795],[52.67815424486027,28.74648258778093],[52.67477594537307,28.7384101874625],[52.67655245023297,28.73556329697255],[52.67502860516903,28.73353615161078],[52.67494513387292,28.73090806696375],[52.68810958800616,28.72275192881764],[52.69662942991353,28.71350875893555],[52.70334261037885,28.7097465298357],[52.70957333092976,28.69914759106182],[52.71190530482846,28.69835652244936],[52.71680351514976,28.69567091108886],[52.71831205671064,28.69403535875485],[52.72204492709455,28.69169902143465],[52.72742587221016,28.69095897202729],[52.73240809443026,28.68919692636611],[52.73784254522604,28.68322159527926],[52.74317241471196,28.68060663422405],[52.74805784252361,28.67599234250338],[52.74982023205648,28.67324708629134],[52.75027459835695,28.6709780881297],[52.74950215420154,28.66918665649071],[52.75188677715688,28.66766120260202],[52.75406025362781,28.6620965216956],[52.75688690606276,28.6592323372081],[52.75936208923335,28.65555404810931],[52.76185887265216,28.65370878832646],[52.76529851759803,28.65371155665702],[52.7769593516511,28.64835213532545],[52.78331390328668,28.64283385931994],[52.78664312726577,28.64096389685039],[52.78844711951883,28.63906906461727],[52.79720135783133,28.63532147976212],[52.79982973513977,28.634987755168],[52.8054505785311,28.63286198526665],[52.81020112871501,28.63048148049563],[52.81798414347676,28.62552811423846],[52.8222542078423,28.62354582416249],[52.82328995561677,28.62190211590879],[52.82666764881942,28.62000305224938],[52.83289447906041,28.62020062523443],[52.84051595113562,28.61831540157677],[52.84304815723702,28.61646122244102],[52.84783617505345,28.61451652631449],[52.84954734952828,28.61525946851932],[52.84940570873623,28.61980420403361],[52.84645700966172,28.62325164335014],[52.84480341386362,28.62436201719417],[52.84018159014628,28.63446367016856],[52.84134679863661,28.64307094042261],[52.8405752252446,28.64558461521437],[52.83690246867033,28.65150420446175],[52.83409447427668,28.65272241451219],[52.8365116837758,28.65415032254972],[52.83699642749661,28.65622102997988],[52.84737321458836,28.65888559748352],[52.84867283909473,28.66150450884426],[52.85009219519235,28.66241787673853],[52.85149989852205,28.66800759650958],[52.85361831991184,28.67290967247557],[52.85604329299366,28.67327642210124],[52.85685696628975,28.67530623022303],[52.85998519843964,28.6765752164594],[52.85860139779069,28.67887517240241],[52.86146729864831,28.68121265522352],[52.86164913231244,28.68407681860718],[52.86323881398382,28.68738528566678],[52.8629524688682,28.69092214959407],[52.85820384890344,28.70001196851683],[52.85531191837431,28.70245866512734],[52.85211305105248,28.70659729118476],[52.84917987640651,28.71123232126971],[52.84362059789829,28.71759970690901],[52.84284563537933,28.72091305804467],[52.84350052826078,28.7234014688112],[52.84263595120915,28.72744648421735],[52.8405592239326,28.72897848810474],[52.84011661991472,28.73060173345879],[52.84049120094312,28.73585714631221],[52.84174908555156,28.73975714069417],[52.84325768468641,28.74053105128882],[52.84424931073652,28.74292698363166],[52.84763887768976,28.74625792066598],[52.85079411973492,28.746536204695],[52.85116714310887,28.75188934529419],[52.85381037675795,28.75356143314306],[52.8514182023515,28.75672303630804],[52.85096812973705,28.75856523961886],[52.84719014679872,28.76323129738235],[52.84502617153214,28.77038132401619],[52.8453545824641,28.77357526286163],[52.8446768211898,28.77667639282246],[52.84279674796322,28.77856744086642],[52.83196640192863,28.78702877452714],[52.83115161129522,28.78839404849898],[52.82519661112393,28.79550781836164],[52.82168590036794,28.79852578125727],[52.81123540625222,28.8087011036401],[52.81034524443253,28.81075399387099],[52.80603511323071,28.81720403500755],[52.80025666484128,28.82441083670612],[52.79284263596581,28.83452492562881],[52.78726401223553,28.83931887881899],[52.78055471164642,28.84012168874369],[52.77544630153319,28.84257805652367],[52.77322928485962,28.84195576863797],[52.76676404331298,28.84530091358018],[52.76378326647034,28.84909354182731],[52.76050088587146,28.84962545652324],[52.75750036880113,28.85087814784244],[52.75466942406518,28.85460774534647],[52.75084711040296,28.85604198422853],[52.74890763279061,28.85978623740268],[52.74581834514898,28.86168831056173],[52.74245704076116,28.86241381296557],[52.73840691454399,28.86403938628204],[52.72703659494941,28.86717078652083],[52.7237057812233,28.86985021637294],[52.72094798108849,28.87012978520151],[52.7164550651641,28.87350300070987],[52.71258374003951,28.87464913214475],[52.70930130690025,28.87663224270655],[52.70296587278613,28.87936128690022],[52.69926640735102,28.88034118659948],[52.69525878232047,28.88305032678731],[52.69211753806947,28.88872695733913],[52.6889119870335,28.89346802349955],[52.68691900789929,28.89827492161295],[52.68564074632339,28.89930299016228],[52.68744527239571,28.90207677406172],[52.69055834935357,28.90402565230483],[52.69215796183629,28.90597017345569],[52.69158540618811,28.91040755609946],[52.69440781492971,28.9134597397203],[52.69335905553066,28.91798995838418],[52.69105868132023,28.92199237468133],[52.69014256782828,28.92480041857538],[52.68704568244467,28.92755641666708],[52.67764017031485,28.93769118733689],[52.67262349344933,28.93918483905328],[52.66817794774709,28.94107113326403],[52.66626851107204,28.94328799152631],[52.66061460903701,28.94756477899968],[52.65198571511941,28.94861292498648],[52.64997356471148,28.95071087685447],[52.64516396003599,28.95332619065719],[52.64371699055576,28.95351874485078],[52.63929014785411,28.95704775681672],[52.63706503403495,28.95779767204827],[52.63431560303492,28.96041948162263],[52.63018796112549,28.96113049072667],[52.62596768312235,28.96113259374834],[52.62437458242498,28.96259522566716],[52.61205853418037,28.9633508056328],[52.60655264157249,28.96500736194868],[52.60320170586278,28.9644070965835],[52.59693420790728,28.96597637753785],[52.59368956054341,28.96640305742695],[52.58252573156251,28.9698041115741],[52.5768434892446,28.97010495002497]]]},"properties":{"Name":"منطقه شکار ممنوع پادنا","description":null,"timestamp":null,"begin":null,"end":null,"altitudeMode":null,"tessellate":-1,"extrude":0,"visibility":-1,"drawOrder":null,"icon":null}},
{"type":"Feature","geometry":{"type":"Polygon","coordinates":[[[53.12959997335981,31.03137280701336],[53.12837216535858,31.03372420456626],[53.12663360174303,31.03499867805261],[53.10951266615086,31.03924337462404],[53.10544726035182,31.04044897452815],[53.09946619998996,31.0415263539838],[53.09446059284561,31.04089157444918],[53.08535647845968,31.03738263855385],[53.06795273954806,31.02786858203224],[53.06142111019377,31.02443923213075],[53.05320671901806,31.02181642116902],[53.0445803970771,31.02077529301509],[53.03219687287555,31.01822151250922],[53.01924565836355,31.01734468802097],[53.00012812130386,31.01967586835622],[52.9760618459951,31.02312813404929],[52.96846467770423,31.0210206798535],[52.96759208593704,31.01841688504753],[52.95245675389984,31.00959481821791],[52.93272586815099,30.99839285227951],[52.92587737236592,30.99426923622453],[52.920268245074,30.9927735580937],[52.91320745366748,30.99292722561073],[52.90972067911424,30.98855575941622],[52.90763413177521,30.9811008164683],[52.91506171065032,30.97699887770504],[52.93912115173322,30.96544944509728],[52.96832869294411,30.94205786174786],[52.97515402830216,30.934994672232],[52.98275021473491,30.92877419021711],[52.99110484806266,30.92133653504784],[53.00049100486726,30.9135146798951],[53.03740056399774,30.89723422047015],[53.04849926578052,30.89278674285657],[53.06328988466018,30.88609821323625],[53.08694424487055,30.87765452847247],[53.09964323362635,30.86932527219157],[53.11046189358024,30.86011867441894],[53.11286854378288,30.85778785377577],[53.13222216491514,30.84189113249305],[53.13537345589147,30.83523324789309],[53.13827429383936,30.83080034665553],[53.14397260887419,30.82675487138239],[53.14727247731349,30.82364356813232],[53.15218941533426,30.81558490158101],[53.15865881981011,30.80746292732865],[53.16732473747358,30.80105589564418],[53.16808478196668,30.79717320637392],[53.1686178073434,30.79126422020963],[53.17146877312057,30.78562886386182],[53.17411099286733,30.77641470332011],[53.17628455688858,30.7732470555445],[53.18159487433251,30.76752914320865],[53.18205199736282,30.76630263840765],[53.18510489794879,30.76405604601801],[53.18924001512571,30.76343237524091],[53.19524054849261,30.75695551020817],[53.19559847794049,30.75270222539729],[53.19892713461539,30.74952442269787],[53.20153624529162,30.74845245325294],[53.2010381579584,30.74648699750527],[53.20574105007814,30.74363847019236],[53.20799219123146,30.74145244373998],[53.21043365917008,30.73555178611171],[53.21252435380174,30.73245195471882],[53.21454659226095,30.73293093777976],[53.21832059121458,30.7351445985152],[53.22402596125546,30.73188515399423],[53.22183997264402,30.72959393401892],[53.21968295508433,30.72299464587885],[53.22213017762446,30.72302588708211],[53.22309079543305,30.72426462361766],[53.22760875961814,30.72538927844021],[53.23239032070289,30.72516287954682],[53.2370680447994,30.72556204732841],[53.24180023007452,30.72157667524822],[53.24691993434765,30.72056481128168],[53.24895953398822,30.72094239351336],[53.25150153712549,30.71864733448114],[53.24930321124863,30.71667147959492],[53.25239601696821,30.71460742489616],[53.25520379858077,30.71363339968595],[53.26088113802438,30.70911914202599],[53.26661575133612,30.70639746831454],[53.26955559931206,30.7060817377654],[53.27374916398969,30.70884027385795],[53.27675201343715,30.70873688469352],[53.27900794599215,30.70741445752295],[53.28249529552458,30.70754342113933],[53.28222389300176,30.71400684955506],[53.28285240223806,30.7159094619359],[53.28593401701318,30.71714045004351],[53.29342900002936,30.7174364595483],[53.29700237890047,30.71825862564578],[53.29910339724474,30.71962088380558],[53.30312987956206,30.72047260947373],[53.31200149372448,30.71756716718593],[53.31510518778212,30.71756507882365],[53.31925926070301,30.71648245938427],[53.32254736669101,30.71396439904195],[53.32776708255143,30.71108382215529],[53.33276343929933,30.70964560033481],[53.33677556513069,30.70797242174066],[53.34242536291846,30.70688283587093],[53.350320201275,30.70773765219961],[53.35685337124665,30.70766395766965],[53.36092526149167,30.70812904427001],[53.36336343127327,30.70682942047283],[53.36535940168118,30.70448205162848],[53.3683902397152,30.70224758540639],[53.37294948715895,30.6916348059372],[53.37561940420396,30.69095551791817],[53.37772384851693,30.69255131059624],[53.38346948445148,30.69400212255786],[53.38842462205132,30.69441163760429],[53.39293424514683,30.69564160185382],[53.39670438543503,30.69603958369985],[53.40030589145256,30.69499804333718],[53.4047722182893,30.69194988745796],[53.40748336429299,30.68885663654942],[53.41183800954706,30.68664286284959],[53.41532223280485,30.68644876984795],[53.41882248634138,30.68842012401394],[53.4260102513604,30.68965849402064],[53.42502734107856,30.68637914760442],[53.42472382647016,30.68188450692582],[53.42507099493569,30.67825432580891],[53.42672720443596,30.67540095463341],[53.42938016504427,30.67312691370249],[53.42950070977195,30.66832095810808],[53.43345624242857,30.66342924760342],[53.43567149402932,30.65955393712051],[53.43795014581615,30.65781748619994],[53.44500460460898,30.64961302607777],[53.44546406560907,30.64762932024125],[53.44507219483872,30.64246522842161],[53.44422836872302,30.64005269531288],[53.44856710182829,30.63824663378827],[53.45154053419002,30.63880116590685],[53.45763705708917,30.63637458945572],[53.46239036967387,30.63349659139153],[53.46539399152454,30.63300004755045],[53.47718394151724,30.62861141312938],[53.48160914285064,30.62735710242739],[53.48583283705183,30.62486937666644],[53.48921074585083,30.62360062568661],[53.49517734140222,30.62268765762881],[53.49713558344718,30.62187008416884],[53.50155938968167,30.61859093825911],[53.50877595950108,30.61464675065767],[53.52307951648803,30.61250113790224],[53.52636507520521,30.61219025627644],[53.53088051050044,30.61003466675372],[53.53437082720098,30.61039129031696],[53.5457314397008,30.60944320486206],[53.55264541862889,30.60772656759276],[53.56581354693905,30.60513286425342],[53.56857302885622,30.60408039699268],[53.57196091735376,30.6016022873581],[53.57671422742335,30.59715122982027],[53.5848561257947,30.59137435997791],[53.5864075633797,30.58968274480205],[53.58593710052147,30.58517791690618],[53.58569329627868,30.5767623745263],[53.58450265748472,30.57187421849587],[53.58061056661261,30.56688736087878],[53.57936082867882,30.56170348173044],[53.58210575160554,30.56129446816646],[53.59022335735537,30.56341397163112],[53.59736419608949,30.56408542339887],[53.60791068388301,30.56469897579492],[53.6273551552688,30.56929940576556],[53.63271442470767,30.57028102599954],[53.63896122518436,30.57085905095592],[53.64376572853737,30.57208064400236],[53.64803415773922,30.57207411144195],[53.65374155725566,30.57270915506276],[53.66448036729299,30.57439511925877],[53.66972421274393,30.5754594453868],[53.67304252824043,30.57658633094838],[53.67613539100797,30.57659680231608],[53.68811098391022,30.58258316218073],[53.69393077242921,30.5844173480542],[53.69616936587658,30.58823150255028],[53.70117231909616,30.59469883448311],[53.70169013659788,30.59868105399186],[53.70651147113836,30.61110425412815],[53.70671239791062,30.61378059953045],[53.70997048750758,30.62197540587719],[53.70869259837155,30.62446747186844],[53.71119356396973,30.62646082580359],[53.71351923076519,30.62926994437699],[53.714277965283,30.63547186718994],[53.71335336831833,30.64022092863759],[53.7112501527077,30.64378496682677],[53.70864562286858,30.64672156204456],[53.69998042682856,30.65905241877853],[53.69786515504395,30.66440246633914],[53.68829044203199,30.67929654587132],[53.68733822245752,30.68400442981062],[53.68559107859853,30.68663627333425],[53.68044919548324,30.69593470675788],[53.67493219615854,30.70479917267139],[53.66956596173719,30.71469474124107],[53.66489340195422,30.7248371250223],[53.65652416940851,30.73924761474321],[53.65257982985533,30.74922949785752],[53.64457827109433,30.76068580127085],[53.63809423534744,30.77341317612735],[53.63387244220344,30.78071870790764],[53.63093903349662,30.78346971065588],[53.61747051495202,30.78741055981332],[53.61866873968781,30.79443838023313],[53.60395602117423,30.80030699098289],[53.57746126396058,30.81214232584237],[53.5604914770549,30.82003940093043],[53.53596888151298,30.8289676219411],[53.52875485065094,30.82920687820774],[53.52049135349591,30.82902922312417],[53.51171289252341,30.82955399467311],[53.50164422911703,30.82964133017218],[53.49470901008193,30.83019426488443],[53.48664175149458,30.83220252669816],[53.47834117002406,30.83561219324047],[53.47214101549403,30.83885952794229],[53.45158205244201,30.8479954629938],[53.44224528534766,30.85147734498897],[53.43957946210579,30.85158934643836],[53.43555524481835,30.8503957534488],[53.43032320830407,30.84799642147841],[53.42857762824141,30.84778719526814],[53.42390129485202,30.84882838290712],[53.41970732653238,30.84922729031187],[53.40282328408647,30.85178396626106],[53.3901298964797,30.85543927223133],[53.38105782202348,30.85456819048252],[53.37804646911992,30.8530618740835],[53.3718704573072,30.85281513150677],[53.36655923055072,30.85193034226274],[53.35974140181063,30.84992024946729],[53.35154775848081,30.84711239054288],[53.34559662838429,30.84591250815727],[53.34339978783933,30.84486527742538],[53.33703251658237,30.83842158042872],[53.33126788632974,30.8342723624976],[53.32730294768629,30.82948377255978],[53.32219310766458,30.82498119318412],[53.31634858530563,30.82035016499515],[53.31553428852119,30.82391149558962],[53.31690840275258,30.83256119140462],[53.31592275469097,30.83496825300394],[53.31501802127951,30.84635788752386],[53.31232674617266,30.85245425903899],[53.31253232649362,30.85634720247096],[53.31115586858302,30.85782016018356],[53.31043637901644,30.8637689278272],[53.30784831512313,30.8719388478356],[53.30730698590884,30.87478058807476],[53.30720874377725,30.88454426897814],[53.30250640010269,30.8923426537211],[53.29812630100027,30.89773166556055],[53.29236972084927,30.90394593347788],[53.28465636572029,30.91176353742295],[53.27962511503905,30.91742631546755],[53.27307252063954,30.92586403807648],[53.26798408643994,30.93183653289599],[53.26019134852091,30.93917551059766],[53.25992926597184,30.94017229554025],[53.25435473620993,30.94546326146036],[53.24740859570906,30.9530955086604],[53.24593584682602,30.95421892083501],[53.23580173402856,30.9650391541238],[53.23335925411004,30.96701948311799],[53.22947774816267,30.97144472793966],[53.22721705389888,30.97269005385908],[53.22153269029977,30.97797243103072],[53.21722815650529,30.98264635778643],[53.21574990000799,30.98345241322107],[53.21428500344326,30.98606687814186],[53.21175841450527,30.98876174277199],[53.2098767853505,30.99210178896182],[53.20376133913727,30.99953004695577],[53.20183928109599,31.00136107513952],[53.19187641429225,31.00793931747262],[53.18457592325287,31.01120292076448],[53.17993619156426,31.01291179593948],[53.1764491544199,31.01488581299482],[53.17072194911346,31.01716079236634],[53.16612621996142,31.01994581983279],[53.15488622154565,31.02506283518367],[53.14994688665008,31.02846939824802],[53.14673489611509,31.02921174472428],[53.14139890167247,31.02876970604318],[53.13628626332199,31.03034111435017],[53.13177311217303,31.02977963173585],[53.12959997335981,31.03137280701336]]]},"properties":{"Name":"منطقه شکار ممنوع دره باغ","description":null,"timestamp":null,"begin":null,"end":null,"altitudeMode":null,"tessellate":-1,"extrude":0,"visibility":-1,"drawOrder":null,"icon":null}},
{"type":"Feature","geometry":{"type":"Polygon","coordinates":[[[51.16164493419872,30.08339158248188],[51.15780880808144,30.08316949531846],[51.15638671476889,30.08227866764951],[51.15253459614932,30.0831880043763],[51.1456327098259,30.08155818626751],[51.14604038461975,30.08012466915166],[51.14443448332064,30.0761300459986],[51.14089682016586,30.07168392552553],[51.14236158396052,30.06602425615305],[51.14340547692235,30.06530314929087],[51.14063237674295,30.06197976083836],[51.1395685511596,30.0574137467674],[51.13834172610893,30.05443213664124],[51.13590219737363,30.05082776047227],[51.13424489109414,30.05174565792128],[51.13043754527428,30.05186814452514],[51.12513283906574,30.04823317818669],[51.11538801155454,30.04605162383065],[51.11202597381138,30.04477337678663],[51.10776861125608,30.04460762166541],[51.09663540418467,30.04613089706382],[51.09052528334551,30.04927064185382],[51.08864486286566,30.04804800390606],[51.08309792400814,30.05063254230344],[51.07908918622978,30.05479891607319],[51.07214296409445,30.05684160027285],[51.06877681572385,30.0572624299016],[51.06354294386026,30.06091383638477],[51.05661521199481,30.06234047593898],[51.05410979240111,30.06116723357904],[51.05315197435095,30.05882993523997],[51.0531905559742,30.05623528064107],[51.05462990030141,30.05399627606205],[51.05417536534738,30.05118131582706],[51.04702104506718,30.04535689730874],[51.04538973180063,30.04471715704345],[51.0401529361631,30.04519055947846],[51.03821161739467,30.04472479424353],[51.03143891368818,30.0382576838211],[51.02806963791244,30.0373319468001],[51.02493771609539,30.0342788746881],[51.02446148635575,30.03187725749299],[51.02090386834149,30.02988434461446],[51.01990997221053,30.02783185377126],[51.01965509464576,30.02436784785722],[51.0154952186865,30.02156926867283],[51.01148007939429,30.01602102871345],[51.01355529096635,30.0143585659488],[51.01351636292088,30.01086495399007],[51.00714840376283,30.00588753539558],[51.00436949153505,30.00313497926572],[51.00153729973992,30.00181773348315],[51.00179406714982,29.99857313092896],[51.00416683414023,29.99749568816175],[51.00087452769968,29.99535563304759],[50.99942362268894,29.99310547955486],[50.99662881524007,29.99161468843299],[50.99389699037391,29.98802715738951],[50.98318132172866,29.98504326266161],[50.98099071100072,29.98531624945402],[50.97360404975886,29.98778038283012],[50.96645067857158,29.98914496571817],[50.95541226254107,29.98887938371982],[50.95442742718252,29.98820279621204],[50.9643557908596,29.97921706324286],[50.96636252163687,29.97827344139887],[50.97294778564108,29.97354029671988],[50.98170624215074,29.96980614717279],[50.98618766238524,29.96952116320572],[50.99314838702924,29.96357678690369],[50.99301416801893,29.96008469364641],[50.9946996800434,29.95911742095986],[50.99434650531434,29.95740285741504],[50.99540345173453,29.95534275210985],[50.99779408340411,29.9529690096557],[51.00189111330705,29.94642141165919],[51.00231165214732,29.94403216084943],[51.00494697451665,29.94236658016638],[51.00782246862559,29.93840201254498],[51.00993493092555,29.93766267998633],[51.01542135033462,29.93837921853202],[51.02447740197121,29.93687062807791],[51.03944280739518,29.93698417454593],[51.04602803447666,29.93285745545445],[51.05215457102054,29.9313442999446],[51.05679109805801,29.93344450155222],[51.05926762197711,29.93391282213941],[51.06322775704265,29.93320468583062],[51.06863813861058,29.93562404718971],[51.07132645062218,29.9359647787177],[51.07431653015107,29.93853898462614],[51.07818571707784,29.93790727782227],[51.09270934050952,29.93313903958011],[51.10227065768747,29.9293070889234],[51.10561683783836,29.9285014293093],[51.10915505206052,29.92559341533751],[51.1112712748206,29.92477433122198],[51.11237888758386,29.92203643191967],[51.11291208601135,29.91749774204869],[51.11694873718379,29.91596668168412],[51.12542914349802,29.91047531228535],[51.13086529992506,29.90937968331197],[51.1351211041612,29.90685269825416],[51.1378769032949,29.90310514292478],[51.14248935066374,29.89782794695721],[51.14671719961395,29.8971170946649],[51.15094732981272,29.89294830251618],[51.14893011328402,29.88811265634178],[51.15544545609892,29.88274434392842],[51.1622195547824,29.87512262011705],[51.16143560086194,29.87310356542394],[51.16339901827487,29.86988420212367],[51.16366008131661,29.86768697755195],[51.16723605312312,29.8591498066891],[51.16928529997569,29.86110415055744],[51.17182512169095,29.8602089015882],[51.17214503921582,29.85877922097851],[51.17560685060142,29.85829366624756],[51.18054176544779,29.8544359243143],[51.18094027309419,29.85274641219841],[51.18039519329425,29.84863718888152],[51.17959035364157,29.84706569248122],[51.18003694541245,29.84185904112749],[51.18080484533613,29.84062911504782],[51.18370719268255,29.83944571855354],[51.18464646196838,29.83578023958983],[51.18682268451943,29.83150247516538],[51.18431737293136,29.82879422388287],[51.1829733645835,29.82533655213922],[51.18410370908551,29.82317702007581],[51.18476397524697,29.81875478347103],[51.18371335514249,29.81500989459694],[51.18234625675548,29.80509603991244],[51.18509565270271,29.80165008846585],[51.18877655423813,29.79595511110423],[51.19095400245182,29.79041813749335],[51.19755972318136,29.78532194608643],[51.20422581699098,29.78291272786387],[51.20776757663519,29.78247872991681],[51.20947711769782,29.78149191131102],[51.21450713644622,29.78013660099729],[51.21882725037629,29.77997873958502],[51.22223097641131,29.77914243527881],[51.22699532426863,29.78039415621304],[51.22924639217946,29.78516813104777],[51.23136245918424,29.78722401007866],[51.23635089716429,29.78593409141922],[51.2383205868755,29.78387048054891],[51.24037046473572,29.78002224726836],[51.24378510775482,29.77747662486197],[51.24420039567387,29.77629047208569],[51.24881673759972,29.77722795297625],[51.25235946238804,29.77279883241166],[51.25360848645674,29.76899207669932],[51.25720154670159,29.76510833943834],[51.26058000571622,29.76221583388358],[51.26637787528495,29.76113353117365],[51.26901390602647,29.75817591760016],[51.27489146609588,29.75669744274073],[51.2773832265212,29.75117993449265],[51.28252058251952,29.74644835455327],[51.28418500637159,29.74175855218702],[51.28865476317842,29.73744371474096],[51.29386476272261,29.73008560014302],[51.29961027288412,29.72423985830962],[51.3023997272734,29.72387095698625],[51.30588810720232,29.72212645115626],[51.30821321202204,29.72254281878136],[51.31049484610558,29.72187286149655],[51.31182854332756,29.71971335759796],[51.31732229402005,29.71665400004012],[51.32008404468665,29.71391483096483],[51.3237021064412,29.71552731084733],[51.3251067624286,29.71687285121306],[51.3268988616107,29.71442080086457],[51.33219517425523,29.71493727008688],[51.33934619695195,29.71491273199192],[51.34199675747833,29.71537995020944],[51.34844445494219,29.71446137520518],[51.35296432423563,29.71246073362742],[51.35997258783048,29.7112076352149],[51.36286324277857,29.70967521053519],[51.36330202187327,29.70669758987699],[51.35873995739153,29.7031495779634],[51.3514518464505,29.70136595988469],[51.34886233689947,29.69971077907672],[51.35443980831275,29.69141023781786],[51.3540455023043,29.68681404339097],[51.35766402406853,29.68234380968697],[51.36094657491467,29.68217099191104],[51.36445355935952,29.68277277053761],[51.36933289135624,29.67591504951704],[51.3728588635061,29.668531243939],[51.37287696074927,29.66698031381735],[51.3747375644824,29.66538262081049],[51.38082753416982,29.66267085684979],[51.3886132915838,29.66152879716417],[51.38751606021748,29.6585706360599],[51.38548322343921,29.65628486817105],[51.39337371796345,29.65355569747793],[51.39633520145441,29.65073324225791],[51.40080991565478,29.64829242340887],[51.40347412246116,29.64812476459572],[51.40868451537464,29.64458221430633],[51.40943531044867,29.64033152290039],[51.41342459035541,29.63392083232692],[51.41330252192144,29.63225980657805],[51.41595903617186,29.62953046428036],[51.41763153303754,29.62920322618142],[51.41941299174992,29.62674649808115],[51.42523996282846,29.62618801965189],[51.4277263625064,29.63101089598843],[51.4321759963051,29.63170366604591],[51.43593257900777,29.63307600697588],[51.43738137818092,29.63541267340815],[51.43807642335573,29.64136946846404],[51.4405261020569,29.64329399793503],[51.44225127800632,29.64756255492079],[51.44295817493224,29.65109187097843],[51.44322745980803,29.65632039810928],[51.43962651151089,29.66207983644182],[51.44067465044921,29.6637275329389],[51.4459129499535,29.66469728245734],[51.44786499486257,29.66620994566272],[51.44750923141602,29.66877256694833],[51.44593633116062,29.67011362368048],[51.44331036410226,29.67023440169818],[51.44638686561692,29.6739658709427],[51.44989922731777,29.67534913874468],[51.45086291648647,29.67728152631516],[51.45423448450537,29.67652540873349],[51.46109690190902,29.67732635740923],[51.46864932429646,29.68195128545077],[51.47196807051549,29.68527971562969],[51.47258623893619,29.6902374880566],[51.47490764536347,29.69278111064696],[51.48213177805173,29.69711224103218],[51.4857833831862,29.70092933026523],[51.48665412363786,29.70326737616192],[51.47816860218632,29.70174224640631],[51.47309222187202,29.70587740770029],[51.47452780486834,29.70763727769539],[51.47821562680828,29.70795857348608],[51.48244699320691,29.70983830308877],[51.4793722596748,29.71264268434794],[51.48083385310213,29.71432409890294],[51.48125361476688,29.71663929386044],[51.48062881794892,29.71984514729232],[51.48251595282736,29.7233284351643],[51.48087432992918,29.72472798467199],[51.47569211709849,29.72519948327851],[51.47007458734736,29.72489663432599],[51.46799602818074,29.72565024022855],[51.46921663894084,29.72956299575729],[51.46829565505853,29.73122185320262],[51.4646718076144,29.73227092580557],[51.46234883888043,29.7383287183002],[51.46209465814097,29.7409728521575],[51.46059349398711,29.74409689483345],[51.46113377756991,29.74635544660858],[51.45918314974208,29.7492797930198],[51.45984791316287,29.75046131231077],[51.46427700205028,29.74804711809503],[51.46494290847572,29.74913063166149],[51.46298915976938,29.75234909765425],[51.46511350332916,29.75432664023274],[51.46552672115252,29.75795655945219],[51.46030579325727,29.76046229138193],[51.45733469412483,29.76377049323479],[51.46033344091696,29.76850024759516],[51.45839820286526,29.76995470475],[51.45491026887327,29.76874961453794],[51.45359405882309,29.7742655305028],[51.45335703673729,29.78222616348928],[51.44775137682395,29.78596580550182],[51.44758248600937,29.78766127640513],[51.45175385726647,29.79135012573808],[51.449771697978,29.79381394063795],[51.44795550739624,29.79484327668742],[51.44641311339,29.79835482507157],[51.44714244580786,29.80044924429706],[51.44908364872543,29.80177046016761],[51.44949812823786,29.80516761889702],[51.45200460996168,29.80988734687882],[51.45256838324134,29.81341644324559],[51.44698383042571,29.81506746671194],[51.44813372169903,29.82003750062324],[51.44510073639049,29.82223170609056],[51.44033054010946,29.81814537816305],[51.43656963125672,29.81811416796454],[51.43383167704941,29.82083275056894],[51.43623585424385,29.82111383619439],[51.43745224200801,29.81994906371916],[51.4398436179428,29.82140488493482],[51.44207331287537,29.82390374826544],[51.43853033086539,29.83144645694204],[51.43251181764843,29.83139633719021],[51.43068757356844,29.83307841003506],[51.43245152113973,29.8368795622883],[51.42898486471837,29.83737290063148],[51.42708655957057,29.83213439647254],[51.42302991620934,29.83157820945966],[51.41981766346594,29.83625160148994],[51.41757524542737,29.83492710764106],[51.41561767922115,29.83504123430279],[51.41439625810718,29.83659779671303],[51.41153724655491,29.8365737554799],[51.4086589142421,29.83824697708813],[51.40878713232213,29.84020671848198],[51.40055802142187,29.84292635370704],[51.39819179634615,29.84524010951499],[51.40122675028931,29.84587512921533],[51.40214328400356,29.84760827106073],[51.40059140313299,29.8503350925993],[51.40033223609539,29.85256564969944],[51.39855654993121,29.85437719423231],[51.39319858607606,29.8521995578058],[51.38991456485505,29.85288153831839],[51.39197318749137,29.85706058307148],[51.38879553295384,29.85865695496627],[51.38430973338807,29.86206894459203],[51.38152581551161,29.86580012143691],[51.37951868826996,29.86591645420081],[51.37753945986703,29.86362422612215],[51.37353934219845,29.86265255718264],[51.3680388409032,29.86520068703076],[51.3652010205979,29.86841345773755],[51.35897567481123,29.86862826546664],[51.36004233158946,29.87052639701694],[51.35517536730571,29.87426063083318],[51.35192927514328,29.87247796244228],[51.34974976763748,29.87259343921127],[51.34879391498258,29.87447362224857],[51.34614922123709,29.87444998837175],[51.3419681193226,29.87279360454362],[51.33992626475454,29.87439418387817],[51.34177218276155,29.87616460247006],[51.34159883113649,29.87764706914423],[51.33487291160493,29.88055470089309],[51.33515968119888,29.8825810195388],[51.33732664010591,29.88354491789465],[51.33915482121697,29.88679933467616],[51.33847062421016,29.89192019291189],[51.34079339638396,29.89288544228148],[51.33905726848644,29.89489379772863],[51.33565981044074,29.89270454937806],[51.33347953874064,29.89281991034992],[51.33452306081519,29.89660727388883],[51.33372363024457,29.8983542282727],[51.33400374079292,29.90092051296557],[51.33163135070286,29.90400290306845],[51.33027009418468,29.90075211494001],[51.32821041801218,29.90370235550925],[51.32315533331719,29.9075860886925],[51.32396139530578,29.90938817942258],[51.32642155356497,29.91138465316659],[51.32039969999498,29.91276638597556],[51.31787727217748,29.91579511589906],[51.31408326784853,29.918427244419],[51.31479627969174,29.92113824721581],[51.31362442312248,29.92265608244048],[51.30963036348026,29.92197259657289],[51.30620568165598,29.92464534316702],[51.30272977569619,29.92596531088671],[51.29764934228854,29.93085649393665],[51.29871061315781,29.93280652081566],[51.29383966909056,29.9371706066564],[51.29042950168406,29.93860861798178],[51.29063348931017,29.94225225416615],[51.29155271380989,29.94659874377974],[51.28476706652466,29.95545141846329],[51.28274395366522,29.95597457587108],[51.28097162860695,29.95866893304254],[51.28130109238341,29.96011795000831],[51.27784296178901,29.96412190989604],[51.27795232270249,29.96647264474218],[51.27322554904029,29.9717302238166],[51.26890183225801,29.97259325959056],[51.26811122083552,29.974574278498],[51.2662378143192,29.97419505017653],[51.26391674266473,29.97581813368733],[51.26362179735587,29.97790715536557],[51.26787712013105,29.98087632033558],[51.27129242089633,29.98239632179092],[51.27320726342527,29.98529667311515],[51.26255561460079,29.98347355548033],[51.25877793194405,29.98215169008519],[51.25577551799755,29.98329910811146],[51.25393307969231,29.98499022093372],[51.25642814482193,29.98768271799726],[51.25731454618608,29.99028765859062],[51.25490207093628,29.99469543334233],[51.25287604742128,29.99288902293459],[51.24608490646797,29.98920487579699],[51.24335217596244,29.98868257474806],[51.24038020437937,29.99194197724384],[51.23657863898937,29.99282471437591],[51.23321269818645,29.99617127139781],[51.23130395738763,29.99685243307699],[51.23028096954459,29.99918764346202],[51.22763625526546,30.00131292041644],[51.22771861162475,30.00292772967339],[51.22504401151613,30.00384929312278],[51.22246428641831,30.00797800047479],[51.21945995566137,30.00978155560986],[51.21597112244561,30.00820324323847],[51.21299590453936,30.00991039071365],[51.21032311803888,30.00981139253711],[51.20931528530817,30.01228578864936],[51.20603279917039,30.01193941230199],[51.20434882245755,30.01078883872986],[51.20327086606545,30.01432388589381],[51.20100404698432,30.01315939831493],[51.19758230705856,30.01718009215863],[51.19806455065402,30.02046551295305],[51.19222959880289,30.01999649662703],[51.19188938500723,30.02181558030117],[51.18783182570076,30.02223008885305],[51.18369880264425,30.02432960750454],[51.1859231012643,30.0271772555105],[51.18302023805441,30.03368982324599],[51.18286761925497,30.03675787350232],[51.17897542745556,30.0419409357008],[51.18163086181055,30.04387977712213],[51.18096940733229,30.04611261756543],[51.17753650304477,30.05028353197572],[51.17798403151761,30.05449401315919],[51.18109572437167,30.05813338693717],[51.18498437119762,30.05902881850051],[51.18752487299743,30.05834196211909],[51.18847911966991,30.05978047391729],[51.18829481251917,30.06250619005857],[51.18695285866821,30.06504796990985],[51.18608951720405,30.06963911575239],[51.18675878368892,30.07313530596061],[51.18309462172691,30.0757994546362],[51.18088987744937,30.07661660749362],[51.17689913039028,30.08157692879764],[51.17485306663833,30.0831256921323],[51.17191591215502,30.08196395353386],[51.16713504460605,30.08297350913538],[51.16164493419872,30.08339158248188]]]},"properties":{"Name":"منطقه شکار ممنوع کوه دراء","description":null,"timestamp":null,"begin":null,"end":null,"altitudeMode":null,"tessellate":-1,"extrude":0,"visibility":-1,"drawOrder":null,"icon":null}},
{"type":"Feature","geometry":{"type":"Polygon","coordinates":[[[53.61550770973938,29.30489317660988],[53.60757291591482,29.31026006208683],[53.60552622935072,29.31329285312478],[53.60248222109202,29.3198488563992],[53.59709282931065,29.32932957786294],[53.59219441803041,29.33951166240285],[53.58293816351414,29.35500414851524],[53.57993474360824,29.36191480429122],[53.57544279829985,29.36495454302003],[53.56835546838114,29.36776170469978],[53.56563677167419,29.35810623795076],[53.56101665917497,29.35189762225728],[53.55907891973978,29.34295873365213],[53.55855141814849,29.33370311367604],[53.55720390490306,29.32512701316689],[53.55733241964931,29.32076978320729],[53.55549804595805,29.31514768720419],[53.55302306579323,29.31090638487444],[53.55238316503309,29.30548532855272],[53.54814067178654,29.30015754862209],[53.54759779408028,29.29822673850746],[53.54490809733043,29.29450332545022],[53.54096928318954,29.29189235461213],[53.53904588591485,29.2886799848941],[53.53597829399553,29.28593451308053],[53.53270551269524,29.28466311840431],[53.52518372846254,29.28408229879374],[53.52256372244875,29.28083318836923],[53.51910830153791,29.27756503614934],[53.51250069186442,29.2748629835193],[53.51008662562247,29.26941968613906],[53.50872511056681,29.26781316808224],[53.5056137110218,29.26216869608592],[53.50721385178517,29.26091619057421],[53.50753251535822,29.25787774838963],[53.50472950355452,29.25264942485804],[53.50592255650371,29.25082281285551],[53.5030762356477,29.24705014943864],[53.50182649317495,29.24318147734192],[53.50162449007263,29.23980014558633],[53.49994608771389,29.23757680488247],[53.49796735375685,29.23205704198204],[53.49459094542785,29.22912901491835],[53.49240917613058,29.22281503547035],[53.48831299890876,29.21630772397198],[53.48728459534357,29.20982976270765],[53.48616404022329,29.20641441099285],[53.48162785928685,29.19850247500276],[53.48135174908926,29.1777924728299],[53.48376536610515,29.16979614177819],[53.48580682508381,29.15877263858373],[53.48886085356536,29.15533571277006],[53.49149964268877,29.14934853279934],[53.48731014158338,29.14424230081973],[53.48836227324382,29.14207980226291],[53.51227400708163,29.13452994939071],[53.55894713273895,29.12570959906514],[53.57408484070148,29.12621480891954],[53.59151688387706,29.13169830047948],[53.5983195120203,29.13219524146983],[53.60014956453646,29.13522217694726],[53.60537789911106,29.14123063307546],[53.62066819956028,29.14403746816134],[53.62515450823319,29.14502237872568],[53.62763398150038,29.15033068748843],[53.63145257798,29.15389530453765],[53.63438965259923,29.15969169845221],[53.63484007826376,29.16369371129493],[53.64277574949522,29.17655202296899],[53.6454714796496,29.17908822452819],[53.64799018367059,29.18298008929869],[53.65124318829039,29.18661609212711],[53.65161630997693,29.18918351833323],[53.65474603730051,29.19351153560208],[53.65752800354101,29.19528809153057],[53.66349805001195,29.20694007536504],[53.66618147227838,29.21364346988807],[53.6732065827626,29.21840239698754],[53.6745474956909,29.21865496486195],[53.677893902735,29.22449627375649],[53.6779158558949,29.22984577121362],[53.6754173146583,29.23257483963611],[53.67507081631921,29.23542764691696],[53.67092084784958,29.24223445858611],[53.66922558058126,29.24577954239478],[53.66387199547095,29.25318215917059],[53.65857859170431,29.25881005829751],[53.65286675179311,29.26602231774146],[53.63733355896476,29.27952487958424],[53.63248504257059,29.28652507632291],[53.62318831966312,29.30253538921604],[53.61882046547198,29.30266107463044],[53.61550770973938,29.30489317660988]]]},"properties":{"Name":"منطقه شکار ممنوع خرمنکوه","description":null,"timestamp":null,"begin":null,"end":null,"altitudeMode":null,"tessellate":-1,"extrude":0,"visibility":-1,"drawOrder":null,"icon":null}},
{"type":"Feature","geometry":{"type":"Polygon","coordinates":[[[52.55659872926835,29.21591053496457],[52.54298506167972,29.21915239281162],[52.53787686092257,29.21977888410071],[52.52371115525689,29.22095094781144],[52.51648678675015,29.22113551695428],[52.51240469221639,29.22032266831689],[52.50776985481623,29.21744223138575],[52.50405177013802,29.21438125811758],[52.49724386206557,29.21032764130884],[52.49171975494232,29.20656495448277],[52.4901405826091,29.205001621018],[52.49477510461139,29.19787368738455],[52.49949091331249,29.19223339088869],[52.50610636201525,29.18516788034582],[52.51269971925467,29.17915203240865],[52.51892864518452,29.17861942049312],[52.52206732007967,29.17646091635006],[52.52300145957183,29.17408214167926],[52.5259810861909,29.17285612506023],[52.52837374886937,29.17103333590905],[52.53006420803378,29.16790970492482],[52.53812304388838,29.16456411308685],[52.53976681405652,29.16319378599909],[52.54556033519167,29.15687750598715],[52.54533440058505,29.15529387117211],[52.54246039077559,29.15254570515412],[52.53870719367104,29.15013065066976],[52.53727509632354,29.14858111563976],[52.53640354746841,29.14595144295955],[52.53464589951619,29.14404428146698],[52.53584412864375,29.14178772420469],[52.54138325797108,29.13745508273641],[52.54259615629866,29.13427389657768],[52.54515092284309,29.13174108653593],[52.54746390735569,29.13038396167093],[52.5511552894431,29.12549412222525],[52.55448823391219,29.12205336233073],[52.55823930634541,29.1173246240756],[52.55956723435333,29.11317334508716],[52.55886878811073,29.11154379138139],[52.55909795885583,29.10689415727118],[52.56053827952903,29.10108947869537],[52.55901737900991,29.09920234719043],[52.5596842366248,29.09667921726368],[52.56514842692,29.09550836136324],[52.56836333562369,29.09279887365097],[52.57340895169376,29.09009931636594],[52.57636249294465,29.08919813646492],[52.58717365135556,29.08495695789377],[52.59448715378043,29.08462334191601],[52.60028225108829,29.08234042734647],[52.60240704598128,29.08196710191706],[52.60560288295378,29.07929757324011],[52.60959828047269,29.07699738281473],[52.61327595923778,29.07417639596562],[52.61492963231565,29.07424105952469],[52.62006202626045,29.07173206425874],[52.6264059538423,29.07178143829208],[52.62541174840172,29.0699056337061],[52.63138394946414,29.06574721879524],[52.63998628570667,29.0639957575528],[52.64417722929827,29.06419569894677],[52.64598105300476,29.06511817032277],[52.64741055955022,29.06745313361113],[52.65200003002192,29.07061832595787],[52.65508811469281,29.07694859503963],[52.65509876571032,29.07919666519526],[52.65390828387213,29.08343269068165],[52.65211182629076,29.08753865250642],[52.64921464728014,29.09233315880213],[52.64735321654471,29.09631971656203],[52.64483886643532,29.10732470058242],[52.64437851423664,29.11210722470031],[52.64217917947364,29.12401353264116],[52.63964737795665,29.13612002924573],[52.64228439645142,29.14233092412685],[52.64162103787622,29.14592474535634],[52.63876740533888,29.15069653987002],[52.63744183681293,29.15533158987975],[52.63741867217712,29.15871908556682],[52.64447799658443,29.15846812790713],[52.64878520375876,29.15649865115425],[52.65451916972831,29.15588831553892],[52.65679306893004,29.1614256979098],[52.66200897405638,29.1596385287678],[52.668142175355,29.16188603490296],[52.66480051208551,29.16792324050984],[52.65937111425574,29.17305990072701],[52.65910793136706,29.17604409583987],[52.657316445061,29.17826169942384],[52.65562886127852,29.17822905570235],[52.65412618545291,29.18048800583466],[52.65108902015773,29.18158269474686],[52.65132669561469,29.18542253520186],[52.64811671080504,29.18651048902477],[52.64695660408096,29.18874403507236],[52.64464638543841,29.18954092864126],[52.63950210561013,29.18726650341326],[52.63375166984505,29.19220471567589],[52.63423765478195,29.19622748834646],[52.63075225287498,29.19720922669368],[52.62671495619085,29.19674472149549],[52.6235628976699,29.19736225068196],[52.61960553852784,29.19728480024489],[52.60736566075359,29.19922706332439],[52.6041591061711,29.2003461424193],[52.59639867999638,29.2046355905601],[52.58884459301584,29.20772541484105],[52.58193692159949,29.21126861931843],[52.57876979551202,29.20863804552511],[52.57311398385481,29.21011570360481],[52.57082500856841,29.21162139342907],[52.56847578849954,29.2143620811235],[52.55659872926835,29.21591053496457]]]},"properties":{"Name":"منطقه شکار ممنوع مل بلند","description":null,"timestamp":null,"begin":null,"end":null,"altitudeMode":null,"tessellate":-1,"extrude":0,"visibility":-1,"drawOrder":null,"icon":null}},
{"type":"Feature","geometry":{"type":"Polygon","coordinates":[[[51.88810889539062,28.78255653154504],[51.88365845567459,28.78307491703961],[51.88082903959253,28.78210532622365],[51.87752985490069,28.77980079667018],[51.87730842333664,28.77651224042459],[51.87446482865676,28.76953852678663],[51.86603315604585,28.76710401452368],[51.86002067468534,28.76720576196412],[51.85659070541534,28.7684879837493],[51.85018284659186,28.76334795025151],[51.83079557119151,28.7416226336225],[51.82926294199767,28.7394167350634],[51.82055358800191,28.72850894681277],[51.81484155013757,28.72103305997467],[51.81234020253241,28.71376279300474],[51.81234327424154,28.71204851888412],[51.81388356782738,28.70947912060386],[51.81640707750808,28.70329911216926],[51.82116265940051,28.69755066215167],[51.82715105673828,28.69218084641396],[51.83911277022988,28.68275038387241],[51.84306978107478,28.67838764402307],[51.84477132069395,28.67543339507915],[51.84481358059928,28.67352700813956],[51.8425238894239,28.67238073891802],[51.84165735141923,28.67061207561936],[51.84841734973419,28.66718791047617],[51.85272763604798,28.66372643369541],[51.86243814648437,28.65895751279659],[51.86545945375697,28.65798553578899],[51.87139989032539,28.65393975227522],[51.87181836667272,28.65223442026897],[51.87599170521598,28.64914997519014],[51.88101920128116,28.64900162038019],[51.88602495621321,28.64586966231925],[51.89014316784279,28.64518593376703],[51.89194928307485,28.64246962728645],[51.89266774796052,28.63919183220297],[51.89576567495477,28.63698962051948],[51.89985580054555,28.63565949458972],[51.90225205369365,28.63422558052919],[51.90913753140824,28.63340770774314],[51.91108951288526,28.63169683653411],[51.91506198654152,28.63157384344688],[51.91689407700913,28.63080239184824],[51.92038992953851,28.6317855279574],[51.92267941677454,28.62743956288227],[51.92185394912855,28.62431239848987],[51.92662360750312,28.62325458547797],[51.92895151124426,28.62165880138754],[51.9344101394021,28.61980438732779],[51.93662764801503,28.61847617696937],[51.93766877799642,28.61605656194663],[51.94286103820917,28.61322067323708],[51.94659203261575,28.61049338114025],[51.95150296935886,28.61030395453564],[51.95420776036607,28.60858571197369],[51.95858714176243,28.60793159729379],[51.96778097108148,28.60188091043112],[51.96971150637219,28.59994024006651],[51.97185944148948,28.59934941679329],[51.97663553287982,28.59949057141979],[51.98080262787717,28.59802745060257],[51.98355924959878,28.59622652494585],[51.99192478870613,28.59757777112964],[52.00323457542528,28.59390031675206],[52.00906937047228,28.59258536980373],[52.00937594153186,28.59142444948278],[52.01215472758164,28.588983696571],[52.01646563339764,28.58718634582072],[52.01955096631931,28.58959929919191],[52.02217720702173,28.58823101361064],[52.02507874089142,28.58879348005358],[52.0327634089741,28.58678012251553],[52.03572830700951,28.58493975694835],[52.03596256512533,28.58233553990733],[52.04004685056031,28.5800218477956],[52.04822081368399,28.58004254302664],[52.05102585413342,28.57915459042036],[52.05444876433322,28.57910397400135],[52.05959291991201,28.57823921265274],[52.06317645909684,28.57623639068454],[52.06715631913505,28.57642104581725],[52.06935956477418,28.57314234456396],[52.07312999893959,28.57153750931742],[52.07440767713747,28.57188395528569],[52.0766873177338,28.57011974968517],[52.08112666682082,28.5691019974986],[52.08621829754442,28.56669588988105],[52.0877755158339,28.56657923806452],[52.09093929889399,28.56384096227157],[52.0950259392625,28.56245701970439],[52.10185660590857,28.56179528861678],[52.10378905729451,28.55939697326155],[52.10711309347614,28.55956842921047],[52.11236850543988,28.55681869255925],[52.11389683956249,28.55544217624416],[52.11804159953692,28.55378723034288],[52.117097255992,28.55009719470787],[52.11955570981856,28.54858946036261],[52.12121448702319,28.54870931787817],[52.12573875418574,28.54602091207127],[52.12769157230159,28.54420613551824],[52.13203407884986,28.54280236630393],[52.13442036962113,28.54057378493864],[52.13698236563794,28.53943442988958],[52.13872604581843,28.53750467978902],[52.1427291057084,28.53775828869146],[52.14238619961823,28.53572215415188],[52.14599991298945,28.53383088363425],[52.14691030218772,28.53624465663105],[52.14479721018519,28.54060747533136],[52.14475841861215,28.54474579720147],[52.13903115842724,28.54912451911752],[52.14009958122895,28.55041156813248],[52.13881477767985,28.55334071068983],[52.13859886898057,28.55783016795257],[52.13574859055892,28.56161281878634],[52.13763937792032,28.56403791516852],[52.13962897377543,28.56483492681077],[52.14286879271567,28.5679687152179],[52.14357958217885,28.57012856066275],[52.14355050681353,28.57344364893013],[52.14648415785347,28.57444664452846],[52.14883527355858,28.57894555401597],[52.15206207426426,28.58072548655174],[52.15035813834122,28.58401632478677],[52.15245587354041,28.58528800543923],[52.15329992931796,28.58902427287008],[52.15633451223918,28.59139887629693],[52.1585633362461,28.59391595804808],[52.1594144581132,28.59646278332535],[52.16235164761486,28.59909862386978],[52.16283092742054,28.60075572482815],[52.1658039609145,28.60282813451665],[52.16817118656017,28.60761948927676],[52.17122438217178,28.61221151426609],[52.17512515938797,28.6153952671814],[52.1726775212174,28.61735796804911],[52.17357392608924,28.61890945181649],[52.17288135174577,28.62222636986407],[52.17692969864008,28.62500944659578],[52.17981943225288,28.62934077458517],[52.17389241110868,28.6341240607341],[52.1714245312343,28.63710378460259],[52.16503359725975,28.64024397597049],[52.16457432537447,28.64365846060564],[52.16241843359533,28.64504816557773],[52.15764664920391,28.64510740237392],[52.15290731896182,28.64628659692125],[52.13736988629714,28.65697197124485],[52.13244593189473,28.66161659500517],[52.12825600368403,28.66384516760947],[52.12367725577672,28.66684353539704],[52.12163242856413,28.66898373036185],[52.11627528256783,28.67300842533962],[52.11160285096589,28.67899885710262],[52.10215536604324,28.68653197094805],[52.10030856744459,28.69160429248097],[52.10011572522503,28.69374232337641],[52.10391963070212,28.69553499919628],[52.10577405381463,28.69750027014942],[52.10675341349974,28.70160411888785],[52.10715199240646,28.70938558292038],[52.10540158370931,28.71305562521257],[52.10706442877899,28.71809995794006],[52.10726380122003,28.72229020121673],[52.1044405250148,28.72691048293543],[52.10512822656659,28.73169868998788],[52.10659764512326,28.73768343359125],[52.10738765590657,28.7463198770185],[52.1016464919937,28.75881054263348],[52.1026289047984,28.76096115128888],[52.09844359289227,28.75994575033385],[52.08958469781005,28.75949972498715],[52.0832860856598,28.75970776969285],[52.07865128001436,28.75928462812331],[52.07602089597886,28.76001479997709],[52.07454638435834,28.76337401601287],[52.07182474101369,28.76539868977775],[52.06877934998117,28.76645242729147],[52.06776556839149,28.76867815186312],[52.05646068623942,28.7728105810779],[52.0543836448409,28.77269018892158],[52.04765343098892,28.77366412093306],[52.04077441922846,28.77196755966171],[52.03264987428657,28.76954291700861],[52.02706489608522,28.7683308327321],[52.01973274863119,28.76853957616009],[52.01734333536503,28.76772947175681],[52.01223124167535,28.76788810339891],[52.01033051973822,28.76903679909843],[52.00696553207395,28.76982534248558],[52.0024699512846,28.76818199593218],[51.9959769399052,28.76854889217713],[51.99446630170279,28.76799286505978],[51.98987418927559,28.76828429991479],[51.98495013295798,28.76696017707501],[51.98165738329085,28.76709239987892],[51.97646102013976,28.77064029061744],[51.97328820544179,28.77490323100137],[51.9703628638031,28.77505966133633],[51.96661475977668,28.77380623689018],[51.96476814766925,28.77230849865922],[51.95922719566531,28.77242896400908],[51.95363986325333,28.77400603082797],[51.95008456067103,28.77449067453354],[51.94695369841866,28.7735534018205],[51.94401408920025,28.77627585992733],[51.93784954820535,28.77912889217798],[51.92961571625621,28.77922215553841],[51.92377834311051,28.78086534441194],[51.91904715515378,28.78041108899926],[51.91704765429462,28.77823597360786],[51.9148229499669,28.77790519483396],[51.90704889534834,28.78141612825328],[51.89187020424492,28.78154315837826],[51.88810889539062,28.78255653154504]]]},"properties":{"Name":"منطقه شکار ممنوع دالان","description":null,"timestamp":null,"begin":null,"end":null,"altitudeMode":null,"tessellate":-1,"extrude":0,"visibility":-1,"drawOrder":null,"icon":null}},
{"type":"Feature","geometry":{"type":"Polygon","coordinates":[[[53.8411587635898,30.35562284598797],[53.83960779736263,30.35633519525342],[53.83764542523859,30.35458287936223],[53.83496610593353,30.35404142360888],[53.83365756990892,30.35070118395804],[53.82998430522577,30.34918806774276],[53.8308368285595,30.34521249876066],[53.83067657164189,30.34282211340069],[53.82935062267422,30.33891806114697],[53.82404733605433,30.33416308624983],[53.82217004339773,30.33367092067238],[53.81738688801332,30.33043263426595],[53.81929638935496,30.32309635035383],[53.81835254348846,30.32118431005502],[53.818920490552,30.31151599032428],[53.82228942905904,30.30229447773615],[53.82208833445467,30.2966455491044],[53.82270346611576,30.29208352314641],[53.82364955343133,30.29097004227318],[53.82996324475401,30.28783524510534],[53.82929953349949,30.28675458118179],[53.82900588623703,30.27478325856954],[53.83078600313243,30.27305100441945],[53.8348512234419,30.27084364996011],[53.8380535707101,30.2667948763234],[53.84223492466046,30.26324585049338],[53.84437378667092,30.25711966366572],[53.84547215765788,30.25609846154729],[53.84827488869318,30.2504354711623],[53.85482780645368,30.24746111132076],[53.86080102759207,30.24260046592294],[53.86551234444072,30.24544956332351],[53.86854359808581,30.24342467681704],[53.87303708756799,30.24328676078796],[53.8763216900641,30.23868966643933],[53.87761331548876,30.23784600441885],[53.88037295708715,30.23321738475538],[53.88464037590547,30.23085994595945],[53.89299570957401,30.2293845055388],[53.89761814455068,30.23120849173576],[53.90337515839828,30.23167603294024],[53.90585878183539,30.23007274196825],[53.91020181690313,30.23018828678936],[53.91401357935784,30.22902067073208],[53.91839597837912,30.22548403060448],[53.92261144518957,30.22338045722532],[53.93374988288364,30.21974622620108],[53.9391492725847,30.21752269306914],[53.94187908649974,30.2157927425607],[53.94886735657731,30.21242818547164],[53.95068824682693,30.21121298038201],[53.95343179309354,30.20794726013298],[53.95898096995664,30.20542520607155],[53.96500764874873,30.20465464755568],[53.97169312285625,30.20188390987303],[53.9755631179195,30.19943574926243],[53.97801330095392,30.19569892172926],[53.98284414795131,30.19116530968181],[53.98764488801699,30.18369052822929],[53.99121705418354,30.17565296655623],[53.99377181491303,30.17868245562471],[53.99397333298885,30.19466540591402],[53.99501241231751,30.20246193154703],[53.99582941309174,30.21650396383054],[53.99604179697738,30.22866330901842],[53.9979742119545,30.2344345385437],[53.99548523334468,30.23758363699398],[53.99333974095062,30.24270613484951],[53.99390099494002,30.24732691532093],[53.99303996434036,30.24970787958711],[53.99298276156868,30.25645198156475],[53.98966928110791,30.27845879991921],[53.98764135810482,30.28260583676937],[53.97728442231991,30.29293127833689],[53.97242134076522,30.29466847344494],[53.96892344582857,30.29647308474473],[53.96431884265845,30.29992052662258],[53.9547506586804,30.30858993822055],[53.95022698489324,30.31381218887274],[53.94652480420231,30.31441561448002],[53.93939006210259,30.32021837835431],[53.93519464509978,30.32221970208561],[53.93025849347713,30.32603471101665],[53.9186710688203,30.33132559983692],[53.91497210241881,30.33327254051751],[53.91237337571058,30.33537169814999],[53.90851588279665,30.33757050403428],[53.89919976391199,30.34504961423152],[53.89834818558315,30.34290094801521],[53.89307417299441,30.33967189708616],[53.88882281575836,30.33903964871739],[53.88442233775665,30.33942998872466],[53.8732822916956,30.34686332423986],[53.86538321443615,30.35123595569202],[53.85885692502654,30.35440995909385],[53.85704538468588,30.35275209456934],[53.85169627281184,30.35301717889464],[53.85013747234713,30.35170915900124],[53.84642277966515,30.35274709242173],[53.8445058049163,30.35511226423001],[53.8411587635898,30.35562284598797]]]},"properties":{"Name":"منطقه شکار ممنوع توت سياه","description":null,"timestamp":null,"begin":null,"end":null,"altitudeMode":null,"tessellate":-1,"extrude":0,"visibility":-1,"drawOrder":null,"icon":null}},
{"type":"Feature","geometry":{"type":"Polygon","coordinates":[[[52.79277940433304,29.53214733001973],[52.78632776116878,29.53631805586726],[52.78184606777306,29.5378455230432],[52.77320358950662,29.54167309952628],[52.77051404967237,29.54342681865212],[52.75811142401967,29.54618273389141],[52.74820713335259,29.54960456743593],[52.74426915954918,29.55236667278869],[52.74075808668705,29.55369506408101],[52.73960652559345,29.55484776686744],[52.73237386397727,29.55271595082838],[52.72646849507827,29.54398420887774],[52.72251933702026,29.53958274897946],[52.71789895945271,29.53771218720431],[52.71335448147978,29.53437733073578],[52.70907678725358,29.53337771986538],[52.70394961954666,29.52672053677495],[52.70434173314377,29.52564581393247],[52.69889848299695,29.52445712023959],[52.70390919019336,29.51964981592913],[52.69979730351413,29.51863767361265],[52.6924361253655,29.51378520660076],[52.6904942663089,29.51159315207662],[52.69466483009227,29.50950726228753],[52.69345564025512,29.50825466146858],[52.6868589964305,29.50592814628971],[52.6845497130985,29.50371927558509],[52.67777718135433,29.50200934124177],[52.66863093198837,29.49763196403562],[52.65713011678427,29.49457292884338],[52.66301909572129,29.49226530239362],[52.67121811666159,29.49015362760763],[52.67586099334798,29.48990160433162],[52.67468177697511,29.48573386312267],[52.68310614339405,29.47974289684764],[52.68172450375863,29.47646916151278],[52.67758382780004,29.4736836713612],[52.67746738448445,29.46928841486225],[52.68016133935119,29.46950441486349],[52.68592928800929,29.46748682679128],[52.69187483797297,29.45977112805412],[52.68979583729048,29.45800374682143],[52.69462686689759,29.45404140743891],[52.69467631746612,29.45036236631069],[52.70067817800392,29.45076620956293],[52.70282746933163,29.45051160197423],[52.71044427789994,29.45124980750042],[52.71346051114471,29.45058362941676],[52.71659290051483,29.45079120113689],[52.72448640311319,29.44830226368499],[52.73458918930997,29.44479551330684],[52.74219675468599,29.44453350688532],[52.74499663708947,29.44295504066103],[52.75011809852025,29.44144112615995],[52.75457669443049,29.44064088355621],[52.76039766048278,29.43874721503686],[52.76695430082504,29.43977513618921],[52.77064062633924,29.43831002766947],[52.77248536952401,29.43519124893716],[52.77242945461047,29.4306340438742],[52.77473935546355,29.42691807472981],[52.78046971188616,29.41879461208141],[52.78867381319058,29.41231993217112],[52.79207020024886,29.41058979825298],[52.79427080216451,29.40826893808022],[52.79576503771221,29.40196640550347],[52.80736850767377,29.38044587976038],[52.81818773876843,29.36095705770542],[52.83491403958974,29.33763293367218],[52.84041869152769,29.32563689557711],[52.84249167504697,29.32394518797295],[52.84964246080074,29.32397219256131],[52.85950348003419,29.32316236560657],[52.86771399160522,29.32164113800709],[52.88657809123071,29.31327520282248],[52.92203151994056,29.28709360528838],[52.92970626383784,29.28258345922628],[52.93460587104595,29.28075634664109],[52.94022621645443,29.27975160470428],[52.95361909437926,29.28009622140462],[52.95366453841795,29.28843207885648],[52.95297991483393,29.29409901396097],[52.95297626935678,29.29985522927114],[52.95191621634812,29.31019211649165],[52.95139507149337,29.31898661346583],[52.9447869626875,29.3254954789475],[52.94142154796516,29.32745159854676],[52.93655418012286,29.33101469478238],[52.93007368908803,29.33342174351647],[52.91872659441559,29.34191132787653],[52.91385522456205,29.34345478093302],[52.89994143858196,29.35368953626826],[52.8981526209077,29.35588584153547],[52.89653826090606,29.35963745156546],[52.89548612456273,29.36606488213312],[52.89710102174023,29.36925228482139],[52.89619519090225,29.3727237630657],[52.89027389225185,29.37892714248964],[52.88721693454256,29.38119318419979],[52.88446156227921,29.38815210591634],[52.88482862534116,29.38954386673182],[52.88902844711671,29.39092406354026],[52.8900383506675,29.39262455634643],[52.8889527819188,29.3994387599275],[52.88930985186785,29.40421693097009],[52.89171915135577,29.40777370962509],[52.89407756164386,29.40938461734671],[52.89319682151192,29.41503130147915],[52.8891724098504,29.41548470895163],[52.88269246677584,29.41984298449361],[52.88129351530937,29.42323230394463],[52.87913560841907,29.42609029068338],[52.87891596155602,29.42837216489856],[52.88316423628925,29.432748293764],[52.88367280416295,29.43827152052164],[52.88218253433205,29.44061830744215],[52.8840077581943,29.44494236901495],[52.88696617771809,29.44624673104613],[52.88826159146404,29.44960006902455],[52.8878242132763,29.45214107979163],[52.89024505156757,29.45310110655144],[52.8948479351098,29.45365330694513],[52.89719084387948,29.45501729971134],[52.90654976227286,29.46220429233701],[52.90927090432199,29.46497484238839],[52.91175679975329,29.46663575011678],[52.91461754220011,29.4702809754261],[52.90785311879617,29.47938158918105],[52.89598754789282,29.48859389241398],[52.89178905665447,29.49035815834277],[52.88888788751747,29.49101602374401],[52.88626660072156,29.49397158620993],[52.88129722909473,29.49833717763793],[52.87956078929422,29.50083218532651],[52.87371963294486,29.50604528595308],[52.86981778608844,29.50610327362243],[52.86375366259617,29.50780228182879],[52.85927291356391,29.51076059866649],[52.85348067023718,29.51095639605263],[52.84256427256849,29.5171873999124],[52.82954638399178,29.52120842553678],[52.82058482812847,29.52573397052238],[52.81806861829062,29.52404128083465],[52.8136325080114,29.52579213889714],[52.80936313615107,29.52582362973763],[52.80382139407248,29.5270420420424],[52.7995287454476,29.52845236273019],[52.79629633713275,29.53066061665108],[52.79277940433304,29.53214733001973]]]},"properties":{"Name":"منطقه شکار ممنوع مهارلو","description":null,"timestamp":null,"begin":null,"end":null,"altitudeMode":null,"tessellate":-1,"extrude":0,"visibility":-1,"drawOrder":null,"icon":null}},
{"type":"Feature","geometry":{"type":"Polygon","coordinates":[[[53.77482877233353,29.93735484884983],[53.77829076438064,29.92971961266589],[53.78274012727297,29.92240263477918],[53.78395192062303,29.91921873070959],[53.78723771477392,29.91494008144901],[53.79127553226736,29.9108940295891],[53.79240662932106,29.91075706895127],[53.79869679601609,29.90366862042648],[53.80282946997865,29.8984111578183],[53.80703938480672,29.8970786017845],[53.80927936816308,29.89161677389362],[53.81133383529494,29.88978903767485],[53.81336728085619,29.88679961009157],[53.81759700496151,29.88329432032036],[53.81627232875027,29.88194643872315],[53.81560186111522,29.8789025728348],[53.81674911942181,29.87602376746644],[53.81479855470451,29.87321110774662],[53.81734592880353,29.8722902283544],[53.81695370277256,29.87082048343276],[53.81792823523453,29.86804220209709],[53.82120331839931,29.8638946157948],[53.82419126895553,29.85786722666524],[53.82453000885542,29.85536246054181],[53.82603745922715,29.85283266535471],[53.82765966241708,29.84815457422236],[53.83091988550642,29.8455871576943],[53.83617970599286,29.83930690154218],[53.83867777607701,29.83461497123698],[53.83894328649286,29.83160206029065],[53.84012190437859,29.82780496326221],[53.84254023670031,29.82856842043309],[53.84357629893755,29.82673249975221],[53.84729498991219,29.82665234154378],[53.85256195966588,29.82443413705628],[53.857115207011,29.82188043262904],[53.85844983070017,29.81930861830414],[53.87353495800782,29.80530205359567],[53.88630600457974,29.79974261128101],[53.89314283129558,29.79914014524546],[53.90125370068254,29.79950567945689],[53.91632072389618,29.79980786828364],[53.91928189126141,29.80164451915719],[53.92485200793711,29.80034380754985],[53.92858828436664,29.80133280728704],[53.93209805906615,29.79823578854214],[53.93150336311651,29.79208993331816],[53.93282009817298,29.78976615397845],[53.93951087148425,29.7913081531221],[53.9411712298245,29.79127119413088],[53.94404455689853,29.79483013952207],[53.94461261986388,29.79059069711566],[53.94353451624026,29.78687100323455],[53.94413439556232,29.78371773967097],[53.94634844424368,29.7789585387642],[53.94666091758667,29.7754493791591],[53.95519543975913,29.77380960345005],[53.96758108456278,29.76664846928547],[53.99871434512177,29.75700927866546],[54.00294642846802,29.75969073386066],[54.01024082789962,29.75831718566692],[54.01671200239859,29.75545185307269],[54.02216536705077,29.7510178847455],[54.02306413603356,29.74859537484343],[54.02831450119352,29.74550809025181],[54.03662202053089,29.74609464168384],[54.04228087717316,29.74850777299285],[54.05106223291113,29.7497606841665],[54.05367677511494,29.75054805320611],[54.05694557995979,29.7542166729324],[54.05467005499205,29.75660055600606],[54.05589064545923,29.75946877472607],[54.05468826249964,29.76253429232172],[54.05518286170115,29.76548993597234],[54.05410334223338,29.76919079239774],[54.05436663857806,29.77159274548385],[54.05145844455602,29.77298851116796],[54.05113337697033,29.77482280766234],[54.05404108174413,29.78281009783668],[54.05325302686701,29.78507027862756],[54.04771864129371,29.78777219352162],[54.04417917538886,29.79034489067761],[54.04163356000581,29.79430623160745],[54.03409451298467,29.80000985765],[54.0315357481017,29.80355614947947],[54.02821312499504,29.80703688324748],[54.03200405127733,29.80960705214551],[54.03512392967636,29.80887108301639],[54.04008391605358,29.80601678618878],[54.04219220250364,29.80646644615177],[54.04842648385731,29.80482802274658],[54.0577227530918,29.80369969396053],[54.06232750853407,29.80483851433437],[54.0536306516541,29.82433349202042],[54.05676567705525,29.82845934904425],[54.06078320826181,29.83190865014683],[54.06569739487593,29.83022018676524],[54.07232162368836,29.83032854662596],[54.07485376768324,29.82948237875935],[54.07713180597449,29.83507085523997],[54.07680133041013,29.83901453883705],[54.07304007499421,29.84395656585731],[54.06862069657791,29.8470770160874],[54.05624835222148,29.85789958894877],[54.05255330885756,29.86506997363046],[54.05066168398054,29.86721295024893],[54.04270588364922,29.87290718243579],[54.03729638115251,29.87750585096716],[54.03358959737083,29.87918659398452],[54.03171468910267,29.88090909683884],[54.02342326481444,29.88521398505913],[54.01434589769095,29.89096383642924],[54.0115579245528,29.89438634371494],[54.00916592447287,29.89175394355313],[54.00554179132756,29.89301220411503],[54.00232039301878,29.89484898458955],[53.99991782870528,29.89507162776185],[53.99319752433525,29.89270529723472],[53.99015634118067,29.89058269103695],[53.98548776178659,29.88397085403393],[53.97853201369616,29.87559672889525],[53.97624351680373,29.8712147252344],[53.97667205370658,29.86955308896598],[53.97675539103605,29.86331305251934],[53.97774378524609,29.86040198320698],[53.97919404879126,29.85193718579273],[53.98029498230071,29.84980430692536],[53.9792793996548,29.84576736394754],[53.97624594263159,29.8481408659215],[53.97311523480477,29.8495073127372],[53.96883366276746,29.84882621000971],[53.96610152122713,29.85026991675785],[53.9645858495869,29.85263654298549],[53.95802912206913,29.85546185000554],[53.9525055644402,29.85636311247196],[53.95224657422653,29.85766478139273],[53.95570070225433,29.86052473904699],[53.95640961048569,29.86439646017469],[53.95565029878082,29.86553656422374],[53.95819737611818,29.8683975751908],[53.95432999052573,29.87423478278272],[53.94822267782789,29.88176500488324],[53.94533778878871,29.88441135382306],[53.94332579805129,29.88926795936858],[53.93951217854231,29.89240435907449],[53.93525323618461,29.89414227650489],[53.93381785562535,29.89112291433373],[53.93163600311021,29.88834593092095],[53.92103693019308,29.89848817838098],[53.91194884301395,29.90019146977287],[53.90917571078529,29.90265623094264],[53.9069526386653,29.90655092124138],[53.89075787241827,29.90998668700444],[53.87125761881956,29.93286374332855],[53.86543478469741,29.93941255487492],[53.86026113085403,29.94245435970645],[53.84990907854778,29.94538280792541],[53.84427858037584,29.94482853185257],[53.841731196938,29.94623554229521],[53.83856115746296,29.94697991999809],[53.83536762183362,29.94689849626992],[53.82890372635136,29.95041757012596],[53.8263335070574,29.95407815794906],[53.82216469804389,29.95612050446313],[53.81308186361003,29.95826781417338],[53.80222379932214,29.95864959410005],[53.7982392305134,29.95805832296615],[53.7867443277962,29.95417088080622],[53.78523938755802,29.94969589912604],[53.78510501331304,29.94693152144884],[53.77866024644443,29.94300678806883],[53.77467904585156,29.94198749682941],[53.77467839831041,29.94198543602237],[53.77429305337697,29.93989724553149],[53.77421631419337,29.93941505052968],[53.77424834392879,29.93913750981895],[53.77482877233353,29.93735484884983]]]},"properties":{"Name":"منطقه شکار ممنوع روشن کوه","description":null,"timestamp":null,"begin":null,"end":null,"altitudeMode":null,"tessellate":-1,"extrude":0,"visibility":-1,"drawOrder":null,"icon":null}},
{"type":"Feature","geometry":{"type":"Polygon","coordinates":[[[53.2402967819793,28.78450497283895],[53.23695010008692,28.78507744461177],[53.23119276004061,28.78439229330356],[53.22583031545835,28.78553864129757],[53.22305031597754,28.78298345415026],[53.22270900389106,28.78050044163375],[53.22354097921917,28.77822581193055],[53.21945772202137,28.77547747885843],[53.21599323365063,28.77548698470542],[53.21126079240451,28.77816838099503],[53.20804851134855,28.77935597194161],[53.20709371307687,28.78091750657065],[53.20983457560716,28.78349449998292],[53.20675912112784,28.78710006858828],[53.2022238285177,28.7904926939781],[53.19880132839147,28.79022413753418],[53.19691125203097,28.78895317172929],[53.19255275296511,28.78947153148333],[53.19138600706214,28.79288605158635],[53.18928908899815,28.7955543799455],[53.18465828726903,28.79894935652441],[53.18214119541588,28.80137967117817],[53.18221926398909,28.80439383435894],[53.18341642822623,28.8069430116711],[53.17802639102087,28.81169296012662],[53.1759945331125,28.81257791058909],[53.17525068577802,28.81417375871134],[53.17202145601507,28.81617378967974],[53.17022524129626,28.81888258749028],[53.16723157679873,28.81919271053068],[53.16366316289368,28.81591495867211],[53.16188858136228,28.81698107833358],[53.16122281233417,28.81940809094443],[53.15776817961784,28.82318190112518],[53.15617811882125,28.8261180547863],[53.14952220037505,28.82593928111728],[53.14662514998891,28.82637876591495],[53.14053879731529,28.8250592601931],[53.1376533981413,28.82318604006969],[53.13324563498659,28.82426794517123],[53.12898612396993,28.82433524321477],[53.12312126733279,28.81965914962008],[53.1211358213636,28.81367107525623],[53.120530198183,28.80942899966212],[53.12384499069943,28.8040333721937],[53.12410208389868,28.8020296121909],[53.13004899284545,28.79805245905143],[53.13605076148048,28.79302499902683],[53.13675988276253,28.79127396672276],[53.13964486883285,28.79040871602031],[53.14172616226254,28.78754889035135],[53.14469006634322,28.78600142722307],[53.14327507353298,28.78345820151005],[53.13832442552408,28.780237705327],[53.13213265157704,28.77753179209084],[53.13202340428926,28.77468500616377],[53.12889899403778,28.7730731129766],[53.12672887410918,28.77059237446623],[53.12526789965042,28.77192959869102],[53.12246408058901,28.7717630059013],[53.11948153476153,28.77057438400611],[53.11503725482012,28.77097828815387],[53.10871059492642,28.76790751977542],[53.10606572571122,28.76387838949704],[53.10535811170531,28.7577474420693],[53.10747389362953,28.75663562241883],[53.1099696683541,28.75067926786813],[53.11379782111137,28.74915663580514],[53.11380610572141,28.74663483878849],[53.11899593192432,28.74370840592729],[53.12022333819741,28.73967482985066],[53.12404698650171,28.73452005331716],[53.12651417903283,28.7348333407683],[53.12586057556188,28.72746425070391],[53.12703112579563,28.7243842061252],[53.13096925314777,28.71831143768393],[53.13170729303469,28.7156083655058],[53.1338351911598,28.71301334506887],[53.13735664852938,28.7111017630934],[53.13974604058479,28.71055465313414],[53.14296101570535,28.71111466693715],[53.14422435915241,28.71004141691913],[53.14599594648789,28.70530216494878],[53.14573923643239,28.70242224293836],[53.1471697414922,28.70082590597314],[53.15018993909361,28.69984391014585],[53.15159828233044,28.69446655214984],[53.15528097653719,28.69368939457987],[53.15881045012618,28.69068099551684],[53.16025719970076,28.68747388919817],[53.15765125226859,28.68477400506331],[53.16948360596548,28.67950937262947],[53.17272745866069,28.6769656474142],[53.17738088813441,28.67428052878069],[53.18080891995061,28.67090309948601],[53.18183690144458,28.66857283408001],[53.1851362810697,28.66549400668582],[53.19030152678012,28.65835079376269],[53.19042800672484,28.65403345954129],[53.19636758065545,28.64964837752375],[53.19976221244816,28.64654158469119],[53.20180080750784,28.64118861793673],[53.20320635853204,28.63910380898454],[53.20912971649005,28.63847122143432],[53.21219735606733,28.63986451500807],[53.21312502551039,28.64174634898772],[53.21633646951228,28.64330214827372],[53.22074129897514,28.64380733484385],[53.22176570287325,28.64139868465567],[53.22058687408755,28.6386962588523],[53.22231874227708,28.63763863455552],[53.22595453892831,28.63831947952104],[53.22809041079152,28.63985143138097],[53.23165662409626,28.64049377338987],[53.23561943939437,28.64220167769114],[53.24429813841033,28.63925392630164],[53.24891551656879,28.63657932008314],[53.24946491096445,28.63384846496646],[53.25090732068803,28.63135020276958],[53.25552859158171,28.62888151474106],[53.2617910855834,28.62667395522979],[53.2679874106026,28.62487960377912],[53.26936083551009,28.62368131939057],[53.27592609764527,28.62628707319898],[53.27930996571326,28.62625628445115],[53.28573384068078,28.62767468270136],[53.28894715436964,28.62757295625597],[53.29338393945005,28.62664266640785],[53.29701178850625,28.62697687776788],[53.30437000682259,28.62564037129947],[53.31003607699651,28.62596383479705],[53.31069795552706,28.6281850738872],[53.31704230557438,28.62745438257442],[53.32059507349064,28.62352113033631],[53.32206891253976,28.62396669875699],[53.32466983040496,28.62763815673355],[53.32640612696097,28.62677999487165],[53.32797758101749,28.62339153284581],[53.3299916239817,28.62408122515168],[53.33198051597919,28.62241269976062],[53.33511194851623,28.62479829540153],[53.33734986771586,28.62558638278093],[53.34042572268866,28.62475388289754],[53.34571486767709,28.62480740475305],[53.35011033518953,28.62296861891402],[53.35122891879963,28.62375556028708],[53.35464323274944,28.62363539031167],[53.36404654549582,28.62202089067149],[53.37050995145118,28.62310601277762],[53.37282711945266,28.62554953936485],[53.37592397486964,28.62522188538826],[53.37816355467797,28.62416693442919],[53.3852155197872,28.62456395613194],[53.38787595308394,28.6234679765726],[53.38668259510938,28.62131862994312],[53.38668400397148,28.61922105402596],[53.3921919699233,28.61855872871121],[53.39822415298092,28.61856143474881],[53.40120078919831,28.61809766940752],[53.40816483934358,28.61533287987324],[53.41234041290485,28.62190527218019],[53.41579665364854,28.62190634176529],[53.41824099597433,28.62270625796417],[53.41949038125756,28.61777208120839],[53.42225253961068,28.61338301365851],[53.42116939802282,28.61089495322915],[53.42696875584419,28.61012685163665],[53.43392792604166,28.60853974634679],[53.43583316540889,28.60692692138776],[53.43800723277003,28.60985757581146],[53.44511907249331,28.61034294886497],[53.44782360550174,28.60973346209627],[53.45202227797956,28.61031569818341],[53.45626691974911,28.61002466782281],[53.46266346741173,28.61217708672692],[53.4661886426552,28.61051403712217],[53.46830270387945,28.61186921187318],[53.47165976052747,28.61282969399786],[53.47256332630395,28.61507760578345],[53.47523167055183,28.61412625906713],[53.47694271331634,28.61681894715299],[53.4799172237037,28.61949466153697],[53.48444679500881,28.62109537246834],[53.48844940728952,28.62131011756976],[53.48852209858506,28.62310869099123],[53.48640196221999,28.62686655089501],[53.49347600745829,28.63294727123578],[53.49400435241368,28.63652441313651],[53.49848452870823,28.63794913755914],[53.49757255291887,28.64255129157694],[53.49998336734312,28.64318346876234],[53.50503856184784,28.6408733262622],[53.50639255562693,28.64266713961486],[53.50989676692475,28.64427911336486],[53.51311700244419,28.64848602046762],[53.51108330889103,28.64971968325559],[53.51374673285761,28.65384715272619],[53.51672633576493,28.65546698971725],[53.51869883895228,28.65481597785687],[53.5232921654653,28.65936900691768],[53.52619842857731,28.66300626211204],[53.52704354653493,28.66576772867026],[53.52866710917346,28.66727899408599],[53.5349439231151,28.66622005702171],[53.53646685050622,28.66652116984083],[53.54290881896066,28.66511907991911],[53.53636809916664,28.67444957674223],[53.53027605003484,28.68004043868912],[53.52572282244064,28.68340164450863],[53.5200562450169,28.68829316010393],[53.51501953500488,28.69161225581012],[53.51242705132323,28.6927639909067],[53.51063020904087,28.69120694463526],[53.50476941441274,28.69305026589317],[53.49602529384453,28.69665592292036],[53.49139418090135,28.69797602791728],[53.49066022428439,28.69921833489409],[53.49103622425371,28.70225360594371],[53.48177518347629,28.7063176815753],[53.45145148076938,28.72192001831144],[53.44805292303506,28.72443651302369],[53.44359638248963,28.72893989378831],[53.43838623160522,28.73150438553479],[53.4370006644178,28.73424965605562],[53.43060186724967,28.73801621365124],[53.42995169914795,28.73963037432892],[53.41838861951508,28.73912056082355],[53.4132125877596,28.7402439475362],[53.40638281864458,28.7435410930686],[53.38737040031749,28.74816928336273],[53.38040494847026,28.75097839034544],[53.37523584963721,28.75235955596991],[53.37089500357481,28.75422386339507],[53.36983182253972,28.76032866002971],[53.36591072404151,28.76621893459178],[53.36465888323413,28.77028996579948],[53.36050185907635,28.77941204290992],[53.35453727219239,28.78798389590229],[53.35242657130009,28.78825277986411],[53.34338232498517,28.7862842847466],[53.34021074662539,28.78444331160954],[53.33173258537418,28.7781790729587],[53.32793317113129,28.77613986918898],[53.3267874128392,28.77064713224178],[53.32740294757099,28.7676297140165],[53.32548628106584,28.75814114882334],[53.32532860069296,28.75102772473845],[53.32227734636156,28.7467704267816],[53.31614129560534,28.75039811909998],[53.3118508798846,28.7559247326023],[53.30567159154742,28.75980708428988],[53.30342896384029,28.75954240630659],[53.30107766268511,28.76053227065412],[53.29763774646767,28.76084665865407],[53.295212349165,28.76256335463376],[53.2912040036379,28.76359173360102],[53.28972474540612,28.76226179775209],[53.28648912996682,28.76441241245869],[53.28157153491969,28.76540880949917],[53.2780667976767,28.76696871495857],[53.27984733653062,28.76948009965513],[53.27688196989398,28.77059791057632],[53.27029940653347,28.77739400630754],[53.26237806812993,28.77921313724602],[53.25604598895546,28.77944001976947],[53.24660906931941,28.78176995894686],[53.2402967819793,28.78450497283895]]]},"properties":{"Name":"منطقه شکار ممنوع کوه گورم","description":null,"timestamp":null,"begin":null,"end":null,"altitudeMode":null,"tessellate":-1,"extrude":0,"visibility":-1,"drawOrder":null,"icon":null}},
{"type":"Feature","geometry":{"type":"Polygon","coordinates":[[[55.02795854758729,28.77520050944575],[55.01571411948086,28.76425968169997],[54.99991849688767,28.76559390648639],[54.9827486730721,28.74866819165074],[54.98655628143623,28.74526303601004],[54.98350063619851,28.74334025114351],[54.98232377896337,28.74013791525413],[54.97743825595151,28.73758944865402],[54.97761356247328,28.73365471486175],[54.97437967019196,28.73051931580692],[54.97266151164177,28.73052568185981],[54.96620503338853,28.7243353149893],[54.96185142190705,28.72284751538635],[54.95931983504519,28.71924005119861],[54.95541952437855,28.71530478200562],[54.95133686399454,28.71321059575449],[54.95116484260465,28.71101146101598],[54.94627803033101,28.70957987710484],[54.9426076704131,28.7098357217167],[54.94170045300865,28.70798243010141],[54.9440699329585,28.70417772476086],[54.94804026474604,28.70192655383847],[54.95893523323338,28.69462135592224],[54.9623699402372,28.69531288278962],[54.9643587105422,28.69304467115674],[54.96900281073145,28.69078731569714],[54.96871963380227,28.68745004046822],[54.97063130460316,28.68536805213772],[54.97378440072724,28.68329226894339],[54.97656788833537,28.68291691166489],[54.9789573811258,28.67944762871005],[54.97988660046043,28.67515289623208],[54.98152732947604,28.6738964705316],[54.98663290726287,28.67273762882077],[54.9910263963168,28.67109574367932],[54.99543087015165,28.6654040804737],[54.99726196617593,28.66410172253793],[55.0017778188455,28.65925784658954],[55.00260245009503,28.65675281710917],[55.00708366991653,28.65269604028187],[55.00673474117463,28.65166216360156],[55.00980736193581,28.64728435205173],[55.01329564929334,28.63873455265003],[55.01712115521362,28.63315321599866],[55.01860652055427,28.62849186184887],[55.02016138253894,28.62607154099237],[55.02280564432176,28.61918270912595],[55.0243136401913,28.61327940347252],[55.02567921348558,28.61144665507024],[55.02900553482831,28.60935238779923],[55.02883112501652,28.60024494990052],[55.0291825127635,28.5942696507506],[55.02901973195079,28.5901392132638],[55.02435686963005,28.5733473773039],[55.02475082480997,28.56509695858792],[55.02383514104191,28.56119103153609],[55.03507089089911,28.55927622021862],[55.03569472615988,28.55627575115666],[55.03955455361069,28.5538236467156],[55.04434674094273,28.5536061695283],[55.04874778294708,28.55259469351755],[55.05055515010434,28.55140252929809],[55.04517223771855,28.54845889762903],[55.04795311686215,28.54728078371593],[55.05049850176935,28.53685569631198],[55.04817900816617,28.53503098656684],[55.04045315230795,28.53710116500264],[55.0357918345245,28.53690091388683],[55.0327348880294,28.53539486427449],[55.03081250400048,28.53357298527558],[55.03138349948549,28.53118925232012],[55.02898798248162,28.52847378193285],[55.0304306479991,28.52174026502272],[55.02742244356479,28.5176434695893],[55.02728215007448,28.51305673544717],[55.02831295450586,28.51021456964833],[55.02958299902377,28.5025918223454],[55.03119668547024,28.50075475437486],[55.0332084227333,28.49367425760552],[55.03571295939224,28.48839486189444],[55.03763074363145,28.48636275992431],[55.04113186434184,28.48003450189914],[55.04356708203446,28.47847487964],[55.04466000268835,28.4762978996901],[55.04810172002492,28.47315796701064],[55.04926722381464,28.47111487739806],[55.04902633528128,28.46785557895221],[55.05247129540173,28.46451622678306],[55.05517285957522,28.46070102751675],[55.05746923806247,28.45847468368011],[55.06209566639654,28.45628151659501],[55.06663081555659,28.45083101932964],[55.06980659985133,28.44569330353504],[55.07321404973738,28.44434623075836],[55.07747927952806,28.44169933884727],[55.08312591344978,28.43738888013494],[55.08484972956866,28.43359949952161],[55.08851341046848,28.43072424962067],[55.09381599713272,28.42875875835433],[55.09733746904659,28.42820198802322],[55.10622207789869,28.42507392934437],[55.11368524583626,28.42287161377622],[55.11442697537681,28.42032587836283],[55.11773692600711,28.41702907444329],[55.1196280588958,28.41270980768547],[55.12561251461541,28.40500852363503],[55.13455841678665,28.39644604759488],[55.13367778480472,28.39244024412299],[55.13829266716785,28.38951860042561],[55.14129948480796,28.38611242435426],[55.14334455712601,28.3860562332783],[55.14898685717468,28.38142457999596],[55.15025895439016,28.37933987452803],[55.15434062638607,28.37695692417702],[55.15573689892774,28.37728999988716],[55.16013712172031,28.37526589343423],[55.16510480530592,28.37559843632545],[55.16845191307259,28.37436334748098],[55.17420987573713,28.36907600698327],[55.17669323785967,28.36898013273613],[55.19316330552046,28.35692475170988],[55.1962842579304,28.35444414740891],[55.19975757387934,28.35245577203704],[55.20673084601206,28.34964691336738],[55.21208546309723,28.34827118765875],[55.21840423997365,28.34598617223452],[55.22594429068688,28.34508368264314],[55.22936985163754,28.34430020272592],[55.23054067679385,28.34313926553529],[55.22826301842254,28.34023098866073],[55.22752950334547,28.33817513360833],[55.22490264246437,28.33497175750963],[55.22351766802183,28.33196344701072],[55.22558833396418,28.3241337782017],[55.22584516713244,28.32080606291422],[55.22854493893404,28.31429795712481],[55.23073188441718,28.31105557361433],[55.23397312114928,28.30739258987952],[55.23520652222279,28.30475931060045],[55.23313675463511,28.30296161768304],[55.2375053728331,28.29964045006976],[55.23984296467056,28.29983155210308],[55.24529838847638,28.29726287664622],[55.24723967232289,28.29694287129944],[55.24871809512199,28.29486547693263],[55.25097147588922,28.29382295203182],[55.25626961326388,28.29243260456051],[55.26156934659534,28.29310974856346],[55.26541920938998,28.29528090562651],[55.27323259307728,28.30108390366173],[55.28847565493573,28.31083925858692],[55.29729837211149,28.3155498934202],[55.301733763173,28.31764960135612],[55.31475937438152,28.32328295695065],[55.31875283984356,28.32578810502216],[55.3250604280061,28.3312253703112],[55.3283653028819,28.33869181785452],[55.32898580122689,28.34445546163552],[55.33367053461506,28.34905957919801],[55.33398523904589,28.35341673309717],[55.33549406360059,28.35483789469529],[55.33788223434192,28.36299320787386],[55.33996572707338,28.37317631096745],[55.34717571788016,28.37727866696699],[55.3485951660933,28.37744098727923],[55.35283439705612,28.38034613735617],[55.35201408456742,28.38393624266293],[55.34976521753719,28.38546847706229],[55.33983712552525,28.39547329428701],[55.33380728800951,28.39862431953242],[55.33075180553931,28.40277894892374],[55.33121982710853,28.40549338859406],[55.33000041021547,28.40883207003617],[55.33127875207988,28.41104050069783],[55.33451446006187,28.41869028206847],[55.33445933665946,28.42407433145983],[55.33229699934694,28.43759477458231],[55.32902335312987,28.4508551885613],[55.32475914778293,28.4605934171481],[55.32127356350576,28.46510709518055],[55.31259468068275,28.47362149021014],[55.30126655266856,28.48376273462297],[55.29581156893947,28.48833039546149],[55.29548524427738,28.49189241012124],[55.29226367026606,28.49559637339781],[55.28848921686351,28.49602436922967],[55.28649529393123,28.49451336940916],[55.28606998907214,28.49839659563826],[55.28984369089229,28.50383011918971],[55.2888380415351,28.50947272967261],[55.27200067524893,28.53241913883547],[55.27163334376074,28.542468188432],[55.27191327404781,28.54981396728356],[55.27055977657555,28.5567123187696],[55.26109474308849,28.56165821975148],[55.25805920162066,28.56702848297076],[55.25842774667078,28.5681972177422],[55.25374010520135,28.57025955603334],[55.25146922112221,28.57625572295041],[55.24697740796534,28.58051139040093],[55.24592378431869,28.58323658577114],[55.24315590789967,28.58641886760566],[55.23660223496129,28.58984447833279],[55.23456602618195,28.58640642468033],[55.22749469348343,28.58553237319434],[55.21341011505896,28.58513433966473],[55.20673920464098,28.58440663380024],[55.19504657104147,28.58069785453334],[55.18709672314628,28.58414548875997],[55.18140170528367,28.58755182178266],[55.18254408733155,28.60071564366184],[55.17762171370956,28.60128922163384],[55.17582216974428,28.60289969315518],[55.1748664855993,28.60693797649787],[55.17479276803732,28.61120134629099],[55.17130572369956,28.6125757961938],[55.16906258548379,28.6165255741772],[55.16427220844506,28.62335479019509],[55.1581865456088,28.62590187908877],[55.15449326820114,28.62521197549843],[55.15362919049152,28.6275933010816],[55.1587846295716,28.63739375136515],[55.16301298732137,28.64016505152107],[55.16357159033613,28.64255555528772],[55.16563400356697,28.64476785635306],[55.1696642164434,28.64601384718985],[55.17091805306612,28.65159096297269],[55.17559171867401,28.65669203884819],[55.17127284783253,28.65708973450931],[55.16741114659031,28.6585606229408],[55.17224868769154,28.6656047922812],[55.17160273394668,28.66834690860296],[55.16992029144932,28.67046889109289],[55.16689766282265,28.67132812247353],[55.16587608473948,28.67396197438414],[55.16256636071867,28.67438042933771],[55.16013740346566,28.6759360437671],[55.15243075302677,28.68311217354907],[55.15459334604583,28.68580149405955],[55.15767657277432,28.68788332401746],[55.15921434835524,28.69008858877758],[55.16232015071109,28.69277848940722],[55.16011474639156,28.69440331469045],[55.16020502536706,28.69587728151613],[55.16296493290804,28.70018535111658],[55.15658891568009,28.69999445209284],[55.15232789183652,28.70045711659815],[55.14671992771453,28.70360934591008],[55.14344082140808,28.7086681871667],[55.13981808245853,28.71309725317985],[55.13542420750294,28.72040998463183],[55.13405393072729,28.72415253315196],[55.12970971122944,28.72848085871152],[55.12489854304795,28.73238461618284],[55.12017187042189,28.73817007912344],[55.11535138890477,28.7410468998245],[55.11194528998298,28.7472891618274],[55.10687023659588,28.75471750213023],[55.097991380876,28.75991490408221],[55.09017014744129,28.75822813224517],[55.08559290041025,28.75565575982301],[55.08095474391454,28.75642581747881],[55.07968219127068,28.75530144957919],[55.06533516187365,28.75920925671415],[55.04597922291801,28.76667177975143],[55.02795854758729,28.77520050944575]]]},"properties":{"Name":"منطقه شکار ممنوع کوهستان","description":null,"timestamp":null,"begin":null,"end":null,"altitudeMode":null,"tessellate":-1,"extrude":0,"visibility":-1,"drawOrder":null,"icon":null}},
{"type":"Feature","geometry":{"type":"Polygon","coordinates":[[[55.27972548603636,28.17930631021199],[55.26460676341469,28.18438559589536],[55.25859536812725,28.18448555047905],[55.25941742374347,28.18067816456902],[55.25769037257304,28.17386267599311],[55.25317555899305,28.16706777510005],[55.25019483804938,28.16725429452863],[55.24947431661222,28.16870484622847],[55.24615943767628,28.16995375188544],[55.24328232973807,28.16767108281212],[55.23868861491597,28.16963327009709],[55.23399202510675,28.17013421566907],[55.23090207185761,28.16925215845241],[55.22779459400864,28.16943654919824],[55.2228631684463,28.16881118578515],[55.21936077554472,28.16988856518556],[55.21647882499696,28.16990337608159],[55.21003004454359,28.16712812653814],[55.20483800856588,28.16694786448913],[55.19883950688404,28.16574621104462],[55.1943309222908,28.16259892086766],[55.19160270291111,28.16284363751313],[55.18478867689473,28.16494308112125],[55.18067235169522,28.16859392275398],[55.17682044230553,28.16410735063036],[55.17177825733666,28.16258039388923],[55.16627756612957,28.16194541004589],[55.15671964968767,28.16148022598186],[55.14316111865077,28.16157776086219],[55.14098445045424,28.16289565657998],[55.13992545289423,28.16551998841159],[55.13372915039618,28.16481810326467],[55.1284233916537,28.16755281363846],[55.1262814026692,28.17049907247036],[55.12521609278393,28.17346004121884],[55.12276207804791,28.17612125002851],[55.12212726865466,28.17981794219909],[55.12392605533407,28.1820321633257],[55.12460077343102,28.18547040590478],[55.1208476783107,28.18777259462312],[55.11351268112314,28.18329258584409],[55.10915856643974,28.1822780844289],[55.10573789702913,28.18223078556212],[55.10286851685335,28.18325774144249],[55.10157791321954,28.18099416447658],[55.09896128449037,28.18104549832583],[55.09924488341384,28.18393731018956],[55.09297500356222,28.18020086824476],[55.08760932957701,28.17552237636341],[55.08248772679933,28.17494545401967],[55.0761435612876,28.16933089616116],[55.07266204695198,28.16818275997484],[55.06562496187321,28.16493959193132],[55.05880262770604,28.16035172766834],[55.05598924762638,28.15519386439989],[55.05132577399068,28.14311967907637],[55.05078229705515,28.13800583577799],[55.0487975224472,28.13488988977501],[55.04781712632835,28.130384533092],[55.04827608659655,28.1225312705128],[55.04943261060259,28.11811255708749],[55.05360234962417,28.10812248194364],[55.0580539876503,28.10352584294157],[55.06511444180354,28.09817989128849],[55.07014083060472,28.09325407673788],[55.07628494662272,28.08952272610756],[55.08209125270162,28.08696534915832],[55.08876244109005,28.08559875980608],[55.09151163608746,28.0840650462169],[55.09319083309502,28.08217955025594],[55.09656283549948,28.08121581104858],[55.10020274610185,28.07941355506689],[55.10310285980036,28.07647811635986],[55.10494596326185,28.07605444252161],[55.10938231174742,28.0721294975927],[55.10970619487593,28.06809166582224],[55.11336788121084,28.06436296685194],[55.11976445183051,28.06339624850968],[55.12275825241754,28.0621366768274],[55.12521563903113,28.06209996598939],[55.12933500620775,28.05990656287526],[55.12730854240606,28.057945670834],[55.12925749113962,28.05523053176366],[55.13332597154423,28.05366900594621],[55.13835809605392,28.04906234823931],[55.13988419647399,28.04556799865107],[55.13852750995159,28.04382724584701],[55.13914463873614,28.04249989748574],[55.13384054507894,28.03993224277246],[55.13376397250657,28.03863064052072],[55.13659970855008,28.03729828452466],[55.15422601620828,28.03514608112956],[55.15586541169093,28.03193425036765],[55.15694553423054,28.03131603751446],[55.17280205904223,28.02832917135482],[55.1737398096169,28.02440475103559],[55.1869569333549,28.0204671598701],[55.19963438030467,28.01796238727149],[55.2049543448644,28.01722351693785],[55.20958184622418,28.01763540703452],[55.22114983514715,28.01807288578191],[55.2283853948435,28.01891832734447],[55.23658553365691,28.01835541245796],[55.24051545319714,28.014061151117],[55.24160401227106,28.00949249210078],[55.24128156018276,28.00747043738903],[55.23737885665313,28.00432905658015],[55.2374658792734,27.99898291455999],[55.23939022216955,27.99641749435033],[55.24222572786315,27.99570182030734],[55.24815271441342,27.99183469223241],[55.25167754604904,27.99223780317312],[55.25407112932378,27.99396986703034],[55.25820852457198,27.99393278833939],[55.26553620536721,27.98999520320379],[55.26949031052311,27.98879117772596],[55.27144832467025,27.98621854210786],[55.27017703192217,27.9836948508829],[55.26496200439412,27.98174837248172],[55.26334771392035,27.97545874321203],[55.26538927521344,27.97396197153319],[55.25998718463886,27.96484809855929],[55.2557298402446,27.95986834437164],[55.25661862482797,27.95477464129947],[55.26428564471034,27.94206432327179],[55.26815429683203,27.9397844589995],[55.27031446604742,27.93712477737108],[55.27796439040387,27.93166786128349],[55.28288051943498,27.93325181345075],[55.29358456453166,27.93231015652432],[55.29487837510199,27.93340093122312],[55.29821675369639,27.93272574028664],[55.30295260809152,27.93296332133899],[55.30464283061865,27.93450670651729],[55.30908328641247,27.93429262915849],[55.31476975367263,27.93176503697714],[55.32404404297348,27.93196780667457],[55.32697756612687,27.93137654390195],[55.33727383186623,27.93069520214773],[55.34229445749283,27.93209919214627],[55.34513390496854,27.93105858949538],[55.35075825324029,27.93255909266298],[55.35681317261746,27.9322732354456],[55.35668931213671,27.93379434062574],[55.36137379515644,27.93474679673108],[55.36700696597261,27.93470729339772],[55.37349483083044,27.93361330548306],[55.37551063452157,27.92703809642144],[55.37981359023415,27.91974471883449],[55.38971804967296,27.91443263282578],[55.39431446410011,27.91150607111273],[55.40013519564447,27.90678414870241],[55.40663828049944,27.90451790364828],[55.41065356497927,27.90030679947855],[55.42041803350661,27.89616158890548],[55.42582668619965,27.89494622964049],[55.42941088116227,27.89562575166785],[55.43358177709018,27.89716335533844],[55.44005924214388,27.8965982075914],[55.46449623057136,27.90528132461288],[55.47142783626687,27.90652923071981],[55.48761888378014,27.91237136170595],[55.50029219024604,27.91576906727209],[55.51117931157986,27.91450781020227],[55.51740431110683,27.9135021104095],[55.52548729681043,27.91542803132996],[55.5318909694567,27.91396379651313],[55.53909317677999,27.91725890969588],[55.55045885792043,27.91891163195645],[55.56328547636752,27.91625955260388],[55.58443418052688,27.91580476941493],[55.59614563907627,27.91929339219279],[55.60969364497377,27.92751587056213],[55.61960472583339,27.93041382120866],[55.62279301979383,27.97885951962016],[55.58608209848102,28.03936190203569],[55.56769607642614,28.05195864990501],[55.54726911073105,28.07442315872137],[55.53269054596922,28.08633134169611],[55.51985647709613,28.0958772701036],[55.51527208552101,28.09586277055668],[55.50525454889408,28.09719092787201],[55.50035984028749,28.09675197198018],[55.49026894291184,28.09765765221678],[55.47874785795834,28.10171429499304],[55.47256139349735,28.10742398851234],[55.46581852073117,28.11505330116246],[55.46151669577639,28.12026294561197],[55.45647337515647,28.12801492305777],[55.45003285875264,28.13486590936935],[55.44512572451232,28.14214474311952],[55.44284095784074,28.14488353202986],[55.43612572957805,28.15101638991316],[55.43190059756036,28.15407700355708],[55.42722095545554,28.15678238159279],[55.42332209658762,28.15829926829724],[55.41875952326427,28.16100569105954],[55.41273691458354,28.16312241290434],[55.39577772974716,28.16594408286335],[55.38531515369942,28.17029797083574],[55.37647062602298,28.17248386196828],[55.36416807766454,28.17242484822011],[55.35656148733688,28.17214221642219],[55.34185013247542,28.17378679196118],[55.33744027676322,28.17404564577092],[55.32119488722459,28.17608578833577],[55.31824085844192,28.17690960915038],[55.3049050546487,28.17708245762243],[55.29464194651895,28.17769600472867],[55.28980949928467,28.17705073864487],[55.28557152786567,28.17757033372095],[55.27972548603636,28.17930631021199]]]},"properties":{"Name":"منطقه شکار ممنوع چاه نفت","description":null,"timestamp":null,"begin":null,"end":null,"altitudeMode":null,"tessellate":-1,"extrude":0,"visibility":-1,"drawOrder":null,"icon":null}},
{"type":"Feature","geometry":{"type":"Polygon","coordinates":[[[54.51999828307781,28.27014526002288],[54.51867799967837,28.27080203736468],[54.50872321150866,28.268605631357],[54.50252495178362,28.2653159553506],[54.49740744214125,28.26480526025027],[54.49568555751917,28.26377833177521],[54.49528360696029,28.2597393340511],[54.49327179325702,28.25903559572233],[54.48922360487511,28.25636649025005],[54.489769182183,28.24771434624855],[54.48966983228933,28.24145805362235],[54.49069574780495,28.23438260052398],[54.48995928094546,28.22917299092815],[54.49130382200634,28.22549951466481],[54.49298921818228,28.22374665948077],[54.49657151170526,28.2221915609702],[54.50264832781653,28.22229088827035],[54.50836824388357,28.22060254844392],[54.51121057914704,28.21867337422015],[54.51511189379494,28.2177658848609],[54.51741231968679,28.21565931047744],[54.52468375074463,28.21228893318499],[54.52950892466748,28.21123842719927],[54.53283181190521,28.2112735032877],[54.53816887209436,28.21777602966905],[54.54265227337903,28.21919013050424],[54.5488363858921,28.21437857618954],[54.55099104709085,28.21343170581567],[54.55082065275876,28.21017985899921],[54.55432401961862,28.21040250572419],[54.54415294748609,28.20281958284578],[54.5417674325308,28.20145350304977],[54.53530216346121,28.20039201094504],[54.53123439389011,28.19748117743889],[54.52912404170143,28.19462945176376],[54.52577603392565,28.19203947460163],[54.52421191524847,28.18952388715472],[54.51646829926204,28.18920074977051],[54.51274939683535,28.18871502608443],[54.50791014239258,28.18684107339869],[54.50448588198644,28.18353337810003],[54.50008179420833,28.17793198134332],[54.49674326693846,28.17521482484952],[54.48891933228139,28.17002320009506],[54.48277726045249,28.16829641499279],[54.48081606786004,28.16616262233495],[54.47859318245374,28.16092256964639],[54.47451479087277,28.1551422998242],[54.47551606682823,28.1526672931133],[54.47752335225271,28.15037755756957],[54.48195092245558,28.14708415240891],[54.47860399522917,28.14495772615083],[54.47782741754885,28.14241460513665],[54.4758826367594,28.14265409050383],[54.47593167499248,28.13862528427161],[54.47398977597953,28.13619815686827],[54.47006905775812,28.13550820520191],[54.45858734541919,28.13541203703867],[54.45816310352814,28.13061241433576],[54.46357563764263,28.12933635473845],[54.46596438185891,28.12688087783888],[54.46804625030111,28.12625039660993],[54.46895904134345,28.1246804676736],[54.47180624670953,28.12400324590766],[54.4754483931989,28.1242773070279],[54.47831065867093,28.1234574809103],[54.4799407257337,28.12142907091609],[54.49191326280921,28.11230445035081],[54.50048029839415,28.10863859349865],[54.50485605802794,28.10605933181222],[54.50849358333122,28.10498630623555],[54.50990816356286,28.10655184576968],[54.51322565933239,28.1069012680015],[54.51848454419326,28.10289426374702],[54.52143291505343,28.10109473779065],[54.52131876413587,28.09966085528005],[54.52469314172518,28.09729977023925],[54.53112966837708,28.0991183744643],[54.53489058924311,28.09788810458093],[54.53594551686216,28.09587721231167],[54.54126136494976,28.09146922217885],[54.54508473291511,28.08878135086293],[54.5540068630791,28.08446358315004],[54.55801289451161,28.08005167179735],[54.56009605834844,28.07882453760788],[54.56876682533385,28.07984431343818],[54.57510083976204,28.07866648504641],[54.58492649659168,28.07075706185429],[54.59099493307916,28.06656758040197],[54.60110738377822,28.06452104536533],[54.61061927790097,28.06317904571269],[54.62404896676375,28.06177802314129],[54.63443330876616,28.06046864111569],[54.63986119347841,28.05951154409177],[54.64988513733977,28.05987254115154],[54.65530281994942,28.06057543497468],[54.66076572139583,28.06018150443506],[54.66456405152972,28.0590344185935],[54.66955491445211,28.05894455263914],[54.6742756219869,28.05940936184839],[54.67784227992461,28.05914928654453],[54.68755764393818,28.05969313330948],[54.69323778376923,28.0612871249484],[54.69742680944592,28.06112234150375],[54.70658009078613,28.0593042629813],[54.71212252143516,28.05934198622767],[54.72084106729058,28.05873432787523],[54.73374352820422,28.05756594682224],[54.73998613806965,28.05596988278095],[54.7442774079929,28.05587519598147],[54.75109220982738,28.05659552257672],[54.7625147281059,28.05552989538263],[54.76625664038018,28.05817150819321],[54.77132717475064,28.06040209038692],[54.77421397896475,28.06328756736583],[54.78073093790569,28.06703004095754],[54.78555793374964,28.06899067557001],[54.78907928394923,28.07140877792967],[54.79567709038746,28.07314726847779],[54.79740874866827,28.07418188760648],[54.80106703619222,28.07441967459378],[54.80889296832583,28.07365772673817],[54.82308213651028,28.07603200855117],[54.8264348258806,28.07953378015765],[54.82771045811673,28.08170459651537],[54.83049635137209,28.08195572552967],[54.8385373063018,28.08365234278819],[54.84527528767585,28.08575516162585],[54.84878582651459,28.08547986450631],[54.85537343707804,28.08421773127942],[54.86255569599955,28.08154265727595],[54.86472147179502,28.08150917080531],[54.86816959106057,28.07965900748232],[54.87398946251741,28.07726463483869],[54.87773699175047,28.07525710303278],[54.88064532640709,28.07470777071183],[54.88353640399582,28.07312523749799],[54.88753910895686,28.07379075126177],[54.89250416154629,28.07726551189843],[54.89590304973778,28.07842442563097],[54.9040481789249,28.07943020662766],[54.9085060251332,28.07890333689578],[54.91196195301534,28.07613063194222],[54.91806479412353,28.07378471952442],[54.92694714535187,28.0720893478108],[54.92873673468231,28.07343853182275],[54.93952802137335,28.07051932213478],[54.95096271405703,28.06710674878971],[54.95249344398992,28.06587924784338],[54.95290568589905,28.06293910881358],[54.95640744341013,28.0584809654314],[54.9570837903176,28.05520812206213],[54.95808332727969,28.05400719972559],[54.96353078230499,28.05324813166982],[54.96710303825803,28.05385284242705],[54.9720003984214,28.05277981826261],[54.97630133383277,28.05047567995322],[54.97840011128464,28.04770933714223],[54.9864648137835,28.04746753494025],[54.98988120060274,28.04796359276211],[54.99335533813424,28.04744052406943],[55.0007857447103,28.04328749162221],[55.00564295218241,28.0424258993018],[55.00705678794803,28.04557910636318],[55.00971268363385,28.04659608359145],[55.01538157608847,28.04548032523654],[55.0175509147176,28.04387480835766],[55.02220586479372,28.04155285152649],[55.02600735551106,28.0403402218977],[55.03321465415939,28.03881551999812],[55.0390005129513,28.03818123312853],[55.04126548053271,28.03736615199235],[55.04849639467332,28.03319856769708],[55.04893903889768,28.0315810638832],[55.05157284837875,28.03153884989569],[55.05587485581587,28.02957412575619],[55.06976931809844,28.02500352180811],[55.08122686616974,28.02363299533648],[55.08591164819502,28.02518215999819],[55.09689730736177,28.02938368323895],[55.10500492517983,28.03391303629649],[55.1093867697109,28.03426222415403],[55.12107315482648,28.03734680443803],[55.12697679289424,28.03926147129697],[55.13165471785228,28.03990996665978],[55.1380401434438,28.04256551709773],[55.13925974517948,28.04592069666966],[55.13759345024968,28.04913899812471],[55.13308611302483,28.05347165663032],[55.13152415110235,28.05352461442095],[55.12873305760418,28.05519551750549],[55.12687725994408,28.05777568096885],[55.12785868632196,28.06017727569334],[55.12503633606102,28.06170065739109],[55.12261939834378,28.06178125429863],[55.11935681441992,28.0630451836204],[55.10964287667126,28.06510351774399],[55.11033817663758,28.066608907037],[55.10775950024388,28.07167214844599],[55.10491563549004,28.07497954745182],[55.10174771679874,28.07642588288276],[55.09858975111335,28.07933475151141],[55.09355819359053,28.08121664017811],[55.08990110371947,28.08413814772995],[55.08144679624594,28.08576048235231],[55.07099824749085,28.09202369860234],[55.06610759042793,28.09699367523239],[55.05521830567147,28.10505270104887],[55.05227638382061,28.10929754346129],[55.04821317342835,28.12105234194871],[55.04752429865572,28.12819756250769],[55.04785528535641,28.13224644464945],[55.04869795190216,28.13518676910577],[55.05055390524228,28.13823874708591],[55.05149588277914,28.14420571353633],[55.05585574174535,28.15564699126428],[55.05800115584708,28.15980974892629],[55.06222837944785,28.16287591227735],[55.05847466600233,28.16730411692136],[55.05543266792953,28.16876528433822],[55.04966226674833,28.16966081513138],[55.0466438824571,28.16957707290907],[55.04262734998336,28.17025506500109],[55.03518365686267,28.17220117282083],[55.02944153775572,28.17166287969],[55.02564471451023,28.1718468689804],[55.02120882897338,28.17134258247405],[55.01319761297895,28.17214901351092],[55.00369655830906,28.17261621894989],[54.99762541703079,28.17316028496865],[54.99549849344749,28.17413825688794],[54.99128812137514,28.1747651360679],[54.98655439021045,28.17381988724149],[54.98112083378886,28.17353161655557],[54.97583290297862,28.17238166170443],[54.9699561191696,28.17430727470052],[54.96727798608026,28.17605291169316],[54.96356917510065,28.18126928451562],[54.9621625593431,28.18226787363233],[54.95838177724407,28.1832214537002],[54.95504328060257,28.18319476371478],[54.95326048930574,28.18389907244324],[54.95140918196596,28.18245350451472],[54.94915595987912,28.183678920446],[54.94344646849736,28.18409374062281],[54.93437779710505,28.18530190032937],[54.93084326490761,28.18676303401829],[54.91929245458498,28.18885400353914],[54.91658719483133,28.18791692346352],[54.91291809474302,28.18404045388867],[54.90527569422595,28.18338680165233],[54.90259336957188,28.18506370748396],[54.90191054440315,28.18702702399001],[54.89459688898707,28.18873682441074],[54.89191812409692,28.18664889129749],[54.88806362811629,28.18643381960548],[54.88291901816008,28.18786335633699],[54.88085370260671,28.18730590206524],[54.87470107604651,28.18811594343011],[54.86978937970059,28.19215718135813],[54.8635375590308,28.19624522968043],[54.859131718781,28.19808961331912],[54.85307305400512,28.19810470063252],[54.85023692428138,28.19857705869822],[54.84678273090113,28.2000862297703],[54.84164161891264,28.20077884987544],[54.83549104600202,28.2003894890533],[54.83334396311686,28.19773955883912],[54.83361239165034,28.194161453628],[54.82950067625182,28.19120885994769],[54.82325088346656,28.19005473191762],[54.81803763062131,28.1897489043189],[54.81078853117679,28.19024263795228],[54.80635971911523,28.19180473325627],[54.80112770119727,28.19307275066086],[54.79874586888046,28.19612947681662],[54.79553499347126,28.19822347029902],[54.79409222050988,28.19818854702755],[54.79099217177832,28.20024362233524],[54.78576733334166,28.19979966866501],[54.78077580398745,28.19981945795842],[54.7788520168274,28.19675692454267],[54.77720533238012,28.19547036818378],[54.77292053998639,28.1964972276986],[54.76919355936363,28.19677963460302],[54.76206537308463,28.19915356005076],[54.75937895431867,28.19737158992506],[54.75953717381889,28.18605657703877],[54.75736088116492,28.18169234817632],[54.74967099103961,28.18443475752173],[54.74791153565487,28.18577498944405],[54.7458651540941,28.18868309152364],[54.74795256183587,28.1938373896874],[54.74770532772833,28.19679706110942],[54.74310762634839,28.20158907393877],[54.73803231993401,28.20218069474004],[54.73396662146137,28.199606922477],[54.73106837590733,28.20201142300241],[54.73332523432408,28.20480412812497],[54.73185983937954,28.20685976723993],[54.72873544268022,28.20804538591181],[54.72410194244831,28.20626852450844],[54.71548702377065,28.20837601745488],[54.7135738187333,28.20722774373741],[54.70810283234361,28.20972374395184],[54.70597402966487,28.21013998603724],[54.70339704958634,28.21315423238244],[54.70316959278523,28.21682625331768],[54.69998174383558,28.21844624108761],[54.69589554744285,28.21723661780272],[54.69282044380592,28.21921319125647],[54.69171144406739,28.22262172023797],[54.68915019552019,28.22002806960982],[54.68556454549457,28.21950150734167],[54.68252896331283,28.22140239399607],[54.68417561144057,28.22368995498539],[54.68314366432465,28.22463981033584],[54.67848972894909,28.22229626592863],[54.67511160619968,28.22363790953695],[54.67564951563327,28.22622514642329],[54.67198839248515,28.22390228307793],[54.66864014476842,28.22508042976778],[54.66466997863985,28.22745722739965],[54.66295943293257,28.22535788604326],[54.65690926209449,28.22609285830907],[54.65688570146636,28.23106424749878],[54.65793305622839,28.23295587213107],[54.65487761356712,28.23365438714526],[54.65409741621747,28.22729933502036],[54.65136941708444,28.22674618843878],[54.65034037738614,28.22514996091302],[54.64701022154986,28.22438445918346],[54.64467714826346,28.22515646832503],[54.64413594577543,28.22691201775946],[54.64115285873716,28.22738936823113],[54.63629782453241,28.23268950936215],[54.63425187223815,28.23297077578318],[54.63123383865663,28.23807152616733],[54.63160827740123,28.23969294183406],[54.62841548089777,28.24165592838493],[54.6278233722782,28.24024113938325],[54.62454019565995,28.23990592973514],[54.62298750487812,28.24063546104162],[54.61776574500534,28.24074167022459],[54.61465784092297,28.24241157056388],[54.61269474229643,28.24452846710082],[54.60929905991299,28.2469207579203],[54.60669639045253,28.24766403657712],[54.59613989062169,28.25227778834292],[54.58818923964622,28.25331104083876],[54.58601607871857,28.25733322197216],[54.58259030032065,28.25465942306328],[54.57830978015177,28.25337453634862],[54.57762878522512,28.25752613751138],[54.5739982578358,28.25827880151263],[54.57015042786783,28.25704227134761],[54.56814639485465,28.26000266862732],[54.56244987930178,28.26107883181861],[54.556949504457,28.26338728958586],[54.55349576369241,28.26308583928567],[54.55059066898206,28.26492156264958],[54.54748811086668,28.26329584152666],[54.54201838173906,28.26215137045191],[54.5386904512677,28.26520760502053],[54.53045525617988,28.2670739383154],[54.52532285539603,28.26765081591341],[54.52039431868364,28.26910608737127],[54.51999828307781,28.27014526002288]]]},"properties":{"Name":"منطقه شکار ممنوع مزايجان","description":null,"timestamp":null,"begin":null,"end":null,"altitudeMode":null,"tessellate":-1,"extrude":0,"visibility":-1,"drawOrder":null,"icon":null}},
{"type":"Feature","geometry":{"type":"Polygon","coordinates":[[[53.17007802531186,30.03066404888665],[53.16358366711967,30.03639046955586],[53.15987367724868,30.03000303546561],[53.15977680862148,30.02654474504118],[53.15295524518808,30.02406915294042],[53.1470041617841,30.02138067232601],[53.14401273832839,30.01957294698108],[53.13960340501052,30.02035657739388],[53.13754893724477,30.02295729593504],[53.13351545426991,30.02463544548752],[53.12811002175823,30.02549356898358],[53.11889288294329,30.0212336118264],[53.11294428718655,30.01956085924251],[53.1090705267769,30.01916600465224],[53.10260766985768,30.02008600368528],[53.09844225542258,30.02148368096239],[53.09707961150792,30.01985915959061],[53.09752507706871,30.01724576109652],[53.09475906612115,30.00433570525775],[53.08833770515731,29.98023359774962],[53.08501554769934,29.97830277188499],[53.08354323181597,29.97616530441973],[53.07521389146824,29.97541188043685],[53.0729468416347,29.97445021440212],[53.06926692201903,29.975676257404],[53.06506703455119,29.9704160307097],[53.06082454937307,29.96744854983847],[53.05985177210688,29.96350817481096],[53.06061621555835,29.95981154499567],[53.06545798075644,29.95363130163735],[53.06706916088767,29.95014229731022],[53.07120985465933,29.94374746055441],[53.07808830352262,29.93734867284228],[53.08678957183673,29.93211572927805],[53.09453073584686,29.92706497125831],[53.09813350377205,29.92557527662742],[53.10173510163104,29.91938190211174],[53.10386643278569,29.91664073968106],[53.10670507457791,29.91421825879541],[53.10980853710431,29.91042275775878],[53.11111090373214,29.9066000734078],[53.11744381421931,29.90140258738971],[53.12135254756966,29.90031586745979],[53.12278641037431,29.89924784069508],[53.12073913362838,29.89491777223377],[53.12213917190198,29.88992151263429],[53.12398379791451,29.88660580561526],[53.13138906931903,29.88450796341083],[53.13381028218591,29.88197071234238],[53.13544872082724,29.87581032666684],[53.13692537281368,29.87380938460172],[53.13924706232064,29.86410913400747],[53.13891729721598,29.86002010741983],[53.1517738327689,29.85741680891522],[53.15625028779421,29.85690823554384],[53.15800255503039,29.85341023746433],[53.15609393764046,29.85181568645346],[53.15961280331823,29.84969452278343],[53.16035816462226,29.84801459176681],[53.16785753880903,29.84357572915178],[53.17203220652111,29.84233229609981],[53.17539696122789,29.83517498873823],[53.17681719083728,29.83005142221223],[53.17610179324636,29.8196690368543],[53.17512500395151,29.81457966627825],[53.17689835587458,29.81303538661838],[53.17973715539639,29.80851091308891],[53.18356737864907,29.80629494700924],[53.18470968366002,29.80402196083488],[53.18927241302715,29.80251555634445],[53.19230509127871,29.80497286182059],[53.19554566163725,29.79916419006292],[53.19568745204334,29.79740900319584],[53.2014714883632,29.7936959904887],[53.204600281727,29.79270780560778],[53.21309843768098,29.79377310142354],[53.21643348001543,29.79540176326644],[53.21927423347734,29.79400094605886],[53.21951253239325,29.79663074555514],[53.21789388792915,29.79958967581667],[53.22021368354231,29.80453892792953],[53.22530944084919,29.80933364347321],[53.22967616751038,29.81098293922366],[53.23425897825179,29.809357319992],[53.24067077236564,29.80986795990623],[53.24413961567819,29.81195486338857],[53.25019130400956,29.8119397294167],[53.25548587198049,29.81379109624858],[53.25591377514228,29.81779833264968],[53.26352134928835,29.82295110971579],[53.2660068211466,29.8258604230171],[53.26906667851013,29.82800398685242],[53.2699766483088,29.83022192014176],[53.27436530433727,29.83167872502069],[53.28009265424421,29.83622114024809],[53.28279296130764,29.83539272347663],[53.28587318994267,29.83624948025503],[53.28766072662115,29.8378690822667],[53.29051964246809,29.83834732606658],[53.2974887313141,29.84184668492818],[53.29972758179586,29.84584669530195],[53.30260019103618,29.84688943025305],[53.30344816830091,29.84987199005782],[53.30609540948909,29.85262490266945],[53.30892897547845,29.85849260350655],[53.30793858207029,29.86310376113908],[53.30893417855275,29.86649063805668],[53.31073255005514,29.86923036942661],[53.30837848555645,29.87528734237964],[53.30508574947334,29.88093578263701],[53.30221626462076,29.88427392250985],[53.29975767554092,29.88558105310877],[53.29545899200143,29.89064629986952],[53.2917246972903,29.89439702997961],[53.28912736835305,29.89809411422959],[53.28770996734533,29.89910541317043],[53.28270505401044,29.90083528499049],[53.27854768319443,29.90520939964154],[53.27074224519797,29.91050856136273],[53.26620062027774,29.91311908329691],[53.26275627767246,29.91666415671421],[53.25681043791643,29.91985635512969],[53.25522574904838,29.92139171975365],[53.24816928902388,29.93472602571689],[53.24509535696166,29.94416566920876],[53.24169930971185,29.9516076767582],[53.24268580046042,29.95595207358353],[53.23882992770409,29.95872103105684],[53.23591551259804,29.96158368456612],[53.22879122108076,29.96470027425508],[53.22674600770075,29.96689629987295],[53.22063590650255,29.97479183244274],[53.21289710844673,29.98265541237855],[53.20411454552917,29.99834379221586],[53.20378669885437,30.00165847857429],[53.19919553604183,30.00689860673823],[53.18733718711299,30.01452451621049],[53.17992626339725,30.02130857397333],[53.17007802531186,30.03066404888665]]]},"properties":{"Name":"منطقه شکار ممنوع کوه سياه","description":null,"timestamp":null,"begin":null,"end":null,"altitudeMode":null,"tessellate":-1,"extrude":0,"visibility":-1,"drawOrder":null,"icon":null}},
{"type":"Feature","geometry":{"type":"Polygon","coordinates":[[[52.61208315798508,28.02322082154386],[52.60653361940841,28.02869624151449],[52.60253491253311,28.03211639034004],[52.59989336835879,28.03346957445783],[52.58896170569035,28.03543940202997],[52.58732174279123,28.03502251357525],[52.58830295162694,28.0310838068052],[52.5939761943395,28.02563889699929],[52.59835196327246,28.02411223198013],[52.60115104415302,28.0196346133754],[52.60328340908102,28.01947949332411],[52.6047967797109,28.01654626380983],[52.61335712888474,28.01259599118019],[52.61850249665683,28.00944407934374],[52.61844851754917,28.00717941645296],[52.62246917158507,28.00435300198561],[52.62346426922229,28.0016039658825],[52.62171403067783,27.99727671443741],[52.61949774054273,27.99469105519185],[52.61959381281056,27.9917517389427],[52.61509123856543,27.98765967750124],[52.61508918835479,27.98360840994673],[52.61592581545619,27.98099833287334],[52.61310047749895,27.97906109145742],[52.61311727180906,27.97599502558986],[52.61002327048827,27.97019276604607],[52.61118211295182,27.96864936021577],[52.61570665882758,27.96792698241971],[52.61680145795634,27.96666919063614],[52.61600388628931,27.96288387675256],[52.61752686443346,27.96046752693089],[52.6163678616207,27.95813715076553],[52.6190198210998,27.95500114325482],[52.62149279189862,27.95049656121652],[52.62533136128772,27.94834179280038],[52.62917968810746,27.94955926627925],[52.63094036830849,27.94728516234433],[52.63123804689495,27.94438046277998],[52.63246795088112,27.9436808997404],[52.6368127833827,27.94515076390062],[52.63903022868225,27.94482942078911],[52.64334690009492,27.94080133680774],[52.6429979561097,27.93848881565896],[52.64898642649791,27.93106373394569],[52.65094342583841,27.92702460333155],[52.65343340727809,27.92639959067325],[52.65473309695368,27.92271706432778],[52.65706783885626,27.92162201451784],[52.66133366925957,27.91690173811857],[52.66223979293686,27.91303886744895],[52.66719754434511,27.90857129038685],[52.66797418623003,27.90665417667783],[52.67016158241702,27.90493561310686],[52.67053963403819,27.90299625010455],[52.67272345127563,27.90199729040383],[52.67524296974201,27.89839710238844],[52.67750834250099,27.89744404622026],[52.68236783978112,27.89299778578411],[52.68477752983881,27.89343389692491],[52.6861676052669,27.89063250115591],[52.68796719522679,27.89077459855763],[52.68933196346425,27.88885243715631],[52.69178239178714,27.88316639510371],[52.69515770101782,27.88151978217946],[52.69944021295233,27.88186456024448],[52.69856848266765,27.87874629643571],[52.70035982228257,27.87518391660611],[52.69923141208637,27.8735396948221],[52.70053894255247,27.86974805826965],[52.69931169655221,27.86813704934647],[52.70220818956656,27.86685150133311],[52.70429072022812,27.8633313327934],[52.70438718604505,27.85971710560551],[52.70275999204028,27.85829318083178],[52.70058788284477,27.85836961683271],[52.6936267625039,27.85124234565143],[52.69157347106558,27.85202089488767],[52.68973502469117,27.84940003394496],[52.6940390935353,27.84068540542707],[52.69318755982431,27.83954917377378],[52.69395528255358,27.83298220140461],[52.69683895324781,27.82859555455816],[52.69737075012539,27.82663491292396],[52.71143380250008,27.82397311340408],[52.73044777806818,27.81561394691495],[52.73741148052294,27.8130265788446],[52.74170084817764,27.81013497458249],[52.75464257749725,27.80381959021191],[52.76826246084519,27.79517248497158],[52.7713796820372,27.79376094059712],[52.77604601939667,27.79075246827521],[52.78568149328952,27.78147756094845],[52.80050838204552,27.7746118769128],[52.81885712485423,27.7650708065854],[52.82209097629326,27.76299819419764],[52.84731625068937,27.74988685582983],[52.85606545180237,27.74575367975763],[52.87476141496531,27.73778085712318],[52.87800465298713,27.73857303723413],[52.87920187675901,27.74068034813718],[52.8820371378452,27.74180509619691],[52.88421903961546,27.73993303320077],[52.88996941246107,27.73854527109926],[52.89985834419299,27.73411310148681],[52.91216165729946,27.72936914249302],[52.92944437547844,27.72500142976768],[52.94258046369906,27.72081966868855],[52.95388152758987,27.71703877260625],[52.95847973881125,27.71444760100976],[52.99275008323776,27.70171461910375],[53.01247933575222,27.69484000366624],[53.02597913310189,27.69396146377133],[53.039231330427,27.69277758840279],[53.04442203196887,27.69211656734662],[53.05404434075368,27.68837286176344],[53.0576071853565,27.68808456876413],[53.07847390622826,27.68374517242095],[53.1012616343662,27.67697185258367],[53.14093048500997,27.6648693684797],[53.15929480025302,27.66003702378191],[53.17100597313904,27.65623789481425],[53.18286498705979,27.65288204702272],[53.19289996867057,27.64754785412073],[53.20214940754455,27.64185106924363],[53.2087254511642,27.63943565721768],[53.21720666945882,27.64130397026251],[53.22137053274127,27.64055604178248],[53.2332582832578,27.6377138466372],[53.23708461500165,27.63744360588335],[53.23925756478532,27.63497712695845],[53.24158046287896,27.63416660024078],[53.25009199936893,27.63438401148175],[53.2577614677061,27.6357672720221],[53.26046800953321,27.63675817833878],[53.26636255485558,27.63514403673549],[53.27001719398578,27.63467273445468],[53.27683758805098,27.63546785340525],[53.28898141291892,27.63905901972892],[53.29171315828183,27.63872420562384],[53.29423788859384,27.63964608600595],[53.2948767543224,27.64201480985885],[53.29377740660978,27.64409222797974],[53.30180083459231,27.64273420443164],[53.30667199766145,27.64304102778865],[53.30836109737747,27.64222225629992],[53.30989821464841,27.63760668347102],[53.31793953002791,27.63948153605636],[53.31952979897168,27.64037650897834],[53.32929053964427,27.64109746061193],[53.33483738714087,27.64211858296328],[53.33830801063974,27.64599723051578],[53.34474947079497,27.65060909207946],[53.34825842654853,27.65273768816389],[53.35804522485658,27.66235977969236],[53.36171416042114,27.6667149247167],[53.36318938930423,27.6691859986672],[53.36407949341005,27.67344860420094],[53.36300214995944,27.68000483876919],[53.36183597823821,27.6830532569404],[53.35792636742348,27.68755030115745],[53.35069228417201,27.6946981510153],[53.34766536062065,27.70118895503804],[53.34328517479564,27.70380571823317],[53.32802879052657,27.71023734312971],[53.32347982155881,27.71251838391341],[53.31234835955674,27.7172497136797],[53.30547229767171,27.7186978171655],[53.29955281078976,27.72217596168714],[53.29249982960148,27.72566891976324],[53.2866754916778,27.73210855625225],[53.27295628831892,27.73992004722915],[53.26967344881933,27.7433863227795],[53.26848528123037,27.74620371497516],[53.26880340287987,27.75432215267606],[53.27016593881088,27.75555728811967],[53.27488299213857,27.75699072645238],[53.281164796982,27.76038737063961],[53.28199689240976,27.7612791372086],[53.28076550198033,27.76377928233665],[53.2754336363032,27.76740078498945],[53.27155525066335,27.76819611799247],[53.25971305494296,27.77372573215682],[53.25859228395763,27.77509914614292],[53.25511843163055,27.77603515558763],[53.25387430148972,27.77747894416449],[53.24558777495589,27.77859943482163],[53.24392159334792,27.77836681748431],[53.2394600563416,27.77981760961342],[53.23379200563726,27.78273127028548],[53.2263754079427,27.78461744905077],[53.22454987640225,27.78584225066386],[53.22029736250244,27.78598584603446],[53.21809048390157,27.78116572006098],[53.21091837748965,27.78009782574021],[53.2084588096164,27.78020273994433],[53.20090282432538,27.77894748115998],[53.19947105069169,27.77731803011636],[53.19555344663833,27.77560243577129],[53.19137954863447,27.77619298752599],[53.19077371674025,27.77780697205582],[53.18715881162329,27.7767802354275],[53.17983807889883,27.78054018779591],[53.17392518007605,27.78189682125872],[53.17008678731234,27.78329868374242],[53.16696000714852,27.78351121010844],[53.1696485487613,27.78954622652933],[53.15995490811072,27.78910242461387],[53.15309140934163,27.78722108586112],[53.14355235073003,27.78686758808563],[53.13214536629904,27.78579451139868],[53.12790814344893,27.7857530682869],[53.11909151171124,27.78664452214068],[53.11219635604302,27.78617754769944],[53.08960770200615,27.78261382475717],[53.08412597256339,27.78153321358367],[53.07512668528484,27.78186989504359],[53.06963410281452,27.78125942137848],[53.0649173960243,27.7801323653933],[53.05046377792061,27.78159580850996],[53.04735101610642,27.78356458613776],[53.05086248001099,27.78954331047808],[53.05430393852903,27.79338092265068],[53.06705531489272,27.80468787378963],[53.06855801549395,27.80987724001564],[53.07139945586886,27.81372152146473],[53.07346079950732,27.81740921195642],[53.07674642072166,27.81899645050282],[53.07870691163491,27.82169701467986],[53.08357937201888,27.83484675085876],[53.08623323637887,27.84596700612934],[53.08895981280222,27.85305547031804],[53.09237218412577,27.85733929452144],[53.0932944241044,27.86116837416984],[53.09112913559446,27.86646372235989],[53.08806833115249,27.86778562629696],[53.07402804180489,27.87143527375218],[53.06650835309087,27.87286969965903],[53.04728166073402,27.87717091313074],[53.03561465695486,27.87888843731894],[53.02949942826135,27.88072860495948],[53.02817843235109,27.8832435173021],[53.0249072736632,27.89191326404513],[53.02382146235658,27.89871391735287],[53.01866098248524,27.90167783455605],[53.00905836058028,27.90500727254896],[53.00429470091083,27.90605001496817],[52.99789204084095,27.90966340645068],[52.99347553842473,27.91462019416684],[52.99328088002636,27.91683338406774],[52.98575985775143,27.91932889843793],[52.97017957046955,27.92369724563663],[52.96306112493632,27.92510721570856],[52.95744666125091,27.92697354897953],[52.95106412921443,27.92672391225448],[52.94913933332359,27.92753612482991],[52.94881501652494,27.93214203785733],[52.93670221669294,27.93584092957661],[52.92857465009848,27.93951537538419],[52.92525136987871,27.94038880849415],[52.91921010655004,27.94340866764709],[52.91308759367268,27.94603325015306],[52.90938409243295,27.94675307139291],[52.90540191157993,27.94988358015489],[52.90164698970917,27.95164549083456],[52.89654615865236,27.95488317965049],[52.88148686102001,27.96250322850072],[52.86471008157222,27.96999177914755],[52.86056868348715,27.97110128426485],[52.85870086149208,27.97376915074114],[52.85651532567947,27.9791447243627],[52.85363819082811,27.98246995511225],[52.84699276445141,27.98934467410085],[52.84372039910319,27.99124534229644],[52.81879986593267,28.00118623523206],[52.80803694001092,28.00037091423331],[52.79782335088555,27.99845949182072],[52.78616756465156,27.99678248548404],[52.7828135507912,27.99742564194829],[52.77536176685744,28.00009362993503],[52.77238325621552,28.00049178369763],[52.76657833435696,27.99936926308512],[52.76422080971582,28.00159019451065],[52.76033112044622,28.00247718610167],[52.75636694528813,28.00244241875283],[52.75181145506097,28.00382769438523],[52.74820918623222,28.00130183574091],[52.74714700365992,27.99791563657864],[52.74490878386901,27.99693473429788],[52.73642160905143,27.99770283284317],[52.73409429065899,27.99740774456519],[52.73086273100568,27.99559198970281],[52.72445141363599,27.99114650234965],[52.72257166875556,27.99086932433163],[52.71656689595501,27.99455665575363],[52.69859706646322,28.00655877261864],[52.69078273601866,28.0107334123495],[52.67678900825446,28.01927918577552],[52.6741456020885,28.02068237665533],[52.6530528505201,28.02479209147191],[52.64784639890306,28.02473974132605],[52.64526438161713,28.02527973958036],[52.64027840074535,28.02725964741069],[52.63298339634048,28.02879501094836],[52.62971924709898,28.02902973097277],[52.62469752384958,28.02580972065012],[52.62434984821858,28.02480952848095],[52.61944963864267,28.02158251955855],[52.61208315798508,28.02322082154386]]]},"properties":{"Name":"منطقه شکار ممنوع کوه هوا و","description":null,"timestamp":null,"begin":null,"end":null,"altitudeMode":null,"tessellate":-1,"extrude":0,"visibility":-1,"drawOrder":null,"icon":null}},
{"type":"Feature","geometry":{"type":"Polygon","coordinates":[[[53.03895994974412,30.89605358044373],[53.03286982998962,30.89895565002474],[53.02202012006161,30.90299766081265],[53.00917426994407,30.90851446042083],[53.00384472687524,30.91000992294013],[52.99727155003865,30.91494270996941],[52.99317983949158,30.91910608013595],[52.97321338977277,30.93608740009527],[52.96827077985478,30.94090791334376],[52.95928593763895,30.94647379756628],[52.94984867013804,30.95604773075435],[52.93766523941016,30.96528023021278],[52.92358280009069,30.97046100084995],[52.91720970932849,30.97301102016454],[52.9136196499211,30.97548100023836],[52.90869912132436,30.97766330862804],[52.90673132002909,30.98005626017104],[52.9003234474485,30.96004895868737],[52.89888107989511,30.9539385001447],[52.8972795498018,30.95077090038141],[52.8926073901767,30.94888899063885],[52.88885422944098,30.94481430076758],[52.89092572967485,30.94214307068565],[52.89180994024684,30.93834129048971],[52.8892893295291,30.93435377034779],[52.88777716013784,30.9308419205587],[52.88183731999893,30.92147858077958],[52.88065069026649,30.91877625004475],[52.87573327959584,30.91356891023304],[52.87555348953144,30.91217374024806],[52.87164593008686,30.90713027039747],[52.86224042952947,30.89564966063637],[52.85740431929811,30.89910954043863],[52.85495185987266,30.89300039075638],[52.8518472096525,30.89225725036827],[52.84810368339053,30.88876046782251],[52.84687598025785,30.88645698017209],[52.84034429600867,30.89705090436846],[52.8384324692992,30.89842977072491],[52.83076101983917,30.90089497027792],[52.82742762000105,30.90272684081083],[52.82069786943052,30.90407087005181],[52.81709339982773,30.90438511068732],[52.8134072093639,30.90363812015889],[52.8073445001739,30.90320687026018],[52.80274472489059,30.90396178044114],[52.79670014927343,30.90655485059886],[52.79411365980259,30.90678744998041],[52.7849661600291,30.90595110008148],[52.77595554591653,30.90604111978201],[52.77146693017707,30.90557291030207],[52.75206441964221,30.9059101206404],[52.74829120967106,30.90365783232851],[52.74729536964098,30.90080587081711],[52.74555921944809,30.89851560017166],[52.74693343925604,30.89618669033296],[52.75077126009401,30.89203211020779],[52.7454239171496,30.88844957747141],[52.74476193986074,30.88559892032871],[52.74291933965149,30.88418556063075],[52.73742558974138,30.8835114900165],[52.72996133990355,30.88441447008051],[52.72159897015774,30.88458790077355],[52.71654668964067,30.88347226007865],[52.71879471969258,30.87880882077129],[52.71716904954208,30.87358640070469],[52.71705907984202,30.86976592043643],[52.71875129930973,30.86660394083168],[52.72148429929385,30.86373707011997],[52.72354281979615,30.86038012079161],[52.72598999951845,30.85523564000613],[52.72454152016803,30.85163444039393],[52.72386534955193,30.84337718053059],[52.71483677924423,30.83986608021882],[52.69824279003779,30.83117413051495],[52.6993783693331,30.82836393013151],[52.69932648970611,30.82447557012721],[52.69692381999684,30.82092323085691],[52.69491240973145,30.81623985041669],[52.69450991023241,30.81402082004752],[52.69258384005945,30.81294333023507],[52.68762639124368,30.81163145010673],[52.6841567495436,30.81175938045933],[52.68135384926173,30.81278156068315],[52.67617986934459,30.81203858001408],[52.67280414007699,30.81087962078086],[52.66744493466938,30.80702934492583],[52.66316294013578,30.80580379013442],[52.66073990013115,30.80708051998838],[52.65995492976756,30.80935369050604],[52.65482293940389,30.81037561020774],[52.65228633015823,30.80946350073539],[52.64650198023355,30.81119025041575],[52.6444471492794,30.80903837015657],[52.64362086961323,30.80698673039073],[52.64574060819841,30.80231195027596],[52.64584063981489,30.79972255057986],[52.64929675020276,30.79335281030902],[52.64847223018642,30.79249886020683],[52.64965926937057,30.78781723074721],[52.64873776987945,30.78345185062194],[52.65075965019867,30.78134028070463],[52.65011758995677,30.77929677053819],[52.64457296995604,30.77384862022046],[52.64284034024106,30.77023099034819],[52.64386562017813,30.76703598042592],[52.64628226028948,30.76260873294494],[52.64967728936994,30.76111835035748],[52.65391392960633,30.7574167405636],[52.65543205939729,30.75541900075614],[52.65867166011829,30.75398016041618],[52.66884728982878,30.75169735060896],[52.67578532977433,30.75148453086941],[52.6779007495058,30.75202198064329],[52.68490508960309,30.74884423024235],[52.69002835993194,30.74335090030841],[52.69628393970748,30.73935173037648],[52.69780223991265,30.73581758030002],[52.70254974991617,30.73223113031666],[52.70696097957436,30.72969896015615],[52.70910984948893,30.72934164021092],[52.71173489017603,30.73107091046303],[52.7173008995976,30.73046850005639],[52.72458636781738,30.72886172089139],[52.73157954960611,30.72782552046652],[52.73504320927855,30.72826490008941],[52.73806152974787,30.72750022041651],[52.7380720093965,30.72614335021791],[52.74578520006742,30.72341077063926],[52.75135706934567,30.72218332041248],[52.75193885937131,30.72411275008015],[52.75649560014158,30.7263198807487],[52.75687629925206,30.72797447014924],[52.76002965973986,30.73020145007294],[52.76334026003892,30.73113453011753],[52.76543480989101,30.73372068086856],[52.76776589993764,30.73401765035868],[52.768897290091,30.73557844067427],[52.77373717018777,30.73334752046271],[52.7764503436599,30.73105376152931],[52.78641923996104,30.73039583021277],[52.79335333930276,30.72741087061303],[52.79661909996884,30.72719922068573],[52.79845750016712,30.72893000018601],[52.80118412971098,30.72350901064347],[52.80217796934345,30.72271868009118],[52.80523511020532,30.72380195041119],[52.80891742966291,30.72600477134613],[52.81389997999612,30.72477166053355],[52.82277088960628,30.72874024071147],[52.82253183016879,30.73605076023513],[52.82313473975528,30.74078025084976],[52.82642287929382,30.74530640051482],[52.82510029932719,30.7487859801321],[52.82520481963503,30.75237888050068],[52.82865976003065,30.75327323009858],[52.83524156991332,30.75920611051645],[52.83778714967882,30.76001186046505],[52.84665813959366,30.75677468062266],[52.84860172978074,30.75423036048445],[52.84999933014682,30.75429817027995],[52.85394820952642,30.75765043058089],[52.85558545008951,30.75789836015512],[52.85922915021173,30.76152898020396],[52.86030948956799,30.76577752055745],[52.86230731959024,30.76620676007066],[52.86483329021199,30.76428043048314],[52.86806408983858,30.76277680012396],[52.87430216012275,30.76062273078282],[52.8770092592907,30.76157316030906],[52.8759510396826,30.76510504058386],[52.87628104018388,30.76698560062751],[52.8748406902265,30.77272939070087],[52.87541887949089,30.77545877999221],[52.87749917953451,30.77990765026407],[52.87781400938586,30.78377506071364],[52.87947202943212,30.78537458021329],[52.88506066026691,30.77934564023571],[52.89053630999111,30.77537228054728],[52.89947099967285,30.77145617074656],[52.90431239013442,30.76745465032031],[52.9118511498914,30.76588313065595],[52.91798829965826,30.76532213070762],[52.92721175000223,30.76320603032821],[52.92926514958555,30.76305013004941],[52.93071378963283,30.76818614040114],[52.93599052932355,30.7691495606261],[52.93898296000428,30.77034985014196],[52.93969457985256,30.77247600004246],[52.9430384598025,30.77267699998639],[52.94441828928973,30.77186597070086],[52.95102246965119,30.77615842004878],[52.94938439979483,30.78190992055967],[52.94761556007294,30.78247871067232],[52.94245767014613,30.78636942050967],[52.94045591009765,30.79077747041272],[52.94242665939544,30.79403853044074],[52.94805518942718,30.79224874070476],[52.95389854973676,30.787310380694],[52.95576377992678,30.78791169055906],[52.95930915952737,30.78748891004862],[52.96501514021522,30.78250319028998],[52.9670201699758,30.78162963043477],[52.97133055942466,30.78181813010671],[52.97418024022147,30.78378864083355],[52.97224946926563,30.78608209050392],[52.97369551990035,30.78726252062757],[52.97284559019126,30.79360711057067],[52.97401897995353,30.79582094059425],[52.97723379852864,30.79669207373683],[52.97929328970032,30.79541844033101],[52.98231294984873,30.79486289058193],[52.98433617995686,30.79211505005433],[52.98639326019944,30.79186519035404],[52.98792848942599,30.78857915071616],[52.98789086017796,30.78545362058981],[52.98902810957888,30.78376709086314],[52.99200427944272,30.78293854054198],[52.99645615959952,30.78070795037497],[52.99970405949323,30.78275884022835],[53.00279765009532,30.7807025899852],[53.00719781979289,30.77242437028851],[53.00754976941469,30.76985448017415],[53.0098621694244,30.76888050015979],[53.01810677942108,30.76838396026427],[53.02184678973304,30.76750838006385],[53.0236149499755,30.76302976026934],[53.03095322027404,30.7600585504138],[53.03063868425198,30.75880253915168],[53.03216817932317,30.75443429048589],[53.03395017009639,30.7522193705912],[53.0356045895079,30.75264450052941],[53.04312826958537,30.74799825034006],[53.04659082975292,30.74489946038618],[53.05027618967951,30.73901293037643],[53.05360757927497,30.73834162049299],[53.06199567983947,30.73982949074731],[53.06511802940613,30.74088134000085],[53.07005310465486,30.74161910403531],[53.07897255947992,30.73953353043389],[53.08824083161208,30.73830468653833],[53.09872157369673,30.7374783937081],[53.10162926005018,30.73542019022177],[53.10804401964884,30.73193693083672],[53.11319537019521,30.73585446076018],[53.11162366989579,30.73904185066579],[53.11462900953158,30.74104981081994],[53.11172274930562,30.74767889014609],[53.10867240997798,30.75107625041296],[53.10986212961359,30.75332469051243],[53.11596884940239,30.75317089021865],[53.11881500978984,30.75230386002041],[53.12095339966646,30.7527702302769],[53.1260248692969,30.75256889998395],[53.12778264027131,30.75322210045929],[53.13639018928035,30.75205936053139],[53.14034593961444,30.75079192998176],[53.14282891016457,30.75352611061275],[53.14853111932762,30.75526334061752],[53.15627297961375,30.75136668074391],[53.16142390932647,30.75017729047495],[53.16446369993501,30.74837057068594],[53.16523793213945,30.74662914038289],[53.16774714006788,30.74511487012199],[53.17812644980241,30.75682707012751],[53.18088946382223,30.76114174054379],[53.18210038935152,30.76542783003487],[53.18127066984126,30.76779823083447],[53.17356048933996,30.77611743081274],[53.17115999972137,30.78546426024629],[53.16826464009659,30.7918217702112],[53.16751847970408,30.80003209064952],[53.15429300945152,30.81076730028068],[53.14652451571115,30.82390820974842],[53.13250500978043,30.83485907015833],[53.11907217000812,30.8484327204048],[53.09783410011031,30.87021804036964],[53.07375356949721,30.8811825807663],[53.04426175952991,30.89342225039344],[53.03895994974412,30.89605358044373]]]},"properties":{"Name":"منطقه شکار ممنوع بصيران","description":null,"timestamp":null,"begin":null,"end":null,"altitudeMode":null,"tessellate":-1,"extrude":0,"visibility":-1,"drawOrder":null,"icon":null}},
{"type":"Feature","geometry":{"type":"Polygon","coordinates":[[[53.35993914180936,28.10925340506027],[53.35223585015916,28.11044998902766],[53.34773768613034,28.11076667056481],[53.3405901356346,28.11424895130262],[53.33558641365168,28.11768071957038],[53.33170020833593,28.11898629367129],[53.32868494256958,28.11675275906734],[53.32520748621347,28.11661278339485],[53.31981111073004,28.11288822239151],[53.31748250466939,28.11020548060419],[53.31456149268022,28.10887445365046],[53.31110906736159,28.11086581281135],[53.30914310350736,28.11078188159929],[53.30674623406624,28.11245481160366],[53.30600464756367,28.11090534837349],[53.30359560275348,28.109205475836],[53.29863614103921,28.11355137301049],[53.29541520927791,28.11286944111154],[53.29204433691894,28.11116940391029],[53.28955305217389,28.11084969661953],[53.28649722900582,28.11140337747237],[53.28434690938853,28.11091908680824],[53.27942303226702,28.10858829907483],[53.27683584970899,28.10490641372902],[53.27019450203262,28.10566989008371],[53.26890806852546,28.10692887020531],[53.2640172358369,28.1052415803609],[53.25944565000641,28.10631106674692],[53.25449830328923,28.11014555966834],[53.25096165163537,28.10941723507746],[53.25538802563215,28.0998462047571],[53.24440358060627,28.07819906268267],[53.24198779484779,28.07534876253117],[53.24726869678133,28.07122578842261],[53.25073614798858,28.06753821937433],[53.2582674834692,28.06337963890383],[53.26338438012954,28.06130850824014],[53.2708443291764,28.05924362050414],[53.28045547725053,28.05618964723958],[53.28411312762155,28.05093465749663],[53.30077488885418,28.03769434669848],[53.30511008039697,28.03482473293319],[53.30850680219201,28.03357624365647],[53.31637395971776,28.02954853598009],[53.32382161462506,28.02823779313727],[53.33558441204337,28.02320715808829],[53.34480851571273,28.01665574880798],[53.35073804177644,28.01364147110734],[53.35563194119739,28.01346986739454],[53.35963128772166,28.01129959921509],[53.36137020554736,28.00961572474271],[53.36872564378501,28.00397218993744],[53.37074834307303,27.99843248141041],[53.37442251375801,27.9912587336762],[53.38166308019386,27.98225823905032],[53.3884425286811,27.97589141380575],[53.40396789448573,27.96717419094847],[53.41307153852846,27.96229911358619],[53.42512327088733,27.95734400457848],[53.43300566331071,27.95623213102365],[53.44359993915947,27.95166324328583],[53.44591291571427,27.94992170553638],[53.44691974081005,27.94785990925871],[53.45852594215201,27.94694270738246],[53.46158062594092,27.94859045644286],[53.46464718331599,27.94566699555529],[53.46761290203108,27.9440427266366],[53.46947879555214,27.94153689855977],[53.47323118067076,27.93905952219487],[53.47863849236732,27.93729544407581],[53.48067761289603,27.93612151380822],[53.48537516979626,27.93500154821052],[53.49840088248097,27.93035795901279],[53.50876589266623,27.92575442188409],[53.51594833805819,27.92086657217391],[53.52359180675101,27.91435745488798],[53.52609535295328,27.9158686553665],[53.53002909458195,27.91616302406276],[53.53259858371686,27.9181553425796],[53.53594643819953,27.91905911612641],[53.53752536652905,27.92115970728834],[53.54250150136149,27.92278946117718],[53.54636210424318,27.92162812697797],[53.54857544131049,27.91985413238579],[53.55821412718058,27.91854048875436],[53.56076125637174,27.91645748670207],[53.56641008691291,27.91035900887678],[53.56769381290082,27.91074584159735],[53.57063546531256,27.9092275267344],[53.57166283459701,27.9054119360902],[53.58170246201937,27.89876979604298],[53.58671651181481,27.89709825482003],[53.59804436706428,27.898720895057],[53.60371850422848,27.89681640534766],[53.60484002541564,27.89517771752882],[53.6091528204397,27.89285722990497],[53.61263237471478,27.8899625763544],[53.62037790356771,27.89148736462252],[53.62850714692682,27.88819482759762],[53.62987725514658,27.89008544932104],[53.6334311923372,27.88936817728999],[53.63550952007035,27.88706074776702],[53.64314048400973,27.88538221238257],[53.64701208545078,27.883322080804],[53.64900838074117,27.88351655471086],[53.65248475123436,27.8815688053939],[53.65789235237607,27.87987027150705],[53.66269712758165,27.87987546875336],[53.6668743763515,27.87711365182049],[53.68158562140584,27.87692308955768],[53.68718542486726,27.8750742957167],[53.69901959820538,27.87270464274621],[53.70058719195274,27.87307903740001],[53.70383951498447,27.87882467676853],[53.70452546772005,27.88118213995548],[53.70341114154935,27.88312386733676],[53.69959529306,27.88488971837991],[53.69924922040543,27.88638829391086],[53.70082937486571,27.88806165186834],[53.70204098957523,27.89163095127897],[53.70161867219984,27.89530698854872],[53.70253735556942,27.89708078934312],[53.70626359886178,27.89741001175262],[53.70720108641876,27.89861597969177],[53.71389066893109,27.90080538199898],[53.71689638407419,27.89885569012395],[53.71889262569815,27.89840532626674],[53.72625973815799,27.89917017822779],[53.73263927584651,27.89747602578586],[53.73577428691682,27.89566112485715],[53.74057358649436,27.89470781621968],[53.74948534632169,27.89194622932036],[53.75429385300232,27.8914740442719],[53.76267215173612,27.88999390620859],[53.76641936482126,27.8913192841057],[53.76858376552573,27.8911514844825],[53.77148980819819,27.88948775220803],[53.77965121696428,27.88902185248879],[53.78203989909245,27.88958232927873],[53.78969957969612,27.88856595235419],[53.79506541069552,27.88823977172892],[53.79784574137261,27.88738791738773],[53.80668067640765,27.8869475831246],[53.81141857880147,27.88701797429134],[53.81518596664959,27.88832470585685],[53.81877003957584,27.89053254858709],[53.82259752867582,27.89223879413953],[53.8251315055362,27.89429183304002],[53.82690625380575,27.89672854799959],[53.82298805084566,27.90360175839862],[53.82183940333991,27.90711057809062],[53.81463067243534,27.91414977440705],[53.80695255127527,27.91862066428533],[53.80313455573131,27.91900599639987],[53.80123427149731,27.91663139117817],[53.79623517888416,27.91516003055523],[53.79037126376672,27.91706688305901],[53.78665053627993,27.91996871013703],[53.78261207183827,27.92089498460976],[53.77587728576237,27.92093915795614],[53.76986420849418,27.92133424350606],[53.76625933980598,27.92070481779546],[53.76143461697425,27.92186455330297],[53.75337136763507,27.92514089553209],[53.7399656805605,27.92776158701611],[53.73719142321284,27.93079602521998],[53.73422815963569,27.93062299803332],[53.72761150000293,27.93200469570412],[53.72505585893488,27.93328171893528],[53.72180452118261,27.93354022828009],[53.71168859073019,27.93561919550542],[53.70776644597201,27.93731727021267],[53.70114814900979,27.93931388427683],[53.69776089019376,27.93948898170215],[53.69608712231469,27.9421382841903],[53.69445108173992,27.94258592861227],[53.69210411034081,27.94506305935872],[53.69080525590617,27.94482175596129],[53.68500923880546,27.94887180537917],[53.68304089871079,27.94900870264073],[53.67512729081621,27.95092795972679],[53.67280580184235,27.95200467774002],[53.67116512978174,27.95530060979246],[53.66632275964619,27.95077809055288],[53.6643435135148,27.95213007185311],[53.66548661143608,27.95429555413424],[53.65644245008041,27.95688592759446],[53.65260046457315,27.95975062410047],[53.64662042533207,27.96114916395531],[53.64174089085752,27.96328537059961],[53.63616888012095,27.96826107046945],[53.63209342927107,27.96891798413911],[53.63217645716408,27.97011437118099],[53.63618134786431,27.97204510437491],[53.63580385653216,27.97363978138555],[53.6375362710743,27.97777074522583],[53.63731198496617,27.9830991080432],[53.63894342561806,27.98553872462999],[53.63935659311284,27.98767100088319],[53.64249021252927,27.99025773049974],[53.64276498301,27.9932235969883],[53.64485841075943,27.99513863754343],[53.64467323357896,27.99794128901685],[53.64571623283077,27.9991642191674],[53.64914518123738,28.00066882971803],[53.64879218913136,28.00357636683838],[53.65086740712588,28.00533027275444],[53.6562997957945,28.01269359378263],[53.65520475890226,28.01533163832204],[53.65190859987985,28.01890882771099],[53.65064164387339,28.0211417145156],[53.64570224504887,28.02287519164396],[53.64347166702591,28.02080725321978],[53.63990479658649,28.02056063547671],[53.63527833211397,28.02194993635705],[53.63259371885739,28.02430074322454],[53.6294305944117,28.02517086678427],[53.62765979532718,28.02693171272648],[53.62699164806498,28.0305236175164],[53.62376802665245,28.03780674098688],[53.6244442609427,28.04266558828966],[53.62293763316836,28.04565830357233],[53.61782018882647,28.05283364293608],[53.61581430493865,28.05502596792563],[53.61081453198771,28.06490630922179],[53.61021441694965,28.06826892498399],[53.61119709481289,28.07368475384301],[53.61028011023905,28.07563104317379],[53.6107109166283,28.08075050532451],[53.60422828954328,28.0835069671047],[53.60110280519555,28.08368720081178],[53.59591668210693,28.08762913606412],[53.59337826105278,28.08775704694776],[53.59025382546393,28.08919848628005],[53.57687030504394,28.09850669409363],[53.57263328982003,28.09987467168811],[53.565327910841,28.10508724511304],[53.55354181287117,28.11445435554628],[53.54816458682042,28.1094908418015],[53.54754978558857,28.10654239418556],[53.54913559627626,28.10453195020183],[53.5473575103446,28.10202583609747],[53.54121630357393,28.10059330038845],[53.5305739898013,28.09909976168858],[53.52671401698568,28.0972210035932],[53.51782890803865,28.09426118443392],[53.51186363875995,28.09498506716439],[53.5082203632784,28.09289809445023],[53.50492218659217,28.09282691139974],[53.50154459060607,28.09370420211849],[53.49993120669096,28.09137413279132],[53.49113513813983,28.08311061476987],[53.48941408401274,28.08049595616804],[53.48403855210381,28.06940336195811],[53.48237108259431,28.06364705729614],[53.48224077094987,28.06093336425234],[53.48061336285403,28.05796548426617],[53.48063518445295,28.05342971545894],[53.47981711444869,28.05149519973873],[53.48077755411941,28.04774800082389],[53.48027451491076,28.0426131090029],[53.47788634717487,28.04002281912332],[53.47540654681582,28.03348196115606],[53.47340364040777,28.03041380368957],[53.47149760656749,28.02604192179115],[53.47011062293295,28.02488014671788],[53.46617120045848,28.02866398191737],[53.4642552539936,28.0314852110239],[53.46003954008012,28.03213783631987],[53.44715306462532,28.03763634053833],[53.44294161379833,28.04099783194456],[53.43470451119651,28.04699653518581],[53.43353769459905,28.05052450603695],[53.43001509659189,28.05797669079028],[53.4260884344106,28.06035080083675],[53.42446353827927,28.06195614259672],[53.41953263656414,28.06980750328923],[53.41714577880829,28.0723169268007],[53.41457327524976,28.07770864284085],[53.40533203242126,28.08630244156282],[53.40064762344554,28.08832415589393],[53.3962334943316,28.09290109515895],[53.39266290736027,28.09178275203033],[53.39078178434255,28.0926792827643],[53.38605455096085,28.0962007944956],[53.38214646721023,28.09976295451695],[53.37738342586954,28.10598062040483],[53.37690669058501,28.10806898581587],[53.37375515832157,28.10959349818006],[53.365520423931,28.10815592283673],[53.35993914180936,28.10925340506027]]]},"properties":{"Name":"منطقه شکار ممنوع بناب","description":null,"timestamp":null,"begin":null,"end":null,"altitudeMode":null,"tessellate":-1,"extrude":0,"visibility":-1,"drawOrder":null,"icon":null}},
{"type":"Feature","geometry":{"type":"Polygon","coordinates":[[[52.89601723597426,29.6355116856452],[52.8974410930491,29.63228908369558],[52.90001743616219,29.62836037453603],[52.90862290683744,29.6227916023809],[52.91206653797077,29.62010082503289],[52.91694198765154,29.62123849673473],[52.91835264334588,29.62078961351594],[52.92639186666888,29.61487745938076],[52.93170861022846,29.60966905245929],[52.94664570558633,29.59794099651704],[52.95389720435483,29.59344569894334],[52.96137378716858,29.58766460697696],[52.96618575315061,29.5810888683858],[52.96939666192675,29.57774802210985],[52.9736468869002,29.57576640313414],[52.98087943803931,29.57515201660693],[52.98607568890422,29.57242151060671],[52.99698995572155,29.56976329979212],[52.99938163921271,29.56948323749173],[53.00150782144855,29.57085278021536],[53.0000201755994,29.57324789849419],[52.99827452748286,29.57420578071749],[52.9974877124893,29.57749094655965],[52.99339569132259,29.58152916625],[52.99257536417527,29.58410526704621],[52.99591709032642,29.58682261565297],[53.00711821838222,29.58828000465641],[53.00614547532911,29.58957200806715],[53.00673002362644,29.59191668926891],[53.0046429643948,29.5938569444093],[53.00263945309042,29.59426262667348],[52.99943455679803,29.59712218786896],[52.99522000304568,29.60205347842637],[52.9927807752166,29.6006503052952],[52.99125676878747,29.60258799935241],[52.99285624834998,29.60395388769404],[52.98773009566425,29.60827012743191],[52.9848032318047,29.61382750933417],[52.98245461777168,29.61718825962787],[52.98489895318608,29.6194766568306],[52.98431175571971,29.62249716979279],[52.98580672603664,29.6249838229959],[52.98475117566194,29.62670915218901],[52.9781188133589,29.62742906791625],[52.97481007095967,29.62726943920668],[52.97140846630932,29.62513331953992],[52.96589892885949,29.62887539858024],[52.9678629573877,29.63122370413929],[52.96468057791508,29.63369061508133],[52.96349991362843,29.63557622285441],[52.96485450136321,29.63813375295443],[52.96158162865715,29.63966578231996],[52.95690459232976,29.64003854457974],[52.95173945313949,29.63978354184138],[52.94726691631591,29.63853993710882],[52.94417617493564,29.64189399390245],[52.94506823525238,29.6447796069765],[52.94831347767349,29.64659584224995],[52.94808061422992,29.64851520964729],[52.95138638957003,29.65268934115957],[52.94459459430084,29.65615950462279],[52.94370374805168,29.65805064852279],[52.93144844699769,29.66007761328938],[52.93121668576821,29.66177582575699],[52.92784105930126,29.66415710482288],[52.92395271990596,29.66416823805674],[52.91972813538515,29.66663051287993],[52.91493527417907,29.66749770986735],[52.9074200706862,29.66797468736349],[52.90493654263894,29.66513255325379],[52.90503423422656,29.66337848797593],[52.90024704468043,29.65922567093827],[52.89748158041812,29.66126076269079],[52.89422487705078,29.66152430354006],[52.88591315529104,29.65681538462825],[52.88374642430637,29.65363479081785],[52.88461660405786,29.65112029002974],[52.88846139531991,29.64441418614262],[52.89455066292857,29.63869893814396],[52.89601723597426,29.6355116856452]]]},"properties":{"Name":"منطقه شکار ممن.ع آق جلو","description":null,"timestamp":null,"begin":null,"end":null,"altitudeMode":null,"tessellate":-1,"extrude":0,"visibility":-1,"drawOrder":null,"icon":null}},
{"type":"Feature","geometry":{"type":"Polygon","coordinates":[[[53.77467904585156,29.94198749682941],[53.7750615780936,29.94572122095905],[53.7747811324106,29.94937980632439],[53.77123480357365,29.94849275395128],[53.75853206350208,29.94142734187068],[53.75293516984102,29.93867966968186],[53.74172749772605,29.93512412841429],[53.73660248910257,29.93485087645576],[53.71928859194303,29.9382089277665],[53.70740815440109,29.94173021005289],[53.68650625494775,29.94613936057822],[53.6823005392114,29.94625417312657],[53.67382965762091,29.9475047518011],[53.65970756753114,29.94871195179067],[53.64990587224072,29.9510207088054],[53.64660434334897,29.95130105730713],[53.64350606064538,29.95285955553085],[53.63878180175501,29.95427283201657],[53.6351021741918,29.95391467599253],[53.62864409724719,29.95476569976698],[53.62184916364488,29.95428116750243],[53.61068450627059,29.95395947010583],[53.59859658848511,29.95153524197116],[53.59823103548008,29.94863412107312],[53.59249952228479,29.94593616359973],[53.58352582656085,29.94474706718328],[53.58249742358835,29.94721579535409],[53.57957560854776,29.94915516181464],[53.57606708941989,29.94910843830501],[53.57258375078079,29.94720394803916],[53.56507221656288,29.94180269315045],[53.56141715660363,29.94041019098104],[53.54280699749755,29.93841239821467],[53.53664395224837,29.93699234528138],[53.52309454297713,29.93108021358985],[53.51921069860042,29.92957489570223],[53.51447622178655,29.9268955413755],[53.50568026066348,29.92433316402297],[53.49898801698938,29.92163531851845],[53.49269971075798,29.92058602548742],[53.48641876935335,29.92198115170941],[53.47822273265918,29.92550044457099],[53.4742614736309,29.92607501844986],[53.47015613960442,29.92602823063628],[53.46540143132292,29.9240788115058],[53.46141887371287,29.92375941176386],[53.45619097370185,29.92198610727953],[53.44118432597271,29.92163843235624],[53.43853979760182,29.92085940975769],[53.43570050928636,29.91878131120733],[53.42666744552945,29.91641864679086],[53.41759054659629,29.91557626709242],[53.41137303142873,29.91301558249618],[53.40605995580651,29.90670569065998],[53.40387718926548,29.90487928162038],[53.39748250578982,29.90101927396199],[53.40011836857562,29.89988264583549],[53.40237605741781,29.89668967887478],[53.40448917687231,29.8951528547284],[53.40491366529189,29.89090299795514],[53.4075827327955,29.88279891473061],[53.4109783441438,29.87812016924245],[53.41477957362718,29.87429612164252],[53.41951101294,29.87018272395089],[53.42283309893582,29.86542429266389],[53.42470049724516,29.86371517585481],[53.42830652286131,29.86185286889433],[53.43760954333125,29.85630109129161],[53.45078340026626,29.85070755526005],[53.45447658121253,29.84776949246144],[53.45843933366774,29.8466583069703],[53.45874443611329,29.84248822147578],[53.46128964586541,29.83919403086461],[53.45992774624265,29.83637784208644],[53.45991211477297,29.83430703806742],[53.46444143761959,29.83020806358622],[53.46600389942118,29.82653557864027],[53.46945580365391,29.82306247264139],[53.47330580569808,29.82453946711056],[53.47910520668919,29.82271713408041],[53.48249591721446,29.81864174142098],[53.48746384499462,29.81711768141371],[53.49448088045983,29.81383227464307],[53.5011938359258,29.8092275743323],[53.50832695407463,29.81132461112867],[53.51121931136579,29.81175518293968],[53.51217467244276,29.8106234607143],[53.5160148488352,29.81326283748085],[53.51830094474445,29.81367914674555],[53.52129675182734,29.81630233345144],[53.52828953193858,29.8145205118935],[53.53276992313754,29.81628965078896],[53.53460585075108,29.81777931247085],[53.53734553331469,29.81799262941252],[53.53876470873544,29.81926532566347],[53.54776884113312,29.82223695059123],[53.55414932419522,29.82397117548253],[53.56395308773544,29.82756320937522],[53.57266213722797,29.82954341476935],[53.57860232237822,29.83028782149865],[53.59564985068202,29.83360339544957],[53.60002284168944,29.83416702924444],[53.61129579216046,29.83308364691048],[53.61904497883437,29.8331740055124],[53.62544630254072,29.83028549235801],[53.644027460237,29.82515582695201],[53.64785774288753,29.82277277026734],[53.65698001900746,29.81994595375288],[53.66170008973113,29.81916954135478],[53.67395834556865,29.81916409053767],[53.69345403478696,29.81568943426028],[53.69760804936992,29.81383451101684],[53.70233678193323,29.81246546666252],[53.71499805637883,29.81276675261762],[53.72223013401383,29.81427469894994],[53.72729916433728,29.81705271563599],[53.72945936793512,29.81772509123259],[53.74000089969602,29.81813356409704],[53.74451609954943,29.81898695580082],[53.75247851487882,29.82179745591594],[53.75651416034599,29.8249035436187],[53.76049957964761,29.82458411949024],[53.76616074720167,29.82290334085776],[53.7725895249588,29.82242970731626],[53.79377653961019,29.82559928256664],[53.79901483373965,29.82681526467157],[53.802756944389,29.82957905472582],[53.80817416377739,29.8294853646092],[53.81197821468427,29.82775957461812],[53.82341212498175,29.84749504642187],[53.825578722733,29.85258802442635],[53.82367473114484,29.85815001170938],[53.82097180650382,29.86370855842321],[53.81771396810652,29.86755450965454],[53.81671358014074,29.87262715205223],[53.814677507258,29.87315920677235],[53.81641348381935,29.87592067289148],[53.81554191851558,29.87865431345048],[53.81718779317978,29.88354492399633],[53.81323342998488,29.88671966671041],[53.81154870636463,29.88922482606401],[53.80892542204462,29.89163568089606],[53.8075557718355,29.89537185196279],[53.80642953530354,29.8965767453172],[53.80390556569731,29.89696941814605],[53.80182944070854,29.8984300438711],[53.79208537254819,29.90898688746724],[53.78472941850367,29.91734586660307],[53.78011294941763,29.9265915625255],[53.77817851204158,29.92986957256226],[53.77482877233353,29.93735484884983],[53.77424834392879,29.93913750981895],[53.77421631419337,29.93941505052968],[53.77429305337697,29.93989724553149],[53.77467839831041,29.94198543602237],[53.77467904585156,29.94198749682941]]]},"properties":{"Name":"منطقه شکار ممنوع کوه خم","description":null,"timestamp":null,"begin":null,"end":null,"altitudeMode":null,"tessellate":-1,"extrude":0,"visibility":-1,"drawOrder":null,"icon":null}},
{"type":"Feature","geometry":{"type":"Polygon","coordinates":[[[52.80324109956971,31.07246100305549],[52.83697737025958,31.05283105500192],[52.88112963193925,31.05047137506632],[52.89439747180786,31.03749698192171],[52.91659350901699,31.04259535355566],[52.93252996033978,31.07718186434722],[52.91236215388712,31.13325958739114],[52.91022688953171,31.15105510335028],[52.91649482396566,31.16863293077598],[52.91944416854842,31.18732236139122],[52.90344007635677,31.20384635842968],[52.89563751919356,31.21130037969507],[52.89239453443343,31.22583165298852],[52.88053520088148,31.22760025967007],[52.87764535161035,31.23829773671561],[52.86454089281934,31.24802197157016],[52.8535668314617,31.25061950913228],[52.8414818202119,31.25777082989721],[52.83282381104142,31.26951469363077],[52.81482976281093,31.27973436471712],[52.79148416739262,31.26695258879588],[52.76962947860994,31.25732633664704],[52.74160494518754,31.24766887016784],[52.70776202570259,31.22471329704679],[52.69332113424208,31.18816443487684],[52.70307959962531,31.17257121715084],[52.71247780163147,31.16672064924306],[52.72520268839895,31.16031478029537],[52.74300676393466,31.14048859940682],[52.75725247144489,31.11548656882491],[52.77471847803356,31.09643941516889],[52.80324109956971,31.07246100305549]]]},"properties":{"Name":"منطقه شکار ممنوع شیکوه","description":null,"timestamp":null,"begin":null,"end":null,"altitudeMode":null,"tessellate":-1,"extrude":0,"visibility":-1,"drawOrder":null,"icon":null}}
]}